engine_temp,vibration,oil_pressure,rpm,failure,predicted_failure,failure_probability
93.97371322408986,4.364360476965945,36.60752634756389,1956.9730350623213,0,0,0.4941619883608027
88.89388559063052,4.319878837424219,38.47250268473174,1990.2032288779071,0,0,0.2712368470146489
95.18150830480553,2.3065352410549775,37.01309469477429,2019.2884635762746,0,0,0.2994585408160304
102.1842388512642,4.504864712447844,40.5520902347306,2284.058438493854,0,1,0.6710282857378591
88.12677300221331,6.099243622732617,45.98589265730956,1775.834807453977,0,0,0.22425345235876792
88.12690434440655,3.0886518213848073,36.14478921429398,1746.095902546202,0,0,0.20022457444991887
102.63370252405913,6.5727239765758885,45.00410248884207,2370.9859226428925,1,1,0.7633377116276422
96.13947783322327,5.731662231626507,36.09163963826556,1861.2065774356106,0,1,0.7248455634098699
86.24420491252039,3.898650017043443,35.76186393751558,1621.0893939268801,0,0,0.22531730535578104
94.34048034868772,4.787705543993229,44.09297309171607,1854.461017370039,0,0,0.32491494992436176
86.2926584575003,7.397482711461549,44.60968189003808,1900.9841794267998,0,0,0.3281121177637815
86.27416197143795,6.1003217202587985,44.25704968381327,2466.4888183177295,0,0,0.22540696704465737
91.93569817252828,5.013175482347222,33.421012958909294,2277.447863713021,0,1,0.6023868797318932
74.69375804273761,4.643475024558524,37.670245109639744,2344.256184989673,0,0,0.0629432815527031
76.20065733989574,5.114913605677489,44.114942960016606,2245.9920927040357,0,0,0.043324562991612914
85.50169976607222,4.232354663086545,40.20770920281947,2283.8731014845944,0,0,0.1540566847901333
81.89735103732461,1.8428757414214783,34.63153576901268,1793.5753620259045,0,0,0.06686790394336609
92.51397866076219,8.063266865802095,42.29158969562721,1940.4193533939547,0,1,0.6806021592323551
82.7358073958303,5.232987498799102,36.42596370504265,1703.0254060929353,0,0,0.23336880082991998
78.70157038931767,5.597220897683806,48.97262424196106,1936.8535908388899,0,0,0.04076826394408799
101.72519015137243,4.913138375184637,47.724207312091295,2205.2314972804224,0,0,0.4809315011164087
88.19378959610772,3.897324798913118,43.020487131777834,2040.374985443674,0,0,0.13548565223499948
90.5402256375034,4.721113278576844,46.80503352384887,2393.4442456880884,0,0,0.16789462526314752
78.60201451029235,2.6009078567085333,40.32395675061691,1657.5752623318342,0,0,0.02996908513117383
85.64493820379855,8.415629747079958,43.82718747187508,2150.071505209472,0,0,0.44464581412256593
90.88738071767892,3.148232002366406,47.388601476510374,1625.5091594392045,0,0,0.08298372166654043
80.79205138062157,3.4520505742292307,41.22749340897156,2028.2529407520926,0,0,0.05376231988515139
93.00558414676537,4.339611193420399,38.72406414242858,2222.1000267669438,0,0,0.39645721921731514
85.19489048064956,6.932113587278566,31.476890209114423,1935.6492299527342,1,1,0.6410140231503512
87.66645000165379,5.021763498893981,39.58433237139253,2165.337981226087,0,0,0.2757688348102446
85.18634710216483,3.145796305954306,44.11711592281156,1712.08029955012,0,0,0.058342974588823676
104.8182254760715,6.88150754113601,44.72816713783815,1500.893006541085,1,1,0.8313677836737597
89.89202220209653,6.096500940178222,42.52182532859205,2167.108886746341,0,0,0.37038603340232495
81.5383125683528,5.807652435824679,37.2935045251888,2523.20307022272,0,0,0.24109622563545868
96.5803592968255,6.0736013617562605,30.115892155262046,1701.1865179490323,0,1,0.8736333243795351
80.23325080023181,8.591542850873676,37.523924509976325,2366.6582540320387,0,0,0.47851555214480224
91.67090876003805,8.277642342554168,38.478275644730246,2013.0270226449234,1,1,0.7729295232343824
74.3226390089618,3.969926985495057,38.43535516404993,1599.2925434920771,0,0,0.0387976322030844
79.37451160881255,7.435827489216728,43.092781784889624,1660.5484095943511,0,0,0.1837517040757217
91.57488988695299,5.57475228463835,49.928382055074195,2004.735432008195,0,0,0.18483125614743892
95.90773263996329,5.748643724206624,40.617646009205465,1878.6613136227688,0,1,0.5920259406499373
91.37094624951976,2.4615937525350073,38.91634105421769,1606.1261069725283,0,0,0.17076183782915555
89.07481374089407,4.744421351917706,38.70389093497954,1491.7882156323785,0,0,0.303597019998828
87.59117043528569,3.7807646144951526,40.62192383453857,1745.9842016220482,0,0,0.1534807124774531
78.17182407706058,6.242088222339964,35.85853119825801,2058.1427024993354,0,0,0.21974857457909397
84.24124633284234,6.606620750604208,40.60099279373028,1998.0797742190587,0,0,0.2985327647111225
86.3148898323217,1.888270473475533,42.254061681658996,1849.6286127499766,0,0,0.049365077392713855
98.45697780975132,4.966947703993594,41.04843031787244,2060.566158287445,0,1,0.5808996631443046
92.74894631654769,6.6827922571913785,42.28770967002391,2312.008015958806,0,1,0.5445606344465013
75.89567875709812,4.719981556529833,42.168738046742675,2118.2379531302445,0,0,0.0438690021596406
92.59267175515836,6.093595467503547,31.14051658876778,1963.6073985831258,0,1,0.7812165480307254
86.91934175666947,5.526748201440626,43.18435079197702,2278.421601998207,0,0,0.21663423001136736
84.58462399755233,5.5124903479289395,36.64492577168773,1712.0449093351115,0,0,0.30385133501691086
94.89341031072695,4.593027532897554,34.52080418498021,1932.5241381333944,0,1,0.6161338973950805
98.2479961799676,3.1751287937964356,34.47774086072502,1939.6736193198897,0,1,0.5732138101416091
97.45024095292959,3.317704778862459,42.16770805236265,1628.9140224671464,0,0,0.3218754315347324
83.2862598142189,6.064028771682976,38.88712536387573,1874.0377513146927,0,0,0.26320371768341905
87.52630099319029,5.029187383278325,31.590156080072944,1377.512095731409,1,0,0.4942654393693236
92.65010745122851,4.792231633089163,42.390189075961416,2573.653414298886,0,0,0.3314250143755197
97.80436101697887,4.364164936516471,32.801959346005866,1718.775863469106,0,1,0.7267348223295133
86.16660609723768,4.542216731778872,40.69910679259105,2475.8342394263937,0,0,0.17996547169381483
88.51472818668947,6.570367691732209,41.19249462836527,2011.4253517158477,0,0,0.4140878662963492
81.14932020795177,4.49713387719796,44.42788540847523,2169.459239646788,0,0,0.06111855196090995
80.43034700735464,2.9884029300476467,48.90842393233426,1853.3600604947205,0,0,0.016045515516982568
96.50020657915358,6.11547766331026,33.176618370497295,2062.3789075885024,0,1,0.828988295829147
100.84992022856659,4.692685004202924,39.73763071968475,2195.146891996531,0,1,0.6703618865210305
89.42391902735733,5.047093798299165,38.618323524778916,2199.3657243182547,0,0,0.3581418954861102
98.02826318313619,7.411367459599266,42.16874842980481,2232.4320170223073,0,1,0.7795051440296593
92.89308820038107,4.969159163974239,41.07834385466809,1889.5001869882472,0,0,0.3855097866054807
84.839041963159,5.433775509678088,38.2372687863169,1855.8920982525935,0,0,0.2647222164504001
92.8911648440673,3.2316147630525123,37.795489056945726,1521.7471024197189,0,0,0.29390430781727966
102.30429253172775,4.67049582147356,34.417745724079765,2156.965703353081,1,1,0.8283301447178426
89.71339168712039,5.914289067812902,44.93930791203255,2324.713613397033,0,0,0.2819319803853106
102.51714924651205,2.6669393992381365,42.296020907997644,2484.794503975379,0,0,0.42682371510680295
69.04203916728204,5.301267639673564,44.58884098897569,2091.5517903741525,0,0,0.016613921583344824
96.57522003500179,5.151186608967209,38.44801931762243,1770.0560681274292,0,1,0.6124658194815742
90.69637654590537,5.061931183381159,36.71582265652785,1490.8711570131634,0,0,0.44881283123591575
87.60794119627306,6.555738347987365,34.608424666853864,2312.5000199250053,0,1,0.592163618000037
90.73408621228401,5.501657772272782,41.7945879187033,1461.1170299667392,0,0,0.3447119709940841
74.09944868319286,7.217107847534666,34.801033877358826,1897.81877667687,0,0,0.22020448750416402
88.2426248972999,3.5096157266089456,49.24331534483275,1932.7079516169063,0,0,0.05625183063784143
92.85690057209398,5.203886850827522,33.461787094532795,1979.1634586446942,1,1,0.6472451948155843
101.82315235793213,5.126700179584921,41.36830059606251,2010.7407800107521,0,1,0.6957610791079014
85.85383825381082,3.39611825936738,47.834273536068935,2041.4442669102725,0,0,0.046492062547032226
83.5320511768545,6.434442503137019,42.995448796319046,1275.3910213764411,0,0,0.20027496219690885
85.98594365132371,8.487009958779227,40.878368562458895,2004.396772961038,0,1,0.5551998987906678
97.3232169416166,4.974490888274254,35.15758176519052,1331.1273277664368,0,1,0.7042943527655784
92.63000887727748,5.75753163241065,33.09115405716148,2219.6654219272987,0,1,0.7096036003768547
85.7619183698637,5.126777713722991,43.85025054458793,1833.4624532589164,0,0,0.1485674161443964
94.10613946490685,3.929622995139236,47.53073620387473,1352.888982432995,0,0,0.1640504338658712
90.77662039478432,2.2688595832969756,37.805750047609145,1755.7385967843873,0,0,0.16776224380982116
97.74915992426311,3.941339775356952,34.30469246191824,1828.9773982446038,0,1,0.643996108321626
84.38357524898117,2.912062428572403,27.709152847254906,2357.2098852665013,1,0,0.2929406407289142
87.37870282721785,7.556153117088677,35.096175781687315,2058.9913225250734,0,1,0.6732879288832389
86.86313477494274,4.827335459115141,39.4317157875048,2103.333483305174,0,0,0.24005184057099666
78.29188041494305,4.481121006429244,47.99561620418367,2354.3664902661803,0,0,0.027168737115680512
92.3689622165166,6.333730737181709,43.365668461164844,1971.1567136226531,0,0,0.4514798632821695
92.08844217743912,3.317373345716168,41.525427023533766,2226.256388309721,0,0,0.20198155149590521
90.04090765313968,3.8497039429931714,37.99940169349435,2205.1583341795977,0,0,0.2748373806578414
88.12330293299883,5.102108403872932,37.08417141372022,1614.0591519291763,0,0,0.35772166483747486
78.6770340635967,6.543153487135221,47.02823798753982,2441.895073288949,0,0,0.07975907202204433
86.63483741787712,5.752527567753182,41.00369270379195,1573.9094659787916,0,0,0.27040730282197084
87.25828386778585,5.372487713773824,29.48699654039489,2275.2099948433543,1,1,0.6045357380227202
83.58178184622705,5.117176602854024,36.63230176051378,1544.8780889283103,0,0,0.23845581623457487
88.70971430667193,5.600353783290163,35.708919841141864,2180.371036445502,0,0,0.48464998244917035
93.23240685451631,5.302479357693882,37.26867995411268,2558.574463445052,0,1,0.5651490430653806
105.08948720968424,3.4550415878345966,42.81455330142543,1936.1064030349366,1,1,0.580711847860278
91.39662250265471,5.069118832449727,39.46277559102875,1923.093307144056,0,0,0.3958523939511497
92.06040312578212,3.3894670116233714,39.61567296498169,2183.131999795055,0,0,0.24864763331008125
89.40443267387066,5.121623814351236,46.567365806626185,1901.1810632112372,0,0,0.1710787732399667
74.64983027760766,4.279028087767638,36.517694551066555,2545.4836111228465,0,0,0.06208299854705675
89.78788899640627,8.809072434174292,49.32099762943675,2057.6576748376087,0,0,0.4593487575026386
90.48184167952822,4.940158424372432,36.64346204314457,1903.9491475337823,0,0,0.436682157335225
109.70593689988229,2.893640650607617,40.445990983062856,1837.914341631295,0,1,0.7322390387155204
88.46111228175101,4.798729683984613,38.59398202298617,1720.1154589480939,0,0,0.2969680418267563
92.4123787386689,5.779038118456832,40.617095667504806,1811.6735039727532,0,0,0.47325049736555647
89.72230584235805,7.510045919228785,42.22295997536565,1894.797981902421,0,1,0.529125378671386
80.65057569904374,4.115821400091923,42.16917620044438,1853.708277950426,0,0,0.062225235944915046
99.14258251612017,2.62635803896454,36.2344133468971,1802.547417758869,0,0,0.48391921182497283
96.01546426149419,6.225255517146472,34.385426612762146,2629.652369105732,0,1,0.8094490029145929
96.32825557634438,2.929101941150523,52.515858954528554,1690.971477053153,0,0,0.08418339041619985
82.72490036164209,4.345766837738773,37.58007830199723,2043.9897762938524,0,0,0.15149563571583272
101.22235448748879,4.613569271733509,43.49606219335993,2177.7563029282614,0,1,0.5618294177566162
78.78519149766176,4.895549820049838,31.961793447384018,2189.03239867512,0,0,0.21418885382331665
94.69485675040217,6.033746685611503,38.60193640047662,1982.4178772652583,0,1,0.6447784207688174
107.52364500647982,3.9745485765704185,39.364003080087784,1927.789228445807,0,1,0.7927925197396781
82.07570939895449,4.5894061217498585,42.364075349639165,2135.464247371852,0,0,0.09105549493717442
85.46961816317783,4.978594470575917,26.387729295040305,2079.95649499346,0,1,0.5918847278174848
90.79721092070113,5.224396936278182,40.83070306539165,1922.312349569746,0,0,0.3524543727151986
85.9721947670704,5.146740762061884,34.25129272316053,1531.4364284826706,0,0,0.3745725126668374
77.59469255147094,5.65400866283387,41.62172855597462,1859.6228833000257,0,0,0.08613963021483877
90.54850379844822,6.265759264462606,34.818354015809184,1656.0349508877625,0,1,0.6410481218978016
81.50157029019115,5.588951173476452,35.72258652037209,1799.8521349801022,0,0,0.24927767385567587
93.78873944508145,5.680378285263828,38.63186194803366,2009.9669715550879,0,1,0.5755690511851461
82.64460612612957,2.6266652498802836,34.73835265198402,2107.620843198985,0,0,0.10317357309471395
102.39947524014032,5.07534154874852,37.622327766323224,2534.135825387722,0,1,0.8011526886624111
83.7339736613101,5.719261322002413,34.033121157283425,1838.7780863288558,0,0,0.37434180535138223
87.4235078703546,6.093411791855676,30.834147741506364,2232.387690582545,0,1,0.6471115182972235
96.50813773895736,3.961473838649309,45.0897852621468,2091.788007331351,0,0,0.2851664996010066
80.15308546852836,4.011441087667032,33.51975653588036,2388.799301191937,0,0,0.15450755343065506
91.81967947683303,4.138848987074603,39.106595561960084,2172.8686158786877,0,0,0.3251035458006428
100.45714203425942,5.804620849837015,43.76445540746892,1697.455571814105,0,1,0.6511586656473664
77.14013412351018,6.5508215823863125,36.925279487419786,1483.0861912126306,0,0,0.19109424502808217
91.47707086825844,4.388809839062597,35.87417050127231,2093.3785099002516,0,0,0.4355177039978966
92.07906235398738,6.361943470440574,41.131190443337104,1841.4647006298828,0,1,0.5129568958570777
96.25458297421848,5.185219713746891,45.58966911363576,1705.9058762148209,0,0,0.3823172951997941
80.10439431297534,4.813571334256346,34.153423674567655,1619.7266886400766,0,0,0.18712607165719075
79.43634709532579,4.682923655273046,39.24926083991281,2048.2926492761467,0,0,0.09633738333583415
94.17553252493518,6.119917046903236,31.33752702516336,2452.3123097940097,0,1,0.8196990616927626
92.3758773858655,5.488366725180605,38.033994981589046,1877.3982962881876,0,1,0.5212879353412849
92.00394280276701,8.413738141471455,40.171023422690375,2177.0810933225966,0,1,0.7560293550797271
92.7715856759758,3.721663035504014,35.72687679122467,1969.3200949347222,0,0,0.4072291232482741
84.55980222737207,5.777152553044964,37.715040830873846,1613.1853732689822,0,0,0.2988824089526871
91.85802957728802,4.206198485282731,32.95886615846275,2220.443403053125,0,1,0.5218138113348906
92.34457978638945,3.6960695195170343,40.38539305690747,1671.5923867917886,0,0,0.2579525313760384
84.28518865578906,4.983699294447542,45.27847124441575,2006.4879891780695,0,0,0.10087459227290471
104.92619608915805,5.206028719110554,34.51428065114768,1897.5438754984084,1,1,0.8963932846146624
93.7906633672943,9.377260332590138,36.88664116723808,2267.9232303697077,0,1,0.9043800074075729
80.46957202237881,4.723781276475197,42.51273123227091,1682.554702258794,0,0,0.07495913159966
95.25242886907064,3.3047319057729747,46.060453596613684,2117.260972340588,0,0,0.179688054289515
82.20254663818143,5.409516076241578,32.534050938955346,1748.0607777953896,0,0,0.33469967972734144
96.29667682993961,1.8880399436804476,39.156076312920256,1846.6684363013644,0,0,0.23693012815089112
99.26876463205923,4.862064826093601,41.415654111597625,909.4399317379693,0,1,0.5665377330359933
83.43454145318631,5.024037923442741,39.489718046855764,2627.6295714853727,0,0,0.18042537536463144
97.70700903395458,6.191900574417817,27.616039665614565,2165.1670798478694,0,1,0.9236675480502143
93.30224741549199,6.46043337414177,42.50545004654386,1769.7957542185507,0,1,0.5223832916549835
96.57648127995591,4.244645571638424,47.59668175545322,1662.6032935001017,0,0,0.24506619547146094
105.17434386123158,4.7740789780551,40.58330875584752,1851.3053741361978,0,1,0.772442746557666
88.03689507197704,3.8508187540839938,34.84446973352868,2215.0638604458354,0,0,0.29941500584032266
83.97011068514009,3.307906167788459,37.434363768178585,1432.3745223245223,0,0,0.11407872506638954
82.88388456299582,5.464842169070952,48.84956533827797,1957.5246742116985,0,0,0.06804308312681444
83.47351772027649,3.089621677105101,44.549812704302795,2531.192561738802,0,0,0.045370873863253676
89.38318632468717,4.378059649142205,43.20013309192164,1659.8160992096587,0,0,0.18039035244750318
92.72921579853315,3.507239060151144,41.78206291767188,2024.1155116290965,0,0,0.22393217505799334
92.21352639464016,5.824524779435389,36.69431443904514,2660.9929445773273,0,1,0.6081923228867625
96.61746599228819,7.7021451488997315,38.99714409672116,2189.645488907232,0,1,0.8317339034936765
90.10401513502326,3.0476180257950034,39.61038632160742,2037.7771461456366,0,0,0.17563527581923052
101.62827261725853,2.2204722756536466,42.74787158032222,2151.990936472701,1,0,0.330808634640001
87.88274533409636,4.8126696719748985,47.54459447133452,1879.7403994970894,0,0,0.11320570297219941
111.76135333271695,5.0235466939366376,45.59169068396564,2389.889385591032,0,1,0.8403744834792838
95.00533878212005,5.327988960135946,32.9030782210198,1880.2009931299365,0,1,0.7366784345105735
83.14273954866974,4.330519227148483,41.11997484450524,1412.2455173792068,0,0,0.10320979253279633
81.4328600155111,4.699041051761852,43.683816725839485,1882.609068817862,0,0,0.07417302509727909
93.85977932194548,5.5512656158109035,43.094301650723175,1709.979641036989,0,0,0.41825056559718854
88.2122977173932,6.560646338967258,36.8538311830629,1915.6417963407712,0,1,0.537135339499262
95.71200395273674,2.0674268445225756,54.57054607884181,1922.2747822758108,0,0,0.04250755806336215
93.78590099658835,4.446590841452807,33.614577188344406,2359.226959941472,0,1,0.5972844366533003
89.41736869874502,5.3207131909115954,34.58405776666975,2208.5878179993156,0,1,0.513242870128808
83.22565025545276,3.623035843083896,41.16797540630788,2078.979646272619,0,0,0.0803425034222577
77.88122220251309,7.59675444765095,50.584015274819265,1999.1163766002214,0,0,0.07234159096266815
86.42788038346383,4.046885179656894,35.81902574647915,1682.3425973426017,0,0,0.24157872359581647
96.85119035458777,4.938060969489076,38.67085817176504,1345.6474287002968,0,1,0.5845075474721606
91.71274995304164,5.834033145263437,45.386468365078464,2033.948003417835,0,0,0.3168392623151212
80.03408977030409,4.113072816797159,39.910689225561335,2238.3923610720976,0,0,0.07666737412322387
91.38544740680946,2.2301404282933746,38.32698072734852,1967.4998350266233,0,0,0.1699537738240716
93.0825390378307,4.3570182096252,42.8281645094336,1839.54370316399,0,0,0.279555292803057
82.92914051039094,6.544160833890561,41.36258995114797,2139.3506495642637,0,0,0.2398439834935898
91.22980084756422,4.494657309822292,45.152193928183955,1975.000339812696,0,0,0.19349195731381566
90.465669747568,3.7303485478115324,46.45734444532682,2505.7232575921885,0,0,0.11752404959896265
80.85623761735502,6.388508314254082,41.53501530002681,2369.8185026204856,0,0,0.1792279385598708
92.86229888278626,4.503837655965421,41.45866362689154,2287.852417106999,0,0,0.3304161852189893
94.48627621094587,4.234758779524674,41.07055491143067,2227.320234262971,0,0,0.363996419147812
98.66440994540221,5.224184134494965,42.44565278324644,1612.9497756645628,0,1,0.5663710339920991
98.43041641627923,6.156125314428181,40.27585318935732,2198.89811061578,1,1,0.7266890668018305
78.97864505634327,8.57257029759882,39.996957588388554,2112.8977872939727,0,0,0.3542629279244593
82.49739968067902,6.240854161486134,45.98313560413621,2181.927418517349,0,0,0.12612363908418375
94.12028213766928,6.739759949582517,47.580580901775214,2147.782846043916,0,0,0.4294370337836694
94.11028760729766,4.241050701518217,32.4622352768329,2135.8287763544195,0,1,0.6167169034100736
94.12038149044838,3.4611978410457853,40.05010575870285,2810.2599408648784,0,0,0.3105920251494082
120.82185192523777,5.093497024428684,36.556527832773824,1977.1442990144242,0,1,0.9833189019298609
94.56712408554533,5.160754872889394,38.44514266756964,2280.901214248799,0,1,0.5537682798377047
99.08452512144478,3.3822308879531042,42.01258104867661,1858.703056920799,0,0,0.3889605804862469
97.63201410794562,4.737058205143981,43.34719185771234,2237.1924751663014,0,0,0.45661932578745296
95.21113001044638,5.598976402578696,39.439367781943275,2281.7959670697364,0,1,0.5944000412098714
87.47784604287723,5.54059009252712,30.433298326385987,2109.3278231406043,1,1,0.5990838806773792
96.07175376394613,5.756431780076409,35.1747720971191,2500.77408271295,0,1,0.7557772115273682
83.81739828369942,5.436447095206164,44.48249835100083,1734.7171890918748,0,0,0.12326311058842655
88.10545114607993,4.2394870110949165,26.297867889825344,1853.8337174995333,0,1,0.5977399551512493
86.11709161736717,4.229149060026735,45.93713575841,2063.7140258070467,0,0,0.08639188817571156
90.65499311509058,3.201572903009186,42.606149953222705,2264.2420560452665,0,0,0.14652765642185073
108.51726853338806,7.677162558777642,46.58088040765011,2053.82885638848,0,1,0.907397811597982
75.06187845926601,5.0201755469289395,39.007154065595195,2385.7277109531697,0,0,0.06649467999543092
95.4900815229961,4.662720416307722,29.692972879885474,1801.4930387101042,1,1,0.7669209059169779
77.09827303048279,3.606811877821312,42.15181320753249,1657.8264531534337,0,0,0.030611204688739315
86.22454507368454,9.403486853491668,46.3732656201917,2092.4385009609514,0,0,0.496971131948667
98.71160477573893,3.3900079516656567,44.623609027567106,1976.845917165891,1,0,0.3051699157384647
90.5142401527637,4.35672811159089,36.686542582559824,2162.859116107466,0,0,0.375895167786871
81.37804177656555,5.62375525442909,40.433805377313234,1991.779312740049,0,0,0.15615863200110408
84.27757032592025,5.9003194486164166,37.33581865610038,1897.994062812963,0,0,0.3168731470553293
95.4367819914774,6.436898082823526,35.90366767905314,1977.518728482883,0,1,0.7732841915994628
84.1570669462629,7.711412761653895,44.77694285589926,2008.6546684379555,0,0,0.2921922450238172
91.7316687166558,5.759236483191069,34.01233844367419,1908.5056100455008,0,1,0.6527216104296909
90.3645747192305,3.4159538000499987,35.530917847091935,1939.0603861029715,0,0,0.3035804733991566
84.78719721915347,4.614582312317328,34.479871832638075,1878.921998903927,0,0,0.2830817795840918
107.1515527146026,5.461748558770827,32.548762383504766,2256.999535960822,0,1,0.9458300453383081
95.07135217854409,8.102339062258736,40.73207145921302,2058.20630135174,0,1,0.7921035501675713
73.79885930673915,2.9032917823635547,45.80751524240988,2677.02574165063,0,0,0.009610693840974035
91.49163451815542,6.803864757837841,39.075616218773675,2048.2113653835386,0,1,0.6100230578559039
84.70570828185289,5.269871554319625,32.471260997179165,1834.7427589014014,0,0,0.40434920784347167
96.81946667836979,6.256745802844221,44.19972269871014,2801.2026124589192,1,1,0.5848653820429832
83.65983409253839,4.847007925046102,48.42850877017486,2124.0879133143007,0,0,0.06129433400501982
89.0821084682648,3.7363510548105103,36.76878837926703,2297.037436067845,0,0,0.2699941729475989
94.03989823184365,6.126309169101998,37.60722866641141,2177.6308949607474,0,1,0.6651282543396255
96.92604155336097,5.981646540658431,42.57830315041697,2186.9033087893245,0,1,0.5974331416862821
80.3976287435538,6.458085448609583,48.109368738925255,2160.6962154057424,0,0,0.08318200600929845
87.32399011327242,4.980043046932047,37.40082927137387,1669.3746305671805,0,0,0.31223212409527407
86.20043751071235,4.100266965020226,33.337751095008976,2110.258714268424,0,0,0.30823101211597315
84.7733661394103,2.6618195074642377,43.15709303136203,1602.5416088449283,0,0,0.04983174918921755
104.12363392224877,6.2290599022091095,43.9953403657115,1947.6911490762398,0,1,0.7892350309570975
93.23985368768764,5.635834223665979,40.030657252176134,1782.3147630310139,0,1,0.50372995266058
79.91292836531964,3.551326050704061,37.209333701712744,2107.2410557546173,0,0,0.08081939464453543
97.34289557643821,4.192139490055064,44.97189365496023,2100.2378742014703,0,0,0.33617290212103923
106.97724957610106,4.299861782072839,42.64018002273982,2144.343767229556,0,1,0.7340425593255684
98.25972208440918,2.7755233520263727,36.157822415482535,2086.188971824726,0,0,0.4774326772326588
77.8450402723679,3.7734764050922993,40.245473656528354,1817.9523974640804,0,0,0.0464440052063174
86.12612741707,3.2992544647904687,33.24146233987677,1921.6989531944962,0,0,0.233535233413251
100.13528919349298,4.381281482168095,43.4294522821896,2276.1188483763453,0,1,0.5011263612334108
84.33864427504976,3.891953752505656,38.68883215308572,2320.35700318832,0,0,0.13847388982742986
93.55055542516983,2.5594926186998768,37.821445838076315,1655.9650704120352,0,0,0.2519484295901608
96.19707242743469,8.033885345854223,39.835627574237826,1540.7217102462062,0,1,0.8237883172415956
82.58455622737533,6.878811096543846,40.20153849665124,1781.9331850385863,0,0,0.28401699909805983
89.5237971515056,3.8314708677200215,44.4746503078278,2313.562274609675,0,0,0.13432556902861756
64.06986127944742,5.4086320949804145,42.95545265662611,2364.4652090549102,0,0,0.01096738671709349
81.80489886932568,5.626197634731943,39.217953606035984,1722.5864358796484,0,0,0.1838501663923191
87.97945478885472,6.786628782160215,43.81834074859498,2092.1928061209014,1,0,0.3431628808559747
80.01773454428121,3.772092460009882,42.00368626845807,2550.329399942026,0,0,0.05255750504202028
103.05929043145308,6.638160175973639,37.86700181856982,2124.5934431721003,1,1,0.8954372049527272
78.55886897631494,4.178142043689597,39.37640920881757,2426.450985569928,0,0,0.0701340046988693
86.47964410642413,2.99620639374708,39.258885555784396,2299.6179710249294,0,0,0.11765285296167372
91.04592461828874,6.086204838971746,42.52630671587101,1726.9403881316268,0,0,0.4003357332626604
101.53018631252893,6.936137636183642,38.164886926391794,1943.0055729508765,0,1,0.8829837757665059
78.51310279056449,8.881863460296028,38.04795406789184,2010.4263434875543,0,0,0.4296801258061332
99.30531001723968,3.20041210236468,49.84378654716979,2031.240016406402,0,0,0.1847982086952706
90.0818644881567,6.048379527621183,44.69867740873552,2274.8986860315713,0,0,0.31121448408736563
82.14793079161639,4.3852981343097,36.1969966778743,2122.6054286826225,0,0,0.16727395788472313
93.69682779410617,6.175038065786047,42.854704969710994,1119.1397168665653,0,0,0.4813255498535201
91.59247756458777,2.794265673153124,40.591750328275886,1606.1479180721822,0,0,0.1668684169511567
85.19826498272964,3.1058453364521537,41.95775587630047,1343.7857255071872,0,0,0.07245829730825878
90.55841667992016,3.8361877652502745,40.686706622825525,2052.6095721966003,0,0,0.22193161140124815
86.91749122510592,5.118446068502127,45.94821322742618,2072.146294840328,0,0,0.13734428875861274
90.90813876200998,4.038378100192467,41.72810172325723,2084.9674875832156,0,0,0.2240935422653345
95.29704539616837,5.98858151587013,39.68955650892856,1712.3215196856152,0,1,0.6233419992741464
102.68813452916282,6.540341927386871,45.21095288491509,2202.243201535997,0,1,0.7551403575818977
80.0974760093852,5.899366311868034,41.16642520543936,2214.8787489405586,0,0,0.13980119345461256
107.06426699725013,7.428181459491302,40.60739289664529,1623.4552798384527,1,1,0.9365136360506654
74.38329760381998,5.623739944183015,41.570113012430575,1560.1885395653383,0,0,0.05527524052532194
88.78571923971533,3.1746549344897494,39.53195488316817,1999.9604941319187,0,0,0.15913055038318197
94.70653765187662,7.04506477030751,40.04613496497734,2537.5346820840077,1,1,0.7147252486037005
92.24793494188026,4.092265646591004,37.06652705619064,2509.922822659593,0,0,0.39865587482685055
85.01840384143524,6.365627749528355,36.244163901880604,2169.021308134416,0,0,0.4271036177746492
88.3350219971418,7.360601324832659,35.0071480675878,1781.0009985259771,0,1,0.681206430326307
86.05599252272934,5.685032016095599,33.040083566014616,2266.0527978465757,0,0,0.4874778524702117
85.2850819444463,2.7557617802530254,35.60141319307722,1864.2727205572876,0,0,0.13480110936276732
96.7968167761682,3.6226817502353126,39.128664827665375,1769.7478889978568,0,0,0.4250930592102941
92.85612388772037,6.984116700327704,40.515587912228185,1356.8099505134019,0,1,0.6207138955693486
84.45672323791477,4.7463159715357754,38.643517184261796,2030.714659504296,0,0,0.19286092364700994
97.19679900346601,5.119360302413249,28.22148254936321,1811.0397952587875,0,1,0.8614180381459099
92.45839616701288,6.138236624245414,47.87293178881171,2028.9291138585513,0,0,0.30177227435157683
96.50289695071169,6.044484293120485,45.43240061445191,1310.1926911288815,0,0,0.48607426974216694
95.0370307353889,5.418199718578191,42.228799256085644,2050.948001775106,0,0,0.4764967399033449
83.36803991262342,4.686997443169301,49.53745336276634,1270.6636508085116,0,0,0.045599544633897725
85.51855167842425,4.530997331401464,35.113179412581445,2326.382075980566,0,0,0.28588281721674563
95.9783488409861,6.286848237937015,49.438125603130025,2156.567370240525,0,0,0.3852216729121578
94.88296212346772,5.83035429660169,35.173929616247264,1916.4005685726236,0,1,0.7227586855949955
89.83278724828682,4.614049999073315,41.19368962645678,2168.815958024624,0,0,0.25849072556524527
90.93861906647025,6.623168469489711,33.63081337432898,1706.5777212009343,0,1,0.7217018111778339
100.2213191663074,4.806448827305324,40.073470477721834,2021.7126546844677,0,1,0.6502470565296943
85.26742888931336,3.72250673849841,41.93083248999194,2238.4322115381005,0,0,0.1004685810794112
94.37677904936031,3.8615439516449825,39.22654834432723,1071.7132252725833,0,0,0.3566879697453924
88.38245878052885,3.531888745535351,43.569387220450686,1865.832692096743,0,0,0.11139766326045365
88.25855037418224,4.591384975094469,40.49507224743628,1993.2067609590877,0,0,0.23007066226272652
98.79021481589751,6.85058641750429,37.38792635811245,1941.11191467627,0,1,0.8450700240068053
96.60333079190424,3.792357228454237,37.1659334109883,2437.1305478682216,0,1,0.5106417481363503
96.50807708800511,5.282713641527154,44.05456886307848,1662.8296625231346,0,0,0.4482040136130938
100.44383045723464,4.0149659815588805,36.73128985096516,1813.6522269664313,1,1,0.6671918402570491
90.16803073306207,4.609536438092844,44.57701485242468,1425.2392921074656,0,0,0.18432931591346302
95.45562377035971,2.7349381820221215,46.11355896415965,2453.0859953819436,0,0,0.1497270027199015
87.51786594725235,4.669192656265194,31.65643068826935,1926.11295721736,0,0,0.45971607967861905
92.59333081990754,4.709441930292557,45.664631936505174,1868.477333588988,0,0,0.2297436708511357
88.95885556505853,5.810431916053543,50.3021134922235,1984.2551953067857,0,0,0.14307103516973527
90.77596771994175,5.334921369883056,41.26001880600964,2190.870748529097,0,0,0.3551298718068724
94.76125620349531,3.202411812571932,42.99542092647411,2104.209021054837,0,0,0.22317292620706358
83.45423453413223,6.626297366065314,45.18502662184579,2794.365264067126,0,0,0.18513531961921137
106.73909820548369,5.315454560332993,38.62258842410489,2136.180766521132,0,1,0.8763069222184504
81.95186094800238,5.29759027576623,40.91140111768935,1860.4263712492757,0,0,0.13866545000970634
80.28649109769815,4.986226469922292,33.429002351884456,1831.5929787428158,0,0,0.2213534387706861
99.26488698800054,4.22336382916667,40.69317514265226,1882.1723142749572,0,1,0.5323967569167669
96.33330155170349,5.326703509623089,42.490559978222706,1549.4489226110486,0,0,0.49455431347361667
94.99295853641723,5.713382653892873,42.580815114632344,2011.9592622474759,0,0,0.4971523994709544
95.02676407411424,2.379656462981668,45.3271236179879,2235.040431862675,0,0,0.13289336682983896
89.90202581722468,4.191858743980856,36.125989109322354,1815.9909198130292,0,0,0.3495449865229938
82.82196502811335,4.617579544394616,37.33696621663252,1757.7859831147666,0,0,0.17185083060279763
90.6064364655498,5.384255908541418,49.477536729956775,2454.7835438882703,0,0,0.1652219079111829
84.58270630790311,6.789966508890689,39.24835813118145,1572.0550530136504,0,0,0.3590475863958244
97.800957867342,3.8423887781048265,41.00016893656164,1379.6544870568096,0,0,0.4198721631273729
88.82354094798289,4.253057229773237,39.66494979137389,1654.129416905785,0,0,0.2310230396586488
83.39602242565991,4.231198834030175,35.89159586847489,1537.870184862711,0,0,0.18210037565722026
87.42891326677605,3.7977086148431876,48.11764605445903,2115.8678192313746,0,0,0.06621818054535979
93.30345163420499,4.4792202573316064,37.36149294039697,1891.788649865128,0,0,0.45908934662712825
85.4902035775682,6.156203329981957,34.36357238146535,1934.093886492848,0,0,0.4745289234027715
83.42223683546855,3.4192467569534815,37.74629861348624,2345.8802530924318,0,0,0.11374272703025534
91.94949769193529,5.641721592729355,29.991469991372334,1792.599541651167,0,1,0.7518423257639185
91.95973256886978,2.4471466549724967,36.74356267508409,2232.526823523692,0,0,0.23373361886280894
85.94445459703095,4.157993005336691,35.15935701073837,2453.396839760961,0,0,0.26403987079729546
86.23169355505341,4.505766049673021,43.08714315463662,1863.3012505959018,0,0,0.13380114117955316
91.8563994988611,7.512289509371097,36.63292880220064,2221.106856666894,0,1,0.7587307093736259
78.4153252680214,4.587796542870968,44.439019677894244,1927.454626241306,0,0,0.043509635925131095
78.74028980498755,1.6981347898236225,46.992419965346606,2277.2294386522367,0,0,0.00922853338738605
84.2524462299805,2.0016666397081253,43.905876681437995,1528.5532437271181,0,0,0.0315276337401191
88.29242278630522,5.051044379520022,38.92305855569962,1506.346326462396,0,0,0.30467407188237877
92.48726052478403,5.920656283684863,40.705572483527966,1882.6196855277378,0,0,0.49055580104942476
101.80284973559641,5.563183786440879,32.3750752992797,1733.3225572820688,1,1,0.8952109720344218
96.86127698561616,5.251355158701485,39.331103137393804,1844.9872671710343,0,1,0.6075784468700103
88.72049176029259,6.7433893962585,35.697807659665834,1934.1420252658581,0,1,0.6110423493066789
89.84787033677848,4.190613168894303,43.47163190574649,2216.0040595508754,0,0,0.1777005589862076
81.97976508289753,6.342365834040238,52.86376194622237,1877.7018264302196,0,0,0.05454323088542767
89.85189491206089,2.551977672460374,42.49910817986905,1752.8416068130741,0,0,0.10022730544274798
87.6907308886389,3.6425782505929005,30.04429925522667,1894.5459869723304,0,0,0.3992718829921268
92.58174848270471,2.2894379076022755,38.19384903542814,1769.2564160580146,0,0,0.19976665133964758
83.38215245158142,4.587732048995312,40.61245462687227,1719.7983493811857,0,0,0.12729549781558863
94.15477211392938,4.930608174100486,40.43678712630132,1516.0949559269093,0,0,0.4374762767616533
102.26191130402063,5.17115223833978,36.34593437195623,2020.8434348663236,0,1,0.8242520912311199
89.12991881234514,5.092825029330703,41.22645871318468,1829.388288020884,0,0,0.27717639608115396
93.21369377679153,3.608670003782408,33.78749581540306,2289.8836217704015,0,0,0.47536831135991886
95.5211519336889,4.714638733380177,35.27545638657467,1565.781172382318,0,1,0.6217156016317378
86.79023622491331,2.753829997091377,43.228988208018556,1837.3749334856363,0,0,0.0680709087664066
91.79273985448333,7.044843462698376,34.92168384560087,2543.8721661976247,1,1,0.761281931420551
90.10073920625436,4.544560890652998,42.69105802746129,1718.1171448706452,0,0,0.21956126257921005
90.78140878839065,4.266670821434463,33.15268112671971,1929.0400243711629,1,0,0.4801128491201351
83.81592172915627,7.383410492666124,48.82412941895868,1635.2468051523895,0,0,0.16506162525923168
90.19608139407154,3.1366301996761563,36.128650387979725,1595.4717461657056,0,0,0.25324312348635447
93.9839863299636,3.3116193289520464,38.88166714098278,2464.1932949263037,0,0,0.31847811887462474
101.60914886236033,3.355669512697152,41.65306630545203,2051.3118477911444,1,0,0.48694053450699226
97.67416660868166,4.898192927450777,37.17325023749453,2040.103651471287,0,1,0.6624806037212849
107.22545966009245,5.647447444456396,40.717029805356525,1491.1051294651334,0,1,0.866509432533535
83.8612194968956,6.109513202176751,42.87678362260063,2107.622416432491,0,0,0.19509604126308594
96.97856509376543,8.857992976242453,44.803066162517425,2347.2265837981477,0,1,0.8110603778804233
91.46673604590681,1.6258513186988544,43.957487179864785,2344.8431182485588,0,0,0.07307897498026152
107.51842346574138,5.913103383686625,39.14094768098663,2200.4999688818484,0,1,0.9072991812889277
83.53361371715879,4.1643041411416535,39.26684112978199,1661.1543267213788,0,0,0.1264555633856405
83.2822252625538,4.12037727666684,51.745542790125164,2093.9370251578976,0,0,0.02823961090188306
85.20485883644783,4.070341807619183,44.74944534124646,2200.2754881429823,0,0,0.08318780549347565
73.00883420552154,3.63684549378804,35.39088171839893,1461.6669244733296,0,0,0.040269449098235606
85.79395982655392,7.526787251905178,40.49994081882776,1663.6161225554647,0,0,0.44454850746244734
83.92693870757041,6.263445990520854,38.324284306109035,2266.4471965230323,0,0,0.3207791431697641
91.20315029180966,5.0347939678360625,39.323328830384455,2262.8137330015784,0,0,0.3952859701321559
92.73404780621728,7.026523628730501,33.85252421145956,1535.4250899135823,0,1,0.7941971618083767
105.00936671372709,2.7312065520516864,37.94038382807023,2238.5064377807516,0,1,0.6498053331868893
97.60339070548841,3.003942303003611,49.05777886596957,2028.5910197460853,0,0,0.15270842354988312
85.38477075470078,1.7330484017079684,42.89538150437752,2234.3026863821456,0,0,0.03861151100583217
82.81268262921314,3.950878189815069,27.5441929592427,1809.6436029698175,0,0,0.345664029652556
93.93535337205205,5.242547790057129,46.083617462489734,2193.5550489442708,0,0,0.3084302366946623
79.43813434383486,5.1542878668985015,45.4481476145458,2253.1486323456875,0,0,0.05776215338644018
104.65167012683483,5.2240128665898204,38.203573478467916,1894.5995193632864,0,1,0.8403057428808085
99.4355209657703,2.8834147534008774,43.58631771891608,2005.3257638519858,0,0,0.30538616162558363
86.24659478316237,6.2047321139210325,35.703003945914,1805.4435111486039,0,0,0.4620785905314661
76.29492376727298,5.3594412773584965,37.64872141866822,2495.491684605764,0,0,0.10587013730144122
100.8309789933233,6.099581422198998,47.49273180334927,1963.9184182022702,0,1,0.5886577386339485
89.08368123797905,2.1608567336149225,38.641349800651454,1723.3927024468453,0,0,0.11960951820911334
99.90253049578769,5.467236288196685,30.651341690225046,1785.252225837575,0,1,0.8866227169710232
77.24457872964507,3.2183521401237094,39.68348388609331,2038.031180342634,0,0,0.0364092040646064
85.20499981636982,4.404015121172957,39.60705803542822,2225.9993515334636,0,0,0.1689058587314878
90.04194959774547,5.801547347954575,45.9918428468673,1599.2519464548434,0,0,0.24546595387395992
90.37584475011793,5.13664040938387,40.0716821108788,2554.2980008827344,0,0,0.36145562861045993
86.39947622816605,3.7226900303310217,37.89208844279854,2092.602588216685,0,0,0.17767242537357283
94.98279945878,5.009409734276628,45.22528072615603,2139.9367918908238,0,0,0.33999005336478816
81.45903656493924,2.702697027134535,40.60395116250555,1970.843136852969,0,0,0.04543843998752871
88.86096411982965,6.725401093847444,36.249886592171414,2005.7776902053376,0,1,0.59820792488883
90.9623650536952,4.692073970755623,45.77498780270809,1955.5150586217792,0,0,0.18937882872242348
94.11551067247,6.677824916382988,40.968308822584,2305.338790710788,0,1,0.6304537209797796
95.69291902471112,4.210202469355935,40.01462983339719,1997.6214237639888,1,0,0.42987148954163007
81.00286326529705,4.214636017390125,40.88954195705827,2230.115065547813,0,0,0.08086718485113921
77.72708663411503,3.8537198200432305,34.64665814291702,1869.8457429942284,0,0,0.09201006092341499
100.22141457518808,6.314260897539613,37.36173111910831,2058.692158493695,0,1,0.8403371032439082
92.65851209583673,3.935853264007286,40.01791300916392,1758.8238967281736,0,0,0.2994690642869317
84.01210770754757,5.9668931486227645,39.0266815248766,2364.958469764861,0,0,0.27743558298352083
102.40921580418018,4.426321403496065,46.362141914082976,1749.8758277842653,0,0,0.4842002980969934
90.92539707434287,2.0360550501625703,41.08702926363502,1902.506166721602,0,0,0.10973229016563474
99.43437747251062,4.144528898320301,44.274519613182015,1905.5118762635766,0,0,0.41712881370146776
90.54014785128088,3.231337678455728,40.04697677287925,1893.8145836978695,0,0,0.1876324008260166
106.4859833990559,5.050854085523507,45.28144241873061,2216.748730832881,0,1,0.7237557322086563
104.04272673954563,3.214388396488265,41.98763878286577,1905.002670579007,0,1,0.542624430052317
88.00828681216741,6.388962651071925,40.0671024269423,2418.177359162322,0,0,0.4178207803933019
97.77256760763484,4.863386209470459,39.9335845552049,1754.4574741609495,0,1,0.5752954729634703
95.16300759668118,4.733606007861892,35.22780686854519,2050.813240982812,0,1,0.6210839666423958
100.94905246025878,5.983838206681374,42.534578600681556,1767.26420320622,0,1,0.7182737517231069
82.28061231535916,6.445860401113793,39.79897632731811,2126.29183475944,0,0,0.2511400383400619
95.48841167998751,4.969851872345522,37.490040199093976,1995.215081906969,0,1,0.5886720611051821
98.46739589479671,3.843199550676064,45.53230885406036,1953.4813865904564,0,0,0.3176277147775372
75.93008410861509,2.339045575831806,33.748919870525995,2356.542489951057,0,0,0.0434217093476522
80.5339318986738,3.97092536444723,37.88752052283783,1803.697438683469,0,0,0.09472333056853803
73.6861425779192,4.0741816300280576,45.138593743897665,2175.9545472854,0,0,0.016949167364805284
87.84474532444354,5.160586179488445,41.57761470460127,1769.3120261975623,0,0,0.23947242616638947
95.7403380463677,4.48227967829296,39.760705361736214,2033.805560048112,0,0,0.4710878182009108
102.01885641676823,6.031899458077142,41.25501771575073,1641.3274015329664,0,1,0.7792346227242127
90.5927582433582,4.080525093093966,40.89707085524421,1801.244856107978,0,0,0.2349475405094498
103.02892436457033,4.914438249720587,32.41668726857039,1975.3570863281404,0,1,0.8837766035946136
78.95918833428087,6.7759811647953345,38.253690573260194,2544.3947501969233,0,0,0.23480891145197985
76.37294048515876,5.51273782093245,48.08260827256875,2030.2411611379323,0,0,0.032170286637992734
89.55561840882704,4.909943687467154,36.70337932611416,2496.400494760012,0,0,0.40954422798910795
93.07252359151445,4.097083337097234,38.40849492947833,2066.0969875072756,0,0,0.37913683989909014
89.73844201524726,4.050152904927534,37.291896183454064,1883.8747266575183,0,0,0.29896490557318295
73.46046319968099,3.7240801205720784,39.564923883409314,2461.806956780208,0,0,0.02850769008462528
89.28703968389769,4.188489701325651,37.08438584337851,2131.1052866220257,0,0,0.30816224952679694
79.56424399596118,6.133498758116472,42.4337075107903,1807.183521835186,0,0,0.12222940213047709
95.3573803906403,4.667167593061597,40.98656706145133,2141.171437820089,0,0,0.4422392405395318
92.93278596877478,2.9753403959281535,43.86773807553509,1912.2215750277169,0,0,0.15045182441775293
82.48096170938116,7.652253939589675,34.7452941690552,1403.2897411486113,0,1,0.5205986796863814
85.88906466130645,5.479947786717744,38.29829758558548,2280.7919477796854,0,0,0.30311481204245627
81.52629182488839,2.889584899230246,38.87138684193933,2328.480216692579,0,0,0.0626207578239219
89.49856722181462,4.337226609138765,42.278234550442974,2551.382608997683,0,0,0.20756235476284382
97.6411385640099,5.166329574242627,36.033894013964826,2126.6431076585786,0,1,0.7197766351623194
82.11419162931566,7.556888139946066,44.57826902129172,1925.3829727752402,0,0,0.22754243135768953
94.03237212414275,3.337831312611696,45.932077952588045,2250.4968282135756,0,0,0.16128709775219757
85.75793905302048,6.46406107903392,35.05563826182208,2254.9461095956717,0,1,0.5028413410547549
83.65701734190125,7.099229640458514,37.54563552553217,2491.4843549409266,0,0,0.4282294361134994
89.14375712036353,4.057018542388144,37.34034245853954,1986.6117130800674,0,0,0.2826239429084575
81.718061420645,4.58372957170965,53.161931023387496,1950.3263082297217,0,0,0.02337084769259652
85.57080555722254,3.4455361289393447,37.85049947396057,1785.3366740724418,0,0,0.1429159784119187
80.4169768592892,4.694808288379543,48.388127210780674,2161.2386260175604,0,0,0.037505721303036074
105.71780106333111,4.9451150384856035,33.66684002446695,1535.5214995307495,0,1,0.9030142575182584
90.28210841577383,5.989474997123556,35.05174516917818,2232.8262118587695,0,1,0.6045844350998756
84.40219593605931,6.63527520653067,36.566977340758996,2176.350536559737,0,0,0.4265393114376882
91.71183928587378,3.8778559030675295,35.771553442767384,2175.5210607375116,0,0,0.39091032468061954
89.10137560247337,2.049012403661008,38.66050632920751,2041.467570950552,0,0,0.11647778407168778
88.23224320373421,4.9681328310856365,36.45610898639251,2459.8934742593256,0,0,0.3786365969400707
94.9133336003474,5.440306294952961,35.90329203632713,2261.598039628059,0,1,0.6711962944400319
96.06006168037844,5.374126531527563,45.79235998236664,1817.8768425872902,0,0,0.39221834000734
85.75599081911578,4.509990128736434,46.118968112565824,1823.246285090706,0,0,0.089577773591069
85.39345407484257,5.187128149495901,44.74648249187658,1736.097855975609,0,0,0.1312891032420886
87.79958642278685,7.273167212528371,42.61999477792164,2165.3849998326764,0,0,0.4271303234817276
71.58463068211532,5.572601253443764,40.46371532889776,1699.958323628013,0,0,0.04293284925128521
77.87847150241159,4.439947362495373,37.514846546670455,2325.0176430750057,0,0,0.08863813816881376
100.9349941395562,4.249703274356007,35.23421247622454,2396.891992503663,1,1,0.7504760075859555
103.15974170801027,4.745221463483404,41.81497851716344,1736.2951193148647,0,1,0.682085127135529
88.00771168354898,7.45510994274596,34.13184803726601,1944.335439622144,0,1,0.7065871529573885
94.61245570444613,4.725048935710704,35.03039535412303,2004.986294408724,0,1,0.6070873058074832
92.49000123634829,4.970308483218938,45.764566281024045,2265.1949481409,0,0,0.2516299760020765
114.63104646764191,4.276529643595546,49.50324520861044,2482.803012682963,0,1,0.7737134612791201
98.9565992914766,6.648475036162948,41.966475690832404,1494.3522821394267,0,1,0.734387575283644
88.97665926815387,7.939755882117012,45.53228576147322,1904.5457847419952,0,0,0.4482219678672325
82.35567647519659,5.675919574147082,38.77075841278008,1920.1949913318958,0,0,0.21071802634479497
77.14842943793943,5.124159355678138,33.311629069561576,1579.7990435340357,0,0,0.16309869203322236
91.62770908693778,5.055174249761352,43.06085809309292,1854.4669942087814,0,0,0.29798670981808006
83.94919403772558,1.4235398168213815,42.84644661635032,2128.3306833051834,0,0,0.027672592461728287
78.6219703232186,6.117726296427226,40.35834276940122,1916.3963291481327,0,0,0.13698606220828113
84.82741692605978,5.201249623993765,38.78812270947444,1536.6136494177758,0,0,0.22766061596659995
81.34761597108483,5.642513075991087,44.811052892905494,2862.224809402974,0,0,0.10173062900392488
103.49713308058051,3.932806708874443,35.071334832862625,2079.853359561254,0,1,0.7879876306231767
97.0531180555956,4.423314681534363,36.131097105546715,2033.5082390320024,0,1,0.6224809374173864
89.93621886946706,4.38346259524524,34.95946746619786,1670.622091079886,0,0,0.40369504695781844
101.83955311112021,6.532434476109558,40.424864813179134,2078.2118485913825,1,1,0.8321974611805255
90.61894646118094,4.43186024509536,34.56053493945371,1950.7358647875517,0,0,0.4494425546187259
83.10972638937389,8.123990483164697,36.57878909742378,1433.442976185378,0,1,0.5393620695197138
102.18499261815725,5.646293628522556,36.47122218886401,1678.923367995675,0,1,0.8474530637861094
94.31128034947727,3.0864760100064026,38.69695833833021,2238.4778053021837,0,0,0.3077715179247498
81.70203076538834,4.807180560122065,32.56312776798011,2583.2052950001325,0,0,0.2724785357154413
88.47729057533114,4.0224873167653765,40.43602496018634,2110.149621512913,0,0,0.19401271287187555
82.99505397292194,1.7084262952699634,46.23651825332339,2330.92498348801,0,0,0.018398940868465673
78.93760215228531,7.3992064101706845,40.677456861583806,1953.273407425037,0,0,0.22378858088597078
97.40942038025312,6.054713813330006,47.70660572400661,1974.036151795819,0,0,0.4582628318286543
105.27533312376104,5.799810976848969,46.669990929384625,2327.2937082858393,1,1,0.725248422185231
78.81145940944687,5.248105490449556,43.88867523623927,2498.833186753841,0,0,0.06770802156745763
94.50375389352456,2.9269736469613434,40.37342921318443,2390.3290080396864,0,0,0.2574799359716515
84.79485944702539,4.274574290666845,40.1125019412272,1680.0910773845544,0,0,0.14049841365223747
86.10299692988244,6.262671162176019,43.8189988618163,1979.9123329054262,0,0,0.23850998943149415
85.26084860608904,3.423169955326246,38.04164695247984,2083.2574053428884,0,0,0.1359796998643997
83.08807384256147,1.2023460256237795,30.58739624266268,1922.0966109477413,0,0,0.09587576805460243
90.38817302355862,4.659340988328611,42.460020270514796,2116.3572630246786,0,0,0.24618469149690914
83.35239906871169,4.787363668958692,34.344656850325144,2246.1730435006843,0,0,0.26727388449281414
92.16365460623871,5.2033451246220634,35.18929385904808,2300.842925586542,0,1,0.5775481486449526
89.59809512440691,6.092777965271805,40.00111973997894,2505.761045666457,0,0,0.44236819144988204
88.08841562506872,5.956408718346813,39.52437561223265,1901.1676685825496,0,0,0.3808436370744608
82.73949070366722,5.3881547078658825,32.93962196842185,1590.7900505482057,0,0,0.3354475424302176
85.38582935545334,6.793297082130064,40.8274578206657,2107.4703782043357,0,0,0.34763939454864334
96.04312980660605,2.721545328780028,44.830698304305244,2565.1433093554406,0,0,0.1838007230254845
94.00733750099505,5.7568727217160856,34.35829214867108,1856.9072420137823,0,1,0.7111651896694005
82.17955804161159,5.939807545005413,46.362416654243795,2206.054093119116,0,0,0.10291339724350049
90.7946584434338,3.140656570879641,32.19914587435028,2208.723737741793,0,0,0.3876616179113738
96.01109698697431,2.745694086976416,50.58662072185477,2057.432614203383,0,0,0.09562038350417908
76.64475775102903,3.881086810286598,37.943697847582584,2002.0774163131143,0,0,0.055380636792907466
94.34688153903949,4.0076878362270625,40.728084984134455,1722.9712382835824,0,0,0.33786750697792817
84.69900992843323,6.130129195253646,30.53983213757165,1315.5013782738267,0,1,0.5541992849432127
94.56478934874528,4.0781918244633575,39.68931966765346,1666.4447880007913,0,0,0.3817418479108534
83.89392674765986,3.715477222578194,41.14241088859096,1882.9087552664903,0,0,0.09016942887782559
75.56094319468384,4.0825493949581615,39.569189479502526,2329.226806226812,0,0,0.04397954558340146
76.9796604969347,6.677948501231318,37.18459461473813,1969.0615812945873,0,0,0.19672527648571986
90.38467957329105,5.019565061565428,35.267177407360926,1844.2922843245556,0,0,0.484640918089409
92.07778001377186,4.731123461964632,45.652633097686554,1732.7043674139709,0,0,0.21763271981425353
82.76546699916473,4.834991751948423,40.15403567498975,2197.041748552844,0,0,0.14096903124326826
95.108739670219,6.938090501489784,47.70376188258386,2407.5071499291817,0,0,0.4868617035865427
76.70783950184833,3.8762424100951374,37.36758822602538,2319.030716560238,0,0,0.06089902856264488
89.47136161082146,6.973262436410156,37.826026533138915,2181.844909927541,0,1,0.6010851134892213
80.31187040190035,5.315744448382255,44.077971222980814,1557.316176085118,0,0,0.07808240715867369
84.78531113758272,4.759370927036978,31.88512518998218,1894.4977271468686,0,0,0.36974830907665096
90.37918937053131,8.751350746901423,33.932683199235385,2584.1912686669025,1,1,0.8671862082316415
83.11669307772839,3.4165407653021056,45.48742485676582,2336.5851475745676,0,0,0.04404560776828113
86.9235556461614,4.469471360649491,34.140330353884025,1538.7490345295826,0,0,0.3369004470808098
98.05034247371552,3.151353141254,30.90474492348726,1983.3228430402187,1,1,0.6707411825667363
85.38486504381481,6.428692955804254,49.342635940365454,2108.9295297983117,0,0,0.1329334224751288
96.68553689652113,7.533783400477518,33.030911760628975,1771.352461092134,0,1,0.9052432074913136
80.96234516273906,7.504884172106959,40.92059699164085,1307.2387935773454,0,0,0.271700621337827
94.23843342332226,6.835923129719007,40.34542596362136,2029.6472135049296,0,1,0.6647428987440367
101.5325489652632,4.703569298306052,25.94685841690958,1763.6725227138681,0,1,0.9259993473408449
70.22684399898168,4.45213853376523,38.66341488416096,1764.8474782745948,0,0,0.02716364272444165
83.62483795623619,2.4932453412589024,42.24206624739555,1893.5958920207727,0,0,0.04517637535103468
94.61657701744431,8.053810302772689,41.771546907594306,1959.8972256035565,0,1,0.7527769518050598
88.37563691165606,5.703467117222702,44.517603419017505,1997.275161771294,0,0,0.23363825014805523
92.96916698697046,4.262064642695775,38.06254342547283,1734.8030303233995,0,0,0.39887518976852776
85.16811850627343,6.992085333480452,43.562522210460806,1933.9371411097768,1,0,0.28370917308910004
90.6927182997832,3.5408532248599984,36.55335465959964,1472.7729888791735,0,0,0.29159844677066254
88.75458211686336,5.609933051334011,32.94766291793613,2093.3117196104236,1,1,0.5727072806472282
99.34225649327846,4.741056298563748,33.51135812159384,1143.1173759976527,0,1,0.775290949534283
92.03536674640971,5.958015709820451,32.689447724022926,1913.1529758699141,0,1,0.7176577590598044
92.70082129660162,4.904639691220818,45.04792983945597,2275.755846103086,0,0,0.2690807740736043
86.70498427102027,2.8236081633331636,32.42713245470722,1682.197793817552,0,0,0.2244834436722786
86.09915020742005,5.113364559005057,41.37019420324651,2214.9290610972203,0,0,0.2033796629456899
86.53953449744303,6.573296212813043,38.670379029637836,2346.7198136362676,0,0,0.43038377424778845
93.15561713902638,4.9561753912190225,39.486757132746845,1007.6300142507835,0,0,0.42717297590207437
86.6321241534379,6.162672682383629,46.8180364759985,1954.5911289272774,0,0,0.18031464719141962
92.3181988551713,3.4317057714889203,37.807863163923635,1137.2679717115175,0,0,0.2907198828353704
106.60320638916352,4.960608810095222,43.05800780774842,1964.5374663287162,0,1,0.768955376505284
96.96899762745353,4.063234317367134,40.18781675690556,1997.8486367056018,0,0,0.4517796288056423
87.39181174265727,6.120471260157064,39.23990547183651,1255.2368042267485,0,0,0.3739538761707448
99.60971137731156,5.047237343392994,51.499845621932366,2577.45150862396,0,0,0.31792941638263333
86.73539701582759,6.035110514504919,32.79329127142315,2085.8047422903874,0,1,0.5561106648940168
73.69500371857717,6.631565639236799,46.445659177187224,1745.2929703753894,0,0,0.04414863611270777
81.93530951266077,6.037427862682082,43.28203282744986,2439.6138282495554,0,0,0.1481935267619414
75.03366463179316,5.409677651440466,37.60237502684108,1461.3160338073048,0,0,0.08701102774309376
87.18789212766953,3.502681612232892,48.14659258720806,1631.2486899445048,0,0,0.05456473467563794
90.14734703351641,4.995820833999648,30.759449438057317,1310.1633428990303,0,1,0.6056321226873486
103.41149849820226,4.2003643969762505,37.39116671350464,2540.3135589618,0,1,0.7616116785090072
92.6154189901133,4.48390406494366,33.95758897865462,2099.703911441601,0,1,0.5465446315900374
88.24719576952909,4.438198773874624,42.0604173243573,2197.8205369545485,0,0,0.18778754339402787
96.63524464946791,3.530111637826633,34.43467949406411,2090.300370175543,1,1,0.5618147147646185
72.31091752793692,2.063992116299015,42.165319733706596,2172.1303283433754,0,0,0.008136866768356042
91.88491646486852,3.99778542750835,39.06781792089223,2023.4233141687969,0,0,0.31185737861861634
96.16692155109574,5.290069177886239,37.60323028671958,2081.2764028122324,0,1,0.6439260922334871
78.17131003376127,2.9777344318587646,41.943236230166555,2032.2810308668852,0,0,0.02809992096036925
99.15003234565543,5.023523354707437,38.65689188030968,1817.4224583292164,0,1,0.6760840449874057
92.70797125995531,7.8504026364664465,34.556825784704806,1986.0125704355992,0,1,0.8412611192324144
86.67769668879359,6.534584832878359,54.00686494817489,2082.078371978503,0,0,0.09641102537732964
95.06225492885028,7.465312263680794,37.564164084854276,2033.1647358656392,0,1,0.8087763577933995
108.16554286243516,5.58669181539909,28.911954599239927,1556.668367674005,1,1,0.969896547414575
91.45493004046796,6.751264734479669,35.78950655139306,1596.5039994174772,0,1,0.6907335948838739
91.98576469040269,3.9140529042983188,33.66361655813635,2324.8524301749176,0,0,0.47212189266197063
86.32511280367805,4.033489599467024,44.13072808020258,1907.9017862349795,0,0,0.0996224729103581
83.20124504428166,0.8912896907937906,41.60826329795793,2175.417604110782,0,0,0.022993191585373
96.64268653235396,6.779218211063449,41.99356400895172,1672.3640270832811,0,1,0.6818051726064734
83.15132939272907,7.310485969729829,38.149887670813776,1558.056237006041,0,0,0.400884770282536
90.57252989775515,4.170234131979095,38.603248764715396,1746.921016240486,0,0,0.29830212535902895
86.17874042587907,4.619072440404147,38.14534448196166,1933.230478768576,0,0,0.2327660155090204
93.83183860597113,3.8692068294635575,39.594034079322654,1800.4579102146763,0,0,0.3407541217872492
92.66929684229558,5.573980327216237,44.176667176824175,2388.1800569317143,0,0,0.3595337780537659
98.3003195540632,6.687398817954861,41.68037706252673,2053.8569904612386,0,1,0.7343866757931247
85.91986880916203,2.3858420391784385,42.50056414810433,2554.6815855685577,0,0,0.05910123692031371
87.84100051765303,5.614157795963378,42.497794541246016,2121.3224462214253,0,0,0.2611810166316988
82.16989027374154,4.584992342421282,44.42221218690869,1276.2347546240567,0,0,0.06862475320113132
86.4456539193911,5.170091587950034,41.44075020770127,2316.812481937566,0,0,0.2153867697948229
93.01840394435882,5.688491002511436,41.79424036339459,1547.1345132590136,0,0,0.44254431541133477
96.05590893316281,4.717696341840768,45.944031205965786,2069.1601001634017,0,0,0.3222653559692235
82.622677406579,4.8446197198913294,36.67477040998444,1767.5947827008465,0,0,0.19602276550493733
96.95684736084529,4.6791872486680415,35.72128710024246,2642.813310339256,0,1,0.6676172005800465
100.8451028704396,6.455474302682422,34.070392004065724,2431.8793782290404,0,1,0.9050620809577237
93.3074792257896,5.628139940191245,40.91457281810128,1777.4538074894726,0,0,0.47717351786780376
105.01436650046453,5.330875306606041,30.731338793904385,1961.7926995636665,0,1,0.9376598620053659
83.80968640717141,3.093572418361576,42.31077048029839,2073.379420894765,0,0,0.06036847056969525
80.04276237350867,4.432130385180269,39.454034527497235,2259.024221468483,0,0,0.09270270500016098
75.77023800876577,6.348003740508761,45.67319849910528,2008.745573697504,0,0,0.05733049195587432
101.96835449191346,5.056544859685884,36.640413447675044,1692.53153018574,0,1,0.8009378780153463
95.23492525083246,5.989297204383708,38.98340857291247,1784.7324082399841,0,1,0.6432844252505674
89.55532263271635,7.64976770049145,45.611016666466845,1998.6554610869625,0,0,0.4343381993364205
92.23974901055857,6.557909103813225,46.91567823389076,2370.3370936294073,0,0,0.3700709339857074
80.99608762161299,5.139737506549613,36.5992381712409,2128.351358160813,0,0,0.1870860719062057
109.56601583693461,4.23351624470641,40.9089061629358,1767.9755220154952,0,1,0.8235559913483856
91.03376945580182,1.1696756059161526,41.472094888420244,2194.511833312937,0,0,0.07539153176551949
90.87515835683914,4.747422616290721,41.86826702810574,1883.9045483365521,0,0,0.2786657269659162
95.80613299118954,4.510981256274726,38.68712170342189,2267.1224015560524,0,1,0.5145567532441964
93.84807385389371,5.585549291593064,46.40691699061817,2758.1031254985814,0,0,0.3397242153862276
91.79107219423305,4.769142159537969,30.551482581892273,1892.3520887169352,0,1,0.6502180352331587
83.67620435643751,4.5194224108448084,37.89434882599458,2240.4815479179115,0,0,0.17706687100578714
93.77174685708796,2.330901604239169,42.239653663864736,1776.382000388681,0,0,0.15267694439165258
105.05619597180026,3.5900482562749003,42.28612405974672,1966.3208698426108,0,1,0.6111561527527684
100.76336036923982,5.714976561200836,46.763795153073815,2008.8686860616303,0,1,0.5663560231708858
102.74549301311518,7.573861446699041,45.99112696600643,1941.894901986686,0,1,0.8167191469897649
85.91027458855052,4.853711924381565,38.57229187346388,2738.904106632507,0,0,0.2456425037744129
82.08316143793135,5.491716610361185,46.49935621765302,1908.0220775964854,0,0,0.08146172230382037
88.99370463920282,6.4287172354292075,36.42979128111273,2176.0554616354602,0,1,0.5667337746580708
90.44579929830955,3.783659095699625,44.65443691395919,1420.9739392029703,0,0,0.13715503907062876
98.75353214776759,5.550221064928163,49.05261239210496,2129.598969010883,0,0,0.4081344511494005
76.46028296228144,3.8892648405017622,46.074720534274846,2342.616377705674,0,0,0.020536214728543608
102.2364025556849,6.2972366577365175,40.528851917620614,1841.7207972262847,0,1,0.8204397648224611
88.73593681136809,5.227104571927599,38.34110614113939,1246.9333576878762,0,0,0.348473914086186
86.58495144042064,5.44767772097216,32.35704351870357,1988.4044693518024,0,0,0.49557051536813046
81.90316499791867,3.8261021038721164,41.55269818957102,2005.1551551156583,0,0,0.07025340086043076
76.76114662507385,6.060548539416177,34.423913860145404,2217.2225152232913,0,0,0.20491273726174933
96.58536467169532,8.127069381846525,36.03432668193032,2603.27091062403,0,1,0.8995424430541742
90.58654373750723,3.4881324568576906,34.04627099631664,1885.983904819908,0,0,0.35855356457455956
79.68031280207157,4.490361488528714,37.69803833671672,1743.1135629019159,0,0,0.10741565604405233
79.63936982349107,5.347411211252138,39.86015292756509,1649.924659588567,0,0,0.11835523439335581
87.31372240567897,6.179609317993725,41.36807290582853,2059.42358510948,0,0,0.32867297453495137
103.35217220231515,4.160680572065797,36.997466822930186,2143.8062776455504,1,1,0.760985117362708
87.92326918909116,0.7504545647858905,45.346418531975914,1836.3033816912246,0,0,0.025344189026895145
77.97485637505515,7.038784241246038,38.958973710050174,2233.604823717737,0,0,0.21279834971935052
88.03405548731244,6.140759179376214,36.061387833672406,2139.615223045753,0,1,0.511434744239697
87.81821144201864,2.3855787042700025,41.131461336217185,2012.969506893467,0,0,0.0858576840195155
68.42490685646743,4.088646812330666,49.817764167719076,1729.2755837767622,0,0,0.004442185810514791
89.5656410678575,7.352273644290989,41.675802832675586,1855.440705354583,0,1,0.5221379442808357
88.15252375833057,7.171694627686799,38.18572186313197,1271.0734106952364,1,1,0.5523308253856818
95.56965091850735,6.4079600340184175,32.36269321940648,2070.7361192594103,1,1,0.8437842757575139
104.79164875956276,4.735831349060206,38.90293839513965,2007.9023866242305,1,1,0.798060242008029
99.01252023638206,5.124481128218765,41.17464062544058,2056.543697326846,0,1,0.6131435791718414
87.84889047556136,4.80361129231081,38.06209554372215,2151.295704669368,0,0,0.2996771868651213
81.14779273006664,6.692359674903257,31.673076808795003,2115.746445929667,0,0,0.47261765301628567
110.58687842599889,3.686236390257335,35.74717305248283,1966.8850458061895,0,1,0.8907032780558855
90.4737474721159,3.791300517673693,47.27269230443879,2014.6004129488258,0,0,0.1068693253943182
90.11143433530357,6.515411880254024,47.170005018652304,1578.705074991149,0,0,0.2819650099491846
89.80699930311998,4.933457816732657,35.56680415397701,1824.8838062931723,0,0,0.44492710420038833
91.58467808614284,7.067701033180712,43.36378393599711,2015.1413161050384,0,1,0.5092579943362978
88.84511670460846,3.9927316895291813,34.10713607614913,1779.2439272262918,0,0,0.35260191538743824
85.41070394495812,4.917832459491763,47.021581409974765,2258.045238761764,0,0,0.09413775232421064
85.62512847007686,3.61638052273407,41.22617923947118,1802.4103757134908,0,0,0.10611479536900052
89.73797383827201,5.0110440221353505,44.74820749308267,2064.891623374495,0,0,0.20734116938389402
85.65260183092988,2.7821795945018017,31.424533264087305,2034.9696970446007,1,0,0.22176548794443876
84.29723373858269,4.268549868567556,43.38818550962444,2223.883278083123,0,0,0.09435758317639428
90.85144182153518,2.845619202607823,39.961629681577485,2270.237352208491,0,0,0.17313967469696578
87.96018226063316,6.040884849786887,44.25964535395421,2208.209783290382,0,0,0.26044544080331267
102.0319439086615,6.074884009639478,44.57433899048925,1368.1981395850598,1,1,0.6993784273204287
68.79224153285591,2.4046059042734824,40.32892344737375,2358.244444403938,0,0,0.007439216516971966
98.7320548153797,7.000828618250859,36.99585180452043,2458.192467258379,0,1,0.8631827910746815
99.96868153998103,8.74612268962978,43.89848091089747,1855.362714703559,1,1,0.8704647138646183
73.4128781407348,5.069009580104511,39.69922750297436,2070.994073801855,0,0,0.04932209839497078
87.25849924735721,4.038328609663033,35.63607523236179,1732.7504959607654,0,0,0.26791426891840814
87.02847307203366,9.236495886504569,35.39923884271157,1415.4864479803546,0,1,0.7968653876535605
78.73990644225744,3.0215472525462337,32.61417791843809,1778.3854203372841,0,0,0.09278837656277303
83.777466499273,5.030159700303647,37.448544202184685,1837.958288160917,0,0,0.22140915540674508
81.11539323627338,5.269433408947885,45.51346023037189,1893.5447805944555,0,0,0.07332676896002822
104.01816354738898,7.0177214306786215,40.88914899852717,1712.3257729982035,0,1,0.8855765609421025
97.48542714517968,5.5396084626901825,37.351161470384795,1779.9724499548283,0,1,0.7116753673542315
100.17244075995328,4.252049156317323,44.0242796909004,1996.6981035114777,0,0,0.4640743803329549
95.77337651234588,3.573223444418066,35.83761689138306,1768.9319050669574,0,0,0.487157093537073
80.96758583026217,4.487267269630797,40.476751371663894,2163.0572997650083,0,0,0.09430392788955913
85.80383786976181,3.489608958582284,39.101848136372425,2204.4981954192317,0,0,0.1337114191281691
93.91499648982334,5.0717379796770246,43.89565312794176,2714.116323849347,0,0,0.35960859822753605
80.22297752886443,4.15370573020927,32.113858145402496,2337.7039796370386,0,0,0.19002790655844828
95.7039874413791,2.758943310065374,35.74901127092672,2072.930917498524,0,0,0.40018866419513527
88.07739681473493,6.882718682562356,31.80877170452733,1813.9207109996964,0,1,0.7130163032746548
87.00143353960323,4.2534912148564405,38.70201639095365,2088.1242055022,0,0,0.21312810941109303
95.68767974562793,3.097794792537031,46.05713751816215,2097.978787974907,0,0,0.17453588686634816
93.55410649188832,4.747611298268688,37.47276395173236,1846.0060732983018,0,0,0.49439593246447316
87.11227067344736,5.102557348951488,37.44658030902175,2235.1194190258634,0,0,0.32506916326659535
99.27463842691398,2.3802999116314494,44.358622120920685,1580.5705955954375,0,0,0.2310319954929347
81.35149337920082,5.497471500688644,45.3427477922765,1926.6800493387468,0,0,0.08512135666268877
94.92748485555411,3.4292636469646034,39.557144663656054,2166.757537795222,0,0,0.33624465264831177
94.74481006374707,7.566543213786181,43.42357427024946,1913.724755722371,0,1,0.6670011189150408
87.52362848548808,5.785940768115102,34.61522729561027,1937.9736789712185,0,0,0.4950710570129593
92.60906417793694,4.400150014836025,46.88987166962707,1958.6642416423158,0,0,0.18255899320916502
79.99109138891758,3.8822483445239744,50.74353146968526,1749.3196277936763,0,0,0.01789911070318392
97.39221615365521,4.842548438654564,42.60607895594362,2352.1702794722623,0,0,0.4856662756261353
88.52078290845608,5.919186112374934,29.578341893285998,1694.5886984231556,0,1,0.6904735176241441
85.81821583584768,4.961758807122201,37.20884868801108,2095.4477982229655,0,0,0.27771669229882723
98.39207380669511,4.674261789294715,43.064126608346605,2124.094369484712,0,0,0.48291917974202403
84.36525047565793,5.087555436226843,37.89258501416818,1715.41342963731,0,0,0.22912830194605463
78.73230962909152,4.094211603144568,46.36099277125049,2021.931276314223,0,0,0.029020079065897226
77.54696661180877,4.485191109735443,42.94078632217933,1727.1103481765895,0,0,0.043817493337722564
94.84807961076511,1.8713113416424942,36.46762249617102,2417.3127425167836,0,0,0.2686920642038633
79.75656518002974,6.460589346278551,40.16132405385626,1658.365118907136,0,0,0.18001609892058856
104.03835345587491,5.448196670482643,35.53083389680455,1803.8308717304108,1,1,0.8818633578044314
73.34456473693022,3.839816233949855,39.08707560793779,1632.7324974933258,0,0,0.02968835420309094
103.5716509463203,7.848102472032858,37.227033797837244,1592.6903819397344,0,1,0.9438538064233607
91.68813973762094,5.13052472058858,45.87380900116519,2477.364587264688,0,0,0.24456174914599238
89.22629510503685,3.445784642037205,50.580060284154975,2162.8324021737685,0,0,0.05388459572424546
85.6406473055284,6.285106132205687,32.84405833382124,2042.0880277101633,1,1,0.5444016262442842
93.19308891481657,5.597072324763894,30.383918568951238,1803.0269109959236,0,1,0.7708114450935635
89.69892238060122,5.591869978226329,38.77413789074307,2272.2835433140303,0,0,0.423428811127944
98.82641505613218,4.361366593022614,32.407921505856585,1752.7332681897642,1,1,0.763502431614945
90.91382118929631,5.675743585667052,40.23105801835459,2238.0917882990307,0,0,0.4287888021213572
91.20241409169502,4.6073625646683585,43.74468056902963,1738.246617018309,0,0,0.2284373839555991
87.09110230228916,5.833912177468763,47.47070948633412,1806.6476894372984,0,0,0.1552396306111702
89.54443501023147,2.142583318984042,41.0069727935764,2227.4847158353764,0,0,0.09925062541274414
92.46241415113647,4.349189805531216,39.034223875752105,2259.14820324673,0,0,0.37084593851388986
76.318652858747,7.583232646712292,30.10807541713458,2179.2418801690283,0,0,0.4570224888332929
79.2145166231543,3.849398816899549,40.13092574592899,1685.0977652729616,0,0,0.057877301616415314
95.94611275218172,4.09424255376022,40.356436302747305,1865.9819402831513,0,0,0.4127721759866546
91.36692350502354,4.3280579923250375,43.19478407106373,2047.069622359554,0,0,0.22574922425322222
88.52813330917857,3.1777907961670353,36.45755949235455,1745.2157114269726,0,0,0.20960233312008753
90.14747146452315,1.6875788356576216,37.824736998820704,2411.288828038788,0,0,0.12833577718591396
92.78065364289337,4.654120402214581,32.60998872347908,1279.4159168148362,0,1,0.5995598931240411
85.68192255752511,5.203789136122485,28.54353596557967,1766.378145389254,0,1,0.5526238783882818
83.7735621967815,4.921242397192022,34.457514546016085,1847.1300491390505,0,0,0.28312320466148744
91.56676204078146,4.7826821570781695,32.14837092873492,1146.8169005684697,0,1,0.5848105392848086
82.17301777907974,5.064561306275581,41.683561477103055,1581.1312609291426,0,0,0.11718067080006371
93.26602204571577,6.534262207326146,37.40932971666572,2187.5868537626206,1,1,0.6881940315535278
76.37933116609727,4.714330721106175,37.308814349626054,2009.085090965889,0,0,0.08250021331996649
98.23324509860515,4.138876134369095,35.07793476912394,2471.940806612871,0,1,0.6675051507078706
93.78077985930435,4.57831177266787,23.837172837437834,2463.5679337654456,0,1,0.8453653284712991
92.048237874511,5.869020139635164,47.54155374373775,2129.913913581184,0,0,0.27456459509434356
97.8615278715641,7.118040317814874,34.99864738611606,2093.9714747002135,0,1,0.8810570046465774
103.32379555570061,4.057784391246233,37.93789965075047,2019.7793325736702,0,1,0.7269728939145609
98.11496052014505,5.148400680543325,32.72553917355345,1203.475394636153,0,1,0.7954311020664903
75.27300614934684,5.507536162903939,44.85965171720317,1581.6321460021775,0,0,0.03982723547063155
79.76338426611439,3.5111329899067654,40.717144685186625,2030.2026509296802,0,0,0.05117947159948338
85.00145137843457,5.030625750819377,35.86817357367066,2184.8077126243015,0,0,0.2967875869260533
90.20872840168667,2.8014892139868572,38.03885194327988,2086.900943641442,0,0,0.1911171590358698
94.14127216375299,2.346424544390902,48.39089961062435,1732.2605096853026,0,0,0.08043577517340393
84.19404949477227,5.550119611838386,39.635152840593605,2281.2218847408485,0,0,0.23032321388690552
91.49413411581662,4.424187888003826,39.09133231192047,2444.733208626391,0,0,0.34882033075136776
83.95693654117342,5.303420611431829,35.293092569303674,2281.3968800874018,0,0,0.3092206598334593
85.10785757606442,4.973157534487475,30.527094247638487,2296.879798877141,0,0,0.45247533685658425
78.74671122521423,3.535399927004304,39.199806632103275,1832.2322606134367,0,0,0.053544516601202484
82.61413403111277,4.932118547053495,41.627425561623085,2322.78023681024,0,0,0.12328329796029841
79.18652315506932,3.1503480424777175,45.49792232163835,2043.7275917982972,0,0,0.022509509985521606
82.19301397618133,7.086458537002101,28.757517327501724,2153.4666585566015,1,1,0.6433140204195001
98.42913437286272,2.9660444827100543,34.37451836488486,2109.629552847413,1,1,0.5617986321297938
82.40480888934445,4.706322093547128,37.09629454721775,1963.5538683678767,0,0,0.17570556718101565
111.05905651869912,3.4365926179291275,39.98259575713399,1741.9992574633095,0,1,0.8172369069929545
93.94654320704711,5.855631760041193,39.27483154235789,1975.359000933786,0,1,0.5802363157919005
91.47868898955899,4.5028529430777455,39.391556571563655,2296.0284852448467,0,0,0.3456658974340063
83.13313775855029,4.221999920568185,42.04048029284972,1867.5572584061272,0,0,0.09118313347956061
95.60247903527193,6.279802317577332,35.48353444610446,2268.004178782444,0,1,0.7773798769581758
85.39489739009781,5.044145887516328,44.67070721116848,2221.1212011853017,0,0,0.12863727332910405
90.97607851716289,5.774966668903951,42.167262208497405,1910.3187808940509,0,0,0.37766142607061576
110.48067630615036,3.528011095223803,38.4008386793596,2416.640031085873,0,1,0.8461302321706391
89.2315208022028,2.8927745841087398,48.00453995944458,1893.3359986427881,0,0,0.05668967512640501
99.19418661028541,5.1608119430602,47.78208017785883,2452.8640587837895,0,0,0.42386585665814036
84.3745885989929,4.521730466757903,44.66447677596904,2130.238094462292,0,0,0.0909661528449199
89.7200920760243,5.939652008680916,24.907216147161037,1995.2402244639459,0,1,0.8307592662561691
104.16640508508408,4.880137321006176,47.89472546358988,1733.6595858987039,1,1,0.5490149138680314
84.98426353769786,5.307613008851945,43.973792612359674,1973.5219309594877,0,0,0.1446060965588633
104.49958846397543,2.5649262050881347,50.032043188564685,1938.872145951674,0,0,0.2534336878862749
95.6620154836438,7.832655409421385,46.18732295866769,1622.5110844247283,0,1,0.640193048264472
85.50026579284585,4.753637022451953,47.891713387486426,1934.7153731847,0,0,0.0787708600717898
95.05926191244417,6.046380455508799,44.3932742509019,1758.8590459708744,0,0,0.47624523245412104
97.78043559701383,3.7458624946705603,46.74346599322756,2175.7975306936346,0,0,0.26038002719739095
94.97447969773756,5.4620148533260116,49.9706187036722,2391.8841427184607,0,0,0.26123178545974574
77.43820224087635,3.045732854712882,41.08277369189103,1631.9252971114279,0,0,0.028394517228062265
84.18290259340105,5.6781017573895065,32.13884727960935,2513.692318510077,0,0,0.45397882794545374
88.01985091558797,4.466038873421251,38.46269549992429,1961.434689684461,0,0,0.26038393554555817
89.40453256719962,5.043785755903351,41.94972799691718,1707.4935845184457,0,0,0.26067927194987783
94.96537678040542,6.046961045195147,40.37443792185779,2227.326434062455,0,1,0.6064087291905224
91.42160800746603,3.1511895331695796,33.76719016920287,1866.0636565234856,0,0,0.3575259752034378
79.3172451303192,3.9732624040808044,31.844661874025107,1975.4789971905518,0,0,0.16110714538528575
93.0415828080477,5.685986421630148,36.29418665682585,1878.7165267363764,0,1,0.6200379781512727
94.88468596227058,8.147332211820121,44.03869777992075,1754.97862044053,1,1,0.709578975379038
94.47832358344832,4.792876498007777,47.90169885411485,2217.199109720571,0,0,0.237350256996103
98.64624580443697,5.886704176885899,44.582838068888506,1914.1095791317439,0,1,0.5792299936634403
96.67137723639124,4.83954279521228,45.28713643557068,1569.0044623462263,0,0,0.36548314114419894
93.6734406338275,7.9133683921344495,39.59592213418221,2165.31803726478,0,1,0.7695908888408626
89.43867430833082,2.379167499552117,31.28958771147018,1638.3252946928733,0,0,0.2847400344100664
76.71231253187207,5.141931567004037,37.72389709558647,1654.0219481974223,0,0,0.09607295200740122
93.43694575306068,2.5616839496569086,38.706177940638106,2357.781861493195,0,0,0.2372399215767757
91.66150149730488,1.240142644194925,37.51473756582159,1641.0980302369364,0,0,0.12755569213334847
92.172630697563,5.446193079676725,40.27347432687313,1305.066542921753,0,0,0.4293154243963416
79.78601139343752,5.209246694221188,42.20709879946475,2186.8584454884485,0,0,0.09012021710885483
81.3515476767339,4.572744593386698,44.26507594121749,1908.840971155661,0,0,0.06502963673177015
98.42522282666323,4.84070886494037,38.60940067816833,1934.7034636585652,0,1,0.6373968806201192
89.68355876914676,9.647449151106887,30.481202971777034,1905.64988199494,1,1,0.9297683845048695
95.452005578981,4.612737292952849,37.58561140354433,2069.500981705618,0,1,0.5453030318339838
90.22654700904368,5.765186541875112,40.218551984959916,1774.1842274290796,0,0,0.4082098152598997
90.23804911596596,4.025952770579178,46.11403961066704,2442.8344623697294,0,0,0.1332546124100858
97.50627044780798,5.442848862560905,37.160960789079475,1557.1308559071804,0,1,0.7049396431120315
85.87164217426101,4.642649487416573,42.56271814199701,2133.462475003137,0,0,0.14548177699649584
90.76896621552787,4.384222275905405,41.45043949817716,2192.636301162975,0,0,0.2573737754260461
86.30179769035966,7.728347798300487,40.21950266561694,1772.1044717499867,1,0,0.4960038051297607
86.52403018054147,6.765777444776509,44.65266659662296,1692.8796664166546,0,0,0.2699373748606144
87.52662301225088,5.205119971098846,36.695794016237095,2305.1522642510467,0,0,0.37154497125263336
91.7770701730697,1.5436820960840496,37.12406775178242,1702.7417737949854,0,0,0.1527630373768514
86.17001102669218,4.458486165121146,39.94049588452886,1818.00081777483,0,0,0.18198507503118602
100.04604900458817,9.054541346607625,36.799267474531504,2266.192688737924,0,1,0.9518569725653048
82.84314158224397,4.6540075000404375,42.540061455273,2010.4223700617072,0,0,0.10025743970997751
88.50502684670913,6.654826358080487,36.434038478169334,1460.8568997112686,0,1,0.5635773217700489
86.4821515338066,7.162913602928901,41.13152103872567,2524.117743366054,0,0,0.4216140507903252
101.57582307482986,5.328445873783963,39.499136156066214,1840.9967723660102,0,1,0.7522635278123707
91.57243821209259,3.7372675521977716,41.07462982388353,1879.1728130280749,0,0,0.22812282203666698
98.25475631574908,1.3470315023256676,37.7012930246848,2076.7352756979094,0,0,0.27982115415603065
78.11551701570423,6.026244812913432,38.30455852736586,2187.523039101222,0,0,0.15770979028375118
92.13640212695407,3.777865995764678,40.48004633998525,2588.33128738744,0,0,0.269268297940993
97.1170463649875,5.264225677831538,41.01037253080656,1501.979555178291,0,1,0.5605082090104
90.6582719142034,3.125269490615954,39.978990423044216,2247.785662677784,0,0,0.1876439457877049
98.52384300052282,4.602143689294697,48.52681178256542,2222.902908215023,0,0,0.3169306181278471
85.86169239919703,5.05057858235158,35.04631540629358,1958.850526737765,0,0,0.34427912105758957
101.27477952148465,5.402890371566447,39.67898102523643,2236.1821084448666,0,1,0.7515227358797526
108.391184988954,3.327766718971379,32.13185488941508,2280.282205290964,0,1,0.8913148478866093
87.09729151648273,6.7953664231420285,41.86040739333693,1585.4111645038986,0,0,0.36472386528909045
86.43597982879382,4.104657822902043,34.42376731811593,2524.929951764249,0,0,0.2925626445586515
101.62707581694161,2.488295809320132,38.60844872061712,1532.3713240585575,0,0,0.47525782295262337
102.6365771658457,4.8364648700548045,38.13967837334337,1659.405115628368,0,1,0.7671407579191865
85.81711978277386,5.05156296353969,41.40445563300586,1921.463697912771,0,0,0.18887555526223973
86.63850546323314,5.2408841497576395,37.2360454122741,2577.482153956117,0,0,0.33550012549936714
87.74572312911594,7.0431986055276194,37.02347151153009,1907.523011073984,0,1,0.5705042966865597
79.24439591172579,4.645326744896211,47.17928232042949,1990.4198329847568,0,0,0.03590261809161311
82.65078442812641,4.820570563446843,41.42283395237263,2429.623581171369,0,0,0.12186442270052403
81.96687386598346,3.34522342815036,37.19474573988866,1909.9045572303583,0,0,0.09532096708925637
83.85761947916697,6.2308302543318455,38.74583164094385,1646.4689861207974,0,0,0.29525209068877833
89.72252090090575,5.276463596117155,48.226774761353724,1874.8295494285057,0,0,0.1578987965756825
91.87371786029216,4.369958409058756,38.82417560874452,2411.237550141733,0,0,0.3624939927633202
102.40400394251262,2.1429879598018045,36.55361688423806,2021.2594991165408,0,1,0.5358130286025101
82.01316767408967,7.166618292582632,36.57501924936804,2579.197477716878,0,0,0.4111415141622177
97.87457918781267,3.1584800533159143,37.254367595052116,2221.3804778786466,0,0,0.4756653159548652
88.28808924619592,4.113082985945441,37.02751138786639,1806.557319081955,0,0,0.26935808293184293
89.60429032278054,5.537516766614004,33.60176075825378,2015.3228913395235,0,1,0.5720868943640635
95.39855593733283,3.20516310707497,34.37899951526511,1744.0345645574362,0,0,0.4773896405062417
81.01822382750161,2.7597353326202847,35.85339812819315,1799.470090805369,0,0,0.07652434786923704
93.0592779694724,1.8140786259490027,42.95785509226549,3343.7252753077273,0,0,0.11537082806327704
91.33161766570444,6.081495429358454,38.093813563635635,2305.5873530101435,0,1,0.558161856256671
93.9396101120652,4.182220632910517,38.9641915545298,2258.3293967020018,0,0,0.40370207031913397
92.31334915126254,9.390905138709995,46.350440126274485,1813.045905407581,0,1,0.693815513638599
109.64240111928716,3.50846740155369,46.47503574969209,2470.8752198843235,0,1,0.6364475995521554
84.89808012598947,3.617823464856618,38.58937528431132,2329.8246805378812,0,0,0.1343694389214216
85.75202435998546,4.151910544571898,36.845682446582956,2564.486386807331,0,0,0.22084278676855665
85.01487578860188,5.364701982707734,35.67784843163231,2549.934244519535,0,0,0.34115850961071464
85.55618304671796,4.294694991822033,43.463878848541185,1556.2732135707433,0,0,0.10641540855335953
84.90090298154786,5.918498321003768,38.97646383238856,1667.0481532190279,0,0,0.28991500540152715
99.51213224886041,3.5321174150170185,38.06752554838605,1698.863655360909,0,1,0.5413514389991773
101.36403398391884,2.9276124223046285,35.93167712431224,1716.8178070002689,0,1,0.6029631577476844
85.43402965000419,2.302677890886339,36.15166795494306,2097.0357092781173,0,0,0.10898945492301346
83.34115541516617,1.6646387480942049,41.60029095746622,1829.9589643712548,0,0,0.03243441043635036
93.77132445109123,4.222896470787415,33.42280867056369,2621.779562228756,0,1,0.581997321588464
85.58221564575223,4.548529531410167,44.97434346893969,2571.4039646244914,0,0,0.10620399415258398
95.06345454204408,4.052844458775225,37.330776780925405,1998.0615217762881,0,0,0.47421439811095345
91.6233841668104,6.865108695780743,39.251820278741036,2586.5978648449372,0,1,0.6243385205475511
77.87404708002214,6.842045314412203,33.31511020929723,2446.4403881720605,0,0,0.33531578176599947
102.38004161064049,4.4977955188332475,39.93817030878818,1864.7880322468222,1,1,0.6870700765007736
104.36702138476417,2.3091183302120557,38.3583952865472,1397.2353967923316,0,1,0.5558308242542693
85.09769047612491,4.1499423379174205,39.74959700571767,1934.6094845117811,0,0,0.14639486712146468
86.89838752051213,4.100267909124408,47.358544491809454,1806.6133606764581,0,0,0.0754517885834578
92.28692312579923,4.014297556582913,40.8884902289512,2061.951687543749,0,0,0.27779059270321327
92.6756543198962,3.9534216441526326,36.02670407927098,2026.7684860624247,0,0,0.42161968509340264
95.26835418138265,4.019805656412789,36.44340044726716,2018.9052976697685,0,1,0.5059809050634915
106.08163631013079,4.42018757615336,42.975655929568845,2157.1054224137492,0,1,0.7117259196212928
88.58442218004761,4.046688351776665,46.49346645496712,1636.2434158748965,0,0,0.10005666124174253
83.61362204369237,5.312483762938388,41.40959010375525,2123.4080832709124,0,0,0.163498929600252
78.96544617588378,5.540553073857292,43.443563722773845,1868.1151540948981,0,0,0.07927495516247672
84.15255968046465,3.634032369226265,43.04868861668353,2059.9946599591062,0,0,0.07294707562071305
89.73498421700963,6.90659798901055,47.0953220667876,2287.222953569657,1,0,0.32082638938969216
104.3564629081423,3.5299065472390785,30.252049136369834,1632.680068033691,1,1,0.8614350582777954
85.85910960771062,2.5732990792769943,43.33609469652264,1915.6119041991292,0,0,0.05528067960973845
91.79030361311119,5.571167107047578,44.91868021951782,1964.4397297913408,0,0,0.3048941004095681
89.86861683141798,3.77388779837849,33.30638146932213,1845.7193085288077,0,0,0.38711422093104575
99.50714618758467,5.481937206136082,35.57165907996792,2269.9488488398874,0,1,0.8050274783575091
110.21545940698897,1.3944970983492047,35.74608625685923,1783.8834923598586,1,1,0.726639352029945
85.75304981663743,7.088683912224601,36.35604901811308,1833.3798801672983,0,1,0.5263686751091918
86.08448445985422,6.008440112060603,37.59141474532237,1787.0242601143807,0,0,0.376278020112025
98.35328701655257,2.7492851762554977,41.213014065274706,2327.6166234316406,0,0,0.3289542707832158
95.45513191701049,2.7818343142305713,44.32837325583685,1852.266766276335,0,0,0.17803880902393796
104.77365860588827,7.508398856146291,45.40658478884268,2138.013617265067,1,1,0.862361378726427
94.67142548260772,3.893930144753062,35.81088469416109,2592.7115303690225,0,1,0.5002709020332466
87.12566327370352,3.7487227269010646,35.77648500648509,1977.5544738948245,0,0,0.23892633340882236
94.72523864553847,1.6009218587760756,46.57910920008111,2333.618204009947,0,0,0.08102411259060964
98.86962864466327,4.473832691597669,43.23371967709322,2501.406225227938,0,0,0.4775215581295248
96.56385744957892,4.658420577746371,40.41432420934498,2308.157468012124,0,1,0.504087503670732
94.05819224885838,6.073239645154228,42.366683377774834,1994.959605206678,0,1,0.5124055681959001
98.53339751671324,2.901382357723287,39.8509810907428,2192.632327699584,0,0,0.38833447407135685
99.35436472356538,2.7195698116390856,42.62292341523808,1613.7864220593965,0,0,0.3072386806092253
101.05727192830022,5.676443952164715,38.3196665174713,1765.9870525550143,1,1,0.7929479619032388
95.18967910071714,6.5100951068405974,41.344024672196156,1818.5974455104242,0,1,0.6287427019543592
88.66305535746517,2.6432714733231752,32.44726974815252,2672.183636052285,1,0,0.27193959461850015
91.17370949146658,6.6222711294496115,36.561078525872844,1756.2246457234198,0,1,0.64973004772347
99.65207173206686,5.056312762230232,36.614944116048285,1751.756974621451,0,1,0.7455867966357334
83.46451463210211,6.637708008611968,38.12804983396543,1686.823705925305,0,0,0.3415068803676749
92.94938647098321,4.894669457723575,35.36743372610126,2167.9435285792283,0,1,0.5619046007770566
86.85328950138111,1.2165831237680744,37.33228187088459,2042.7864178006648,0,0,0.07201369791653578
90.22995858347853,4.772048926525942,32.4279296880094,2326.0276931079693,0,1,0.5485020755274552
100.22761490085838,6.590215728006905,42.7435023819745,2201.3778998232065,0,1,0.75347149433501
91.52879254415923,3.6593809713744285,39.587432405443025,1585.8830459827798,0,0,0.25115736658450777
90.37149238524918,4.418052546638822,31.473961961119915,1757.816668996889,0,1,0.5333942219296064
79.12115087216064,4.735799744673533,35.82585044726663,2409.5986244827463,0,0,0.1417651466992608
95.97002852821777,0.6507291801972777,41.68300713781083,1939.0105266269584,0,0,0.10918189406982906
95.1638734491286,7.507021363156214,37.28489026807105,2356.277545405404,0,1,0.8223885982356687
107.30603778644368,3.647936480154238,36.51529269930952,1955.0957156254049,0,1,0.8210203393832249
87.537774120376,5.758603148709199,39.62703661495962,1709.7030715134435,0,0,0.33625060846455934
91.75320262131152,4.869948295777687,41.71798767589108,1909.0217666999881,0,0,0.3205883808050875
91.99506946968604,6.88642858453904,32.8182377148042,1709.5850613350913,0,1,0.7900283573592913
102.6196262381078,5.609084183642121,42.7506424060894,1830.3341712792728,0,1,0.725881397295748
89.23763574090438,4.647613592718538,35.99853359196312,2060.277711969574,0,0,0.38429022894245285
92.23217220616272,3.65972736122108,39.910360158751004,2153.4815271107063,0,0,0.26962026627298613
94.86317207773232,6.196776052073208,39.82289929654245,1522.9426030237105,0,1,0.6246610876428184
91.49287298525087,2.189838044068075,37.36466940880113,1994.7895977472706,0,0,0.18757235014888196
86.42853108359577,5.968835630413839,34.88170126934643,1824.0152793320742,0,0,0.4675368411735708
91.55271994318646,3.351432872667691,38.57156725953868,1805.4755573123562,0,0,0.2520588540616498
98.58905399887817,6.87842549293496,48.12665154537598,2039.805385739923,0,1,0.5814119675972504
81.78787760471153,5.241949313994042,33.191624847681844,1834.8644381932363,0,0,0.2891266565160893
91.06375739317501,5.966185651775163,48.46156509552438,2414.6413984540022,0,0,0.23833683200431358
84.39903348048661,5.122983220737079,38.70139414461734,2356.418562875318,0,0,0.22245622104471222
99.56037303139874,2.371434357288505,40.176857085443196,2354.548488182612,0,0,0.3577329576384993
77.81450476172981,3.708906254906992,34.56644594307636,1851.5269413529095,0,0,0.08827157190304954
85.5286252218273,6.008584006417074,36.143652916612595,1711.2503495242033,0,0,0.40012744225311436
93.01769500051617,5.249983726039766,37.485451749809904,2024.6089788164347,0,1,0.5360559156861427
102.52419223387473,6.771484857958508,34.77152514561044,1954.8954901141199,1,1,0.9251505601358415
89.47399791141609,5.604911844555757,38.95541021314564,1817.3530512729906,0,0,0.4042621233819189
85.55840378645442,3.54994716394601,37.96492054096615,1647.2796659999117,0,0,0.14570768616996171
105.04925655552472,3.805903793419049,49.253905712178664,1987.5446092195784,1,0,0.4182884462703338
78.41588879667005,5.154376085784856,34.17012907159769,1878.779164924258,0,0,0.1776081235631852
72.40955234703935,1.5289339009998422,40.51345258374294,2206.504111111406,0,0,0.007966004192165206
93.52011560042666,7.510162828434478,41.239231409509124,2199.531815456444,0,1,0.6884838659983588
85.98356620517912,5.662620104566336,34.648397256740814,2330.239941626815,0,0,0.43295505768688225
81.8301374629543,6.8405518955733084,43.434137477264194,1622.2113344359886,0,0,0.18729197168694744
95.66685157839483,2.6290940887862466,38.00836493559186,2120.3174923080896,0,0,0.3202781683870029
91.95040571016959,6.866847740532883,27.53805174208466,1781.7602881298983,0,1,0.8790002656230366
85.48737095410617,8.347248366541622,43.29924806052283,1633.8757367566745,0,0,0.4393472668770515
79.75756481063284,3.0186824669340235,34.41529557948818,1871.419328915387,0,0,0.08621859831588573
96.97965862624116,6.15710269235565,34.76112526930451,2320.6114940403854,0,1,0.8148089182420117
95.20160942366928,5.00166491703094,43.43951041446199,1888.3044939288548,0,0,0.3947932484463374
89.20659308976494,2.683349227627634,38.26419258790775,2469.6363979877337,0,0,0.1624413238004853
104.77309596838133,5.739325957777805,44.5888607527575,2164.6635546561,0,1,0.7549092593632996
81.43932186939078,6.2504048072560225,46.05083047682659,1881.772856305827,0,0,0.10831427143703688
77.79579863260209,4.098310170996729,36.77535769838851,2348.0145286719226,0,0,0.08284960657149969
84.46473544095005,6.748874780382835,43.966312479775155,2133.619031634286,0,0,0.2360795658443662
89.63531186915601,2.4998548898162034,36.22269599303559,1720.2321834659883,0,0,0.18895554056798086
91.94671559458153,2.7578657803255338,51.16557958566088,2557.6407906741547,0,0,0.05470785051393872
88.07011153714936,5.2048960933831285,36.53521497734393,2077.843646925943,0,0,0.390636475322404
92.81644317211438,5.038077916958407,45.13043720480002,2005.6388575956476,0,0,0.2788355874551637
79.98768460647645,3.9251397673638424,44.21895012940788,1743.3401990283153,0,0,0.040689799482004754
101.55011683258607,6.214391653957829,41.58043911054467,2353.8614802823213,0,1,0.7835558420434896
89.34279057285946,5.796341471323924,36.64728419291659,2155.182628208392,0,0,0.4992520848343617
98.93836665270501,6.287208606401024,39.24301254029295,2188.771454088572,0,1,0.7754611091992955
92.74180277102164,4.815295346971599,29.23205943527724,1847.7405969422693,0,1,0.7187512683738182
93.65402575323027,5.903870401967511,41.12210019191125,2250.2301715730205,0,1,0.5224207563625115
94.55813824185763,4.331524545455008,41.74807665514193,2273.5440780712406,0,0,0.35754078202249334
93.58166848013852,8.080728035129894,40.66749709530686,1799.3665283656633,1,1,0.7521345538288714
95.14178207894035,3.7811813448170213,25.133469143537212,1574.9029580957026,0,1,0.7854745490638858
100.63322024105945,8.157946144187468,33.671817774550945,2174.411917801677,0,1,0.954472785861542
91.57216935761176,5.052331920634113,36.259545085756685,1527.9959151182782,0,0,0.4932216612951143
95.6720300607081,2.936733665646886,41.45829466594523,2045.6047333513338,0,0,0.25890273992988805
89.28211444570219,7.052119025732901,41.44669452821492,1865.8264685638078,0,0,0.48508251375057376
101.52093772359578,5.1888520825924385,39.148881040144104,2365.599563236676,0,1,0.7536833059358905
84.58886158352584,6.2766861475703575,43.17622768301978,1882.1468327698378,0,0,0.21560475068971266
104.40752346328652,6.83578387781389,34.8687881234855,2332.181891601141,0,1,0.9437832768929784
89.67873639484526,5.506933331217538,43.051175028469984,1845.7371666910922,0,0,0.28480731840965146
78.55379918305562,4.111638732780778,42.37371052419945,2299.9973015178834,0,0,0.047251264037598044
91.02483531928631,6.463570066503875,41.88777366418955,2618.1024631510495,0,0,0.4769414474274931
84.55158674020095,5.001133261181893,39.08979784457172,1679.585858490128,0,0,0.2008577440277125
96.7251483919098,6.028786727912628,49.15371912415631,2087.6107165192725,0,0,0.3892333605499132
84.77900816558088,1.7694041393128082,42.46597844244939,2824.6347247730196,0,0,0.039591832655383734
86.43053253428177,5.670472575514777,35.15832068373221,2019.9766480708765,0,0,0.42822932222516635
74.88367415243576,4.042121262282455,41.24152737867992,2018.5364810688945,0,0,0.03152258536004799
86.38154944600738,7.479964455767796,43.762416885371096,2236.5496842053058,0,0,0.3690111912265971
70.60896538696835,5.934631021833643,37.059457005378455,2012.3242592284262,0,0,0.06773664273196325
77.32877741211422,5.359786618773945,45.4463612346555,1487.8322016288344,0,0,0.045493879653342784
96.08331724915438,5.729464990025332,41.91016852858005,2339.6862124516815,0,1,0.5635325298161179
96.28640126920666,3.5023387206849224,28.287608311673264,1399.1154758404423,0,1,0.7147235849572974
93.40366049427972,7.434885035792081,41.498359886689634,1874.9625046584974,1,1,0.6653905771268618
82.2641908549663,7.987055627625357,37.96985422793642,2362.2277247469947,1,0,0.4657599336678451
89.61830915086416,5.589370265822325,42.68589907270868,1893.0372714071643,0,0,0.3011590682631369
89.97117968727545,7.385605352860458,44.72107420125907,1791.8910522606789,0,0,0.44299611529988064
80.73308248645967,4.146277701991199,40.97581023570909,2263.779171549968,0,0,0.0752628867716141
102.0271864141372,3.804329650662529,48.32626116972348,1744.665563949684,0,0,0.3424790368656253
97.01889832460537,5.061387123093384,39.10646557718252,1633.332284122414,0,1,0.5952793943318365
88.23228660936269,5.652411557551848,43.12408911526938,2082.354196247985,0,0,0.2593479236257871
90.21508671195625,4.409019978135319,44.02471286818674,1945.1230104762228,0,0,0.18721440827554445
91.66706246358042,5.806652285552726,39.51327015553634,1626.8980657433474,0,0,0.48216424633936406
73.66612105260567,5.459584223110121,43.89387153988891,2191.085761998461,0,0,0.03674881732232047
88.02258093983522,3.5025398370634173,37.02663506418916,2139.3462816731703,0,0,0.21519538722140585
84.54412601601761,5.778189526177582,37.88715790489391,1892.0734950183105,0,0,0.2978927138669885
81.98703992084067,6.2952923637822815,33.43755654831844,1912.600398162516,0,0,0.39837971238380593
87.75119765691237,5.257203976385586,41.20704558185024,2141.117822602747,0,0,0.25880200049218655
104.38149221479618,6.7289721548925385,41.62625837927172,2357.10842592562,1,1,0.8714900706007984
95.12674289013609,3.173894309754572,45.89631579289615,1915.1620369672025,0,0,0.16950033507641066
85.43056808173762,5.701925633197778,43.95570002177942,2196.4065479024434,0,0,0.18003739226268106
94.58066225084927,3.2445789404048377,38.57602221676284,2169.56006512538,0,0,0.3341798899014182
101.19484349268802,3.3288779626503686,34.109101563328615,2263.792187812693,1,1,0.6998502196799722
97.39706946330215,4.053603749393315,42.16425201259987,2011.7927596230395,0,0,0.4043791335756804
90.4770429593614,3.5869097246386326,45.553765862073206,1726.3023457800928,0,0,0.11725338217038829
84.82450577835542,4.178006271888293,43.77592486901972,1861.2502540400092,0,0,0.0908748861447387
95.58578650890873,4.6787745339332165,45.422387624286436,2102.8560397344945,0,0,0.3189074433443312
93.147883083374,6.255731729497077,38.940552344008786,2545.5393135144777,0,1,0.6170596623658049
97.16154576022186,4.518261441941446,37.666905159121775,1854.7941130411164,0,1,0.5872481227255758
95.08137441345576,2.621561439845611,36.31549323884101,2241.43623305822,0,0,0.35081565210038324
98.39642172255468,6.7101017697427405,39.720517666932025,1901.583064796972,0,1,0.782230456457003
85.71811830751545,3.7443647995774407,39.607046020155906,2033.1406267658408,0,0,0.13721712920008533
100.5391525250746,4.911919359343057,41.03338814269558,2454.619024779078,0,1,0.6504099070386111
91.5807968375392,5.6698047604110675,39.35351271482246,2229.28777442613,0,0,0.47857808763873616
106.60208698100212,5.299415627604175,39.33186135136614,1627.610218177713,0,1,0.8590408949503809
84.48649745528346,6.641269321282213,36.11652973513928,1828.2574928565227,0,0,0.43835370777029237
103.887710425322,5.718504715089138,44.708095067757455,2376.8664033324076,0,1,0.7292255018240021
91.58328626770118,3.7080356304543383,40.38259031121856,2042.5634127885487,0,0,0.24373590956272548
84.78865597108441,8.267843260987494,39.12778032857359,1655.347964115241,0,1,0.5377455948815645
86.12891332756543,5.29150019500735,36.26285373375398,1754.3142665078838,0,0,0.33992859896214456
87.43722153444544,4.778989660067741,33.34043444804457,2211.0480568133516,0,0,0.4216185465108245
93.39332757121534,6.445888134583356,46.53982096274672,2298.323084365289,0,0,0.4062661708152638
94.18268390428399,5.374176418895108,42.77319354065904,2005.3565904446523,0,0,0.42412298553513006
85.41039996849136,5.59884228940899,31.880410787150165,2742.5941402808307,0,0,0.49967904787308287
89.80516326191214,8.738275997901031,43.815711503548286,2247.2457090366916,0,1,0.6263038441508629
107.13816286889491,4.58731785761743,44.61240585116555,1926.95567911013,0,1,0.7121729243810329
103.82034536080569,4.5233586589739065,40.62188061150465,1755.2881855701967,0,1,0.7121470124458597
93.49058935739225,5.174867768018696,47.990554478758796,1707.5347086082875,0,0,0.2359595064909262
90.3040278253456,6.607273903371558,41.08359821061441,2100.626396144111,0,0,0.4850132382993328
90.96025061374608,2.7401989547144012,32.91588236025405,1853.3668865259779,0,0,0.32449810643973104
94.90814378184334,2.051666162785242,41.825845005241604,2502.1231261950275,0,0,0.1704797798406716
81.81765947841275,4.119327094069779,41.22448650856364,2439.8935408753578,0,0,0.08402874997813663
87.94098770061323,2.549115561411069,36.98351575610923,2189.919964249168,0,0,0.1498429400081198
76.65132740897928,4.362752978711542,42.86779418438712,1646.3011481129313,0,0,0.036939075710592136
93.19378498084224,5.753749544193935,31.66167366904569,1798.3343382342784,0,1,0.7545744094524578
95.17756751762192,3.6638767046716048,44.95283413721395,2376.7032577223304,0,0,0.23045105377384748
86.13450830160501,2.8597601348279866,35.609391481972736,1831.0801400614694,0,0,0.15503604017996703
102.59189410632027,5.104005742573022,35.07526937441484,2336.6425201758575,0,1,0.8510338406617164
80.19387469598126,6.293815226922756,39.430876138462615,2142.381176910428,0,0,0.19672626442562938
78.28500095832143,2.457539842225081,42.16486464021818,2015.5153654439562,0,0,0.021956401471024168
91.79561454847978,6.230348597458976,40.81962031796715,1789.1501561193677,0,0,0.4968628818715487
98.37678642089723,6.225959305607489,36.28670417113811,1971.7268469425744,1,1,0.816406039175509
103.47142153166295,6.431127653234942,37.46955354404056,2056.8943864624694,0,1,0.8961833892832377
86.32892589704848,6.827720322307529,34.33478826311269,2309.7616694903363,1,1,0.5875319069593999
98.62944666745037,8.303020886989424,38.87660049185065,1734.2793198098736,1,1,0.894822253220803
89.69193224399434,4.465861927071417,45.37510607255455,1921.1549472421655,0,0,0.15607309094086103
88.61898160047345,5.164357370116787,39.978685311780616,2013.4469395796855,0,0,0.30434187223985343
97.06927949989338,4.375342350127962,44.297071273797265,2198.8035073058495,0,0,0.3676762465669877
95.21858302730736,5.002965267133717,47.27700668863096,1727.4606987431669,0,0,0.2848002254512509
77.388862744126,7.299310033454468,37.05990740481516,1605.0290621338354,0,0,0.25502228939841615
101.81232279780717,2.982478274103997,39.06713373472318,2202.1895455130148,0,1,0.5353523871812387
101.04073083317961,3.708425491751637,50.855964305312476,1544.615265515989,0,0,0.23719408203964207
84.99549838792376,7.065771404756842,47.221717059899724,2385.4939144286504,0,0,0.20602114430451507
93.16642826749927,6.530054760353135,31.637977370938238,1953.2221707551275,0,1,0.8161567872209342
93.95224149026191,4.455302529774383,41.93574158030453,1535.740675317666,0,0,0.3346575491497558
92.08539012659125,6.28160300168108,40.00279996169848,1855.8739341789517,0,1,0.5397881236342637
85.59755876923664,5.51182376373805,44.13226555429381,2113.7370899207713,0,0,0.16683119221681986
84.62701305649558,7.250411913501482,36.27510616257472,1840.1896737335067,0,1,0.5083172276073353
89.79556743206844,5.111764390740159,35.80195813979664,2006.0089246473042,0,0,0.4605357359493134
99.38183215407491,6.5384481708088735,36.619646423531954,2222.023509711586,1,1,0.852143856752076
94.34880123675546,8.96301786573893,37.140357269007836,1939.3428993837142,0,1,0.8889259351556313
87.03508534331115,5.8971487325712,44.07662083404507,1718.88269706016,0,0,0.22285701513221837
96.17358968518676,5.0739922486922655,34.0939941342556,1910.3048007884477,0,1,0.7163554518913579
67.2116590349594,6.083670477831469,36.886930500203405,2424.452040937778,0,0,0.04838264512734811
99.19012560297682,4.452078712694172,31.054938047492794,2505.519303599955,0,1,0.8155656087001509
76.0822897697752,8.581951558287098,45.03558911706187,1394.0221478173175,0,0,0.1561216290487992
87.10047246877494,5.270106556543972,46.355150497155705,2327.308372757443,0,0,0.14475296700548954
81.04264084299085,4.59060001966173,38.364632845681065,2075.044314810607,0,0,0.1253568199418171
79.64254819423276,3.7464664924699456,38.51025317593388,2277.194803736045,0,0,0.0736192361170019
99.28661429902816,6.645830287409657,42.266109511414484,1834.853521919711,1,1,0.7401879742534675
86.25839038950487,6.300781119241608,47.37241003689128,1469.520947149554,0,0,0.16718998896723244
92.77203105384572,4.25396844287886,42.043053737819584,2175.3466365942386,0,0,0.285850059772319
89.62463536896652,5.8646770176836345,36.512290287624424,1717.706821615185,0,1,0.5138891672541843
93.81632661778497,2.7371660476807156,31.905887140067797,1583.5122705545443,0,0,0.4439056513312979
90.61457512848204,5.2774558626097345,34.42436868668256,1604.47958525796,0,1,0.5449013138810758
79.73606220649144,5.679134528115042,40.36609725156232,2180.2741347246,0,0,0.13353798262759134
97.97013455557712,7.560994714338834,36.723362383996026,2041.8357398087592,1,1,0.8807974737959423
86.0499473347095,3.843771795906966,40.97483852995379,2234.739806562402,0,0,0.1294406412315463
77.547344810722,3.0824710567965132,37.23537991881883,2200.7225763489096,0,0,0.04855429385351045
86.5750787122727,3.6568580586124373,34.70926784352794,1873.7199306248704,0,0,0.2405161439304298
102.00607832507448,2.99514724952762,34.11484184273465,1978.8579278367633,0,1,0.6870517420786046
96.80177393690795,7.004986036638474,47.81177254686615,1846.568741365238,1,1,0.5408332094486435
87.21078292473713,7.322958942536054,44.444938745918215,1936.9016681403527,0,0,0.3544896734784125
87.20593836545257,5.480324866923244,48.652589759139794,1709.8235786056803,0,0,0.11951000709516682
87.42691959026094,6.831942418527722,42.699754503775516,2117.1452881623004,1,0,0.362994545180744
106.61398386848673,5.200937570870353,37.850042956925805,2322.536224694527,0,1,0.880582577882649
93.05548361785243,4.857332528448851,46.61670461244969,1755.016091053704,0,0,0.23057147125549834
93.44033317752856,4.500443571419358,39.83465999319116,2384.3808936204027,0,0,0.3977258584027984
98.24226763225474,4.534413512933652,41.10420885145176,2034.0564489433825,0,1,0.5220477695767584
91.91031327221211,2.678297665536453,39.785878104622405,2072.323692921744,0,0,0.18488655497734438
87.92766283343437,5.396382145411009,25.265478903579925,1490.1711441177445,0,1,0.7331251938348459
88.42920120732018,4.939499134678934,48.023675061474265,1457.8213071302798,0,0,0.11789228772214079
89.42718992468748,6.118041086116814,42.455019729788766,2043.2349088339047,0,0,0.35765678821021196
89.70222210792127,5.140285244657915,41.64911530434255,2236.9196373896025,0,0,0.2926320991657563
95.82103634909583,4.755944447646362,39.6911196886472,1798.5858669065142,0,1,0.5036515541057932
90.4155670864584,3.693210454988554,40.81713910193066,2501.028170174927,0,0,0.20971454026083372
95.86112061772464,5.108229855232642,37.01360532076876,2220.480792276295,0,1,0.6341031610968921
89.35426735913134,6.107355846224243,43.082896761536354,1727.4976244876045,0,0,0.33150206844757346
90.62908152252872,3.2849915133742087,33.46450827800434,2009.2546001160522,0,0,0.3572354014632759
74.01439452374314,5.1312106305211085,40.93034216235274,2743.0787401170237,0,0,0.04942713802103491
97.33062139761985,5.349564427294226,42.807867352855524,1627.2307991600883,0,1,0.5233219077927159
92.77190780718394,3.9229028245726036,39.00665433088548,2158.4809816745314,0,0,0.33513875081820127
97.98408087887722,4.118215542638,41.85433896235512,1903.1766341829973,0,0,0.43944008860535044
66.82995697445048,5.345916273149322,35.04332803882875,2212.0688872755536,0,0,0.040958572680091676
106.70699763824582,3.2998684725610654,35.17086614552018,2380.1820938955143,0,1,0.8142455486512821
88.88328297475861,5.524885572874089,41.18358560513197,1884.1288733865897,0,0,0.3132890007406175
98.86546253390013,3.6569684395112,43.392748273105255,2335.673681512152,0,0,0.3779405806738999
81.68075258299575,6.594280539549825,30.625671722491447,2666.3610182815883,0,1,0.5223245864928614
94.90219124050056,8.50674161808245,42.61010317555383,2019.8824212032705,0,1,0.779038918422449
81.57267549461075,3.7088647974472706,37.283992498118316,2235.4666062482556,0,0,0.10647391658249411
85.00984831443355,5.801311793562012,39.035969563462935,1822.8677689390174,0,0,0.2825993898309048
105.31225083093429,3.909887142676971,33.30241038217481,2005.7777927093637,1,1,0.8550938609002713
88.47454079389323,6.5614312606966845,35.74191379906646,1946.9974721875271,0,1,0.5814460595513161
91.73946298543778,3.1021123863721773,44.830626627651554,2239.080777697579,0,0,0.12570715670755017
96.96054184551004,5.7208801376415686,40.164316869901064,2361.4027807270777,0,1,0.6449048778167357
93.96545510378084,3.690516549665971,38.08610799145221,1967.1035452647623,0,0,0.3724977255111974
91.20335124114861,4.689523116352447,39.417558236844826,2460.086853719877,0,0,0.3582688014919191
92.9196880197298,3.4534620872790396,42.446059123321504,2459.0142324684884,0,0,0.2148726868298658
109.2273246819062,6.233525706343631,42.20247248081669,2254.0561229539703,0,1,0.9075392976793746
89.53904962373132,3.7445294683406196,39.624864998015994,1845.1920404834816,0,0,0.2110072631428022
91.60879237371974,5.827946388997741,45.464795554483345,1816.4513549780293,0,0,0.30783955806479935
98.4052351680609,4.4838529576065005,44.85231318453333,1756.2855935929883,0,0,0.4000277979772682
98.84420746366388,4.828291442301706,42.06686014565198,2284.7498210714484,0,1,0.5505590240709711
99.49624244448304,5.221633861100193,40.273058914550354,1636.4695377531907,0,1,0.6589977085528995
95.10984177623348,3.857262992511727,43.286605475597696,2203.0512962333023,0,0,0.28355165881461986
80.85596069815614,5.31555067031133,41.57133710900592,1675.6671956527662,0,0,0.11230321036704316
103.06745225840876,7.295501846531616,45.304000359029736,2247.063835952592,0,1,0.8203244051533795
80.8292368558505,3.8328578212509283,44.49780688369154,2005.1658748191683,0,0,0.042996031228299224
92.42108372191227,6.7577152149107675,34.90873049291136,2400.0915685579484,0,1,0.7516188500323631
83.96579319984514,7.247146450231677,34.57018414629147,2342.4363734963813,0,1,0.5470750990108648
89.48689322725606,3.7757675164579343,36.49375227797962,2430.5196236006336,0,0,0.2939950751055356
92.63009928242785,2.8174180923641723,44.880693450334604,2438.245615486734,0,0,0.12575882822831547
92.57085772360219,5.452941350257647,32.11845501614377,2043.0892501964593,0,1,0.7018327804722384
93.37536603388227,4.17888871584969,41.97378694553996,1652.3620800726185,0,0,0.29064493476265185
102.90969015246918,7.802904828744504,41.812715455464804,1684.2430835007865,0,1,0.8941947194773677
93.62827441211184,5.052211310749748,45.813240293430965,1373.9454412052187,0,0,0.27705914873682713
88.04674691767481,3.7967008879472313,40.90169345331944,1674.900249971572,0,0,0.15753665068638636
97.71269734630685,3.279260733482433,33.283953047080495,2020.6470973113946,0,1,0.6045890905334
99.51576391139713,6.634857438636246,35.203225196759384,1832.1037457524512,1,1,0.8773653905410447
80.17913747890407,4.14322403887372,34.090022390510875,1945.9593186770446,0,0,0.14965798874648206
94.77920055879886,5.065743199190642,37.3102801683343,2147.8146258384204,0,1,0.5833335414738298
95.60938193848719,6.4337041176687215,39.085492162880364,1908.7804225802727,0,1,0.6989437975959513
87.61949197312006,4.273612472103755,34.17279236889472,1663.4513598762246,0,0,0.33944899675226403
101.00565450649296,4.931106756889759,47.353309953261444,1984.0298997309703,0,0,0.46589269315993354
88.79955530373978,4.97514738526622,33.373593140237794,1730.4528539681464,0,0,0.48208695217266134
91.00461162777233,6.024986767274138,46.7305171193124,1918.764050906281,0,0,0.2774241107165813
88.61542540572904,5.886116503265489,45.9258151571967,2402.8330893269012,0,0,0.22774358528228214
90.12463238065175,4.669829403117757,44.491512748445174,1918.8484087711477,0,0,0.1944228255809194
81.22979930483838,5.095473592244777,36.531166962516245,2531.2872660043236,0,0,0.19450174535836787
78.47959293924565,4.442331482714767,41.71225439588451,2429.4907960813907,0,0,0.058999515642996214
102.75604050579977,2.783581389620833,33.61314433224691,1826.208407426287,0,1,0.6999412113619227
83.22430921345338,5.386401286097194,44.554535175168745,1666.6628700752674,0,0,0.11089573638115482
82.06886120434955,7.838287641249602,39.63007609231865,1984.233751423942,1,0,0.3849377679398109
72.77287909117028,3.674421288963406,37.95339892706657,2345.9983290190667,0,0,0.030722214564076446
84.88830601848399,3.8404554355959455,33.88127576671865,1852.9427281313936,0,0,0.23186219139670386
79.41528165274002,3.693908342534388,27.612469406854917,2272.427089478642,0,0,0.22981052936431262
103.13612128109095,6.0868876680846835,34.80729571482122,2362.5319967408263,1,1,0.9094962913240447
98.07853671474108,5.67272818129466,45.56399097806453,1767.7923048912182,0,1,0.5018855449290769
84.49479723857822,4.762193461375315,37.98583285762598,1797.1846735134238,0,0,0.20564828439587082
108.01948644275447,3.6229714075415527,39.15335571442476,2213.798609638102,0,1,0.785008918146871
97.85412389593276,5.1385651874598866,43.27777179144226,2045.554264892471,0,1,0.5095083285712403
87.40134893193103,2.6530668089962934,49.028344390581324,1794.1815420368964,0,0,0.035074360878150336
70.00475428101142,5.21513985028624,46.62502327472819,1894.3458655641239,0,0,0.013970200115747138
108.32754058072594,6.307286579131901,35.13832498091906,1978.8441341817743,1,1,0.9555383837577733
78.88342026589123,3.1232012950494834,30.28714714281297,1530.5436725133618,0,0,0.12616751475631258
76.83681002434487,2.7012225847555045,51.79807129550052,2229.6929319448086,0,0,0.0061102295111609825
98.18056345607712,7.369156837542289,51.344958058297266,1856.3923433182426,1,1,0.51946299082062
109.51801925071419,4.082360540743123,40.94226798214641,1164.8851328605704,0,1,0.8052496008056192
101.07418254808414,6.703921768915733,33.64755877209089,1992.8387095071641,0,1,0.918735814507263
94.51127296041888,4.769003502203253,44.816132669469695,1777.5286223319476,0,0,0.3073136023571294
94.75803473332229,4.757067774588009,39.460081569936946,2506.646657690803,0,0,0.4858312578790734
96.82732447024246,5.657619049244968,39.43509438446695,1824.3664937240096,0,1,0.6468162076259198
96.07142871829411,3.674001714880339,44.47229421552564,1670.7069909264167,0,0,0.25678514956222825
92.249531391755,5.198745715243469,41.67187373436649,2152.379800988605,0,0,0.3756895937718066
90.83360883161501,4.427765877763861,34.07092544492527,1801.865789597725,0,0,0.46933134078954
89.49925497680383,3.019259834892453,38.37629032459013,1766.1631396243304,0,0,0.1815376489931409
83.96828328906659,5.506223112089598,43.30576464330673,2152.8504148473216,0,0,0.15039143728160626
87.7545993850658,4.605038289683126,42.551261112025095,1687.8598076331302,0,0,0.1746633137012921
76.45634548643692,4.764462757332939,41.31008287179238,1562.8179025401641,0,0,0.05159022192840385
89.213282985642,3.184758584878763,44.66711477237932,2517.799400628301,0,0,0.09838150243413105
82.09127114279266,7.387100551644206,38.19141506091368,2173.8496212801933,1,0,0.3825866400934854
81.17128546227383,6.315071279579174,40.89334887609536,1920.7372145016905,0,0,0.1884111290924695
91.43915320922783,6.446233826257968,23.122104499111998,1998.9568370894192,0,1,0.9081435771082468
101.1360182907568,4.541832946337477,37.75174903078593,2151.759307434847,0,1,0.7168237714407357
97.3465328480185,2.4062256657448695,43.819514542878224,2292.0012348840264,0,0,0.2068248261950852
77.43599517101458,7.929376073734266,38.048027664414285,1773.2074126054965,0,0,0.2913605277965103
82.0829749074373,4.908353737991198,37.66886304141444,2109.8439577897047,0,0,0.17360942008754301
97.52616950390572,3.8768003059699194,34.79273524112591,1847.9887471369284,0,1,0.6156957219775427
82.14010085169352,5.6252023617246705,45.01682946364573,1943.3056266462127,0,0,0.10310900622897776
88.2029348000238,6.750681182004946,42.742316367702855,2048.2078602394713,0,0,0.3772352728642131
94.40041679219641,4.9654241658718,44.127072989115426,1997.9964280841984,0,0,0.3462324827244264
82.25324436109092,6.917862751909062,31.368930190210552,2220.6700694907713,0,1,0.5484726702632374
90.84300404916767,6.624499907775302,39.19774978367183,2146.1259677346784,0,1,0.565897905360353
79.32779604065436,3.3854282188969123,38.59944496124997,1547.5492371883468,0,0,0.05715125243265523
85.18905884839029,3.9893148415107853,38.59714146700724,1592.6530378803673,0,0,0.15426215443811614
92.55825547314029,6.436305744919651,36.91986228141022,1889.084994572212,0,1,0.6658301653157995
77.25605013174665,0.9310811542843433,38.26947864109992,2548.5875787325476,0,0,0.016063597668720793
93.52379790368319,4.775816460252517,44.24822391353326,1744.5224502495194,0,0,0.2935794964575726
89.84289760858655,2.8537531975629924,30.43574323326085,1937.533187116174,1,0,0.37341615362710157
94.41991963533718,4.285169297849713,48.88647384015227,1839.0961919130434,0,0,0.1737173282420289
91.7913130725173,4.551769866456194,42.41920562513231,1833.786684773576,0,0,0.27166536466917446
100.91312343979075,4.462633433138738,39.788340521698935,2053.4719231715167,0,1,0.6448984420291812
91.00179602118325,4.171608121831087,44.534170731864634,2420.2331828586953,0,0,0.18241616347222478
86.56475567099798,3.354284525556779,32.740826274157826,2136.790519964177,0,0,0.26427139324285814
90.97838002425827,8.437866900228029,36.67649547424493,1758.9407115718723,0,1,0.8042117322480316
94.3463842322911,7.801193006242026,39.39462283804723,2825.968853240962,0,1,0.7889157844602411
90.39088056260563,3.2569012696155752,46.82780185216089,2023.5719662883378,0,0,0.08914763597127044
90.32473352963106,7.373175126955351,39.76751709436721,1826.833713085366,0,1,0.6092234741978297
84.38406649754596,4.400801764290721,42.25027335592573,2423.628912403277,0,0,0.11598797551236459
84.69679265959242,5.1937812099975655,37.05210502031936,1859.2788146168546,0,0,0.2685803963117824
78.77915782560245,4.905089060154626,42.43421034483745,2498.8740964962326,0,0,0.06907749744143235
103.99661394549551,4.010377038119051,48.38619796487228,1738.80716271,1,0,0.4280633348959016
80.04909411686972,6.47577851540922,44.97763345837057,2429.009116676411,0,0,0.1164959027258956
84.45675841763274,5.1888297958649865,39.592720061110604,2060.3142992845083,0,0,0.20656854127348315
84.25274187544642,4.285172865171138,43.377454236327345,2387.31566981073,0,0,0.09554308929541992
97.15939501555553,3.0431158342992912,42.88758477303606,2570.5297126104633,0,0,0.28087303538469166
87.64040257366378,3.6596074794213194,42.532938358486376,1660.217812843624,0,0,0.11876713120647307
99.98193658138987,2.5379298265968546,45.55976680430204,2382.731546227497,1,0,0.24435902516573757
84.61207500604905,5.018335322622754,45.52238851918733,1577.3288286723787,0,0,0.10105017659183331
92.23195329779041,3.2050016115734064,39.36420701562558,1685.8446934255314,0,0,0.23712710006794377
83.31722357392194,4.601659231222188,43.209395307388846,1758.977162062269,0,0,0.09502136075536688
107.1611930221871,7.055152780415556,38.08452539420103,2151.0909908533586,0,1,0.9472412149268733
80.4992126477639,6.798949359382378,35.38463801842211,2009.904763080458,1,0,0.34792930602564337
92.47856568181622,4.951584658846073,38.65253122148007,1949.859174751149,0,0,0.4449193382032162
95.07021504745678,4.869372910785275,39.61860924130209,2043.8705837067082,0,0,0.49688155720895105
93.31039277961199,7.819811824131512,31.69209505411004,2177.3868767880417,0,1,0.8921888485190371
88.51769872897833,5.781134180538067,44.3016627970836,2200.474437182406,0,0,0.25139194379312807
88.9614344021326,4.508290310185216,26.16337288698801,2328.2500506845395,0,1,0.6656665303141722
90.35049177583288,2.860972824319322,53.57408469743161,2546.010443830232,0,0,0.03452568409635558
88.8239839869721,5.5908098272471145,47.5093956689816,1993.5912882675568,0,0,0.17422230162894467
97.71103293435928,6.243985658874294,38.69495637913843,1843.6733113607252,0,1,0.7491188130745416
107.68418401273081,4.052522713229534,40.04713180281887,2184.0608387555567,0,1,0.7910097160214297
85.54006571993733,5.436804132707048,41.51485936793642,1656.723555120614,0,0,0.2058135503511707
79.04157616336738,4.454640057627456,37.05419806005529,1796.3887603665166,0,0,0.10544259861818564
89.29374361318996,4.723951401201496,40.96309573793468,2299.814283917837,0,0,0.2610362845714238
110.63767470123454,1.268266913656503,39.280000111491695,1962.7614875546888,1,1,0.6325765572402707
83.57060345624215,4.667327894425797,39.52863641384517,1637.5422624925882,0,0,0.1505369084777099
103.11293444355255,6.454053953612082,40.90730531740319,1553.059080390448,0,1,0.8384715000420214
103.42160651261153,4.052896166650163,33.43236100823003,2014.6150038181422,0,1,0.8264493749314543
85.57129406633604,5.0787895523229745,40.19784862066824,2342.568961090403,0,0,0.21448306821594249
94.5518646334822,3.8660739399621193,40.817238733087386,2338.563733259356,0,0,0.3364299663860913
103.0271729850283,5.540662514439159,40.64424810677957,2033.2641508678512,0,1,0.7823778559297352
86.9669780721001,4.67521520369574,38.92084622281923,2602.6728257288387,0,0,0.24792684412233296
88.37135711918111,3.59113768897699,45.689288879846856,1968.5538902178612,0,0,0.09011811999519079
85.34655268841085,6.998827201497692,38.23173722559224,1958.4297129807767,0,0,0.4448013827357713
81.88194615445707,6.3933980202983225,41.136629534115954,1229.7692270783,0,0,0.1974753570293449
84.80577963947195,4.092639854107738,46.48648766962773,1865.7911152516353,0,0,0.06370117429846474
80.20847786590195,5.746682464126666,39.60311929989844,2255.6045104725486,0,0,0.15826846676851522
90.27266774607381,5.806118004230571,41.07231633733775,2469.188401057911,0,0,0.3995517154040754
83.84021415153086,5.963451852516764,39.51807681842551,1750.9296098998147,0,0,0.2523004628660556
91.87028729432598,2.458616156007383,46.186848967817994,2138.6756987879144,0,0,0.08346806233400399
77.55283483037098,6.509909811548942,38.711377192068525,2314.0637096969863,0,0,0.17162373997852098
92.64704185771566,4.145451555611403,46.41677288644103,2003.3624459587697,0,0,0.17533446511728748
96.6682316928714,4.463258099838099,39.48206052676468,1315.015862741831,0,0,0.49803915099418417
74.05011485942836,8.9568226283903,35.70270138275991,2074.186999872276,0,0,0.3608052307685726
92.99245255878057,5.452810071081518,43.396865852870604,2228.429187218268,0,0,0.37752349957859355
99.82135193978634,4.420516286829237,38.47666083122172,1715.7731314944624,1,1,0.6382608634620384
80.32287185047036,1.6920584408661412,43.102504495495815,1923.7536407376838,0,0,0.018181181730946846
103.38057909470163,7.084646200919533,26.35297807538133,1653.3511873613706,1,1,0.9786234577992415
93.35215207492836,2.982185493787096,40.02602630947473,1228.955735425894,0,0,0.22635965912351433
84.35990515393273,3.494841644750745,37.701973506212596,2308.101323536297,0,0,0.1319325395924858
89.55384737873835,4.502971551368226,34.683706567343606,1998.8754398594444,0,0,0.41787263773219063
94.46661530017379,7.124617687550439,37.233794990801,2479.302499011495,0,1,0.7813550905226803
90.6080431312993,6.159859979998639,37.13148427853674,2257.1966575718534,0,1,0.571294335726276
94.31004793957095,4.76324373523961,39.760071025747095,1893.7370715003653,0,0,0.45121923762873106
82.63461125536507,5.462438095458231,33.163367693575225,1975.0458019686773,1,0,0.3392716805601594
91.35488659228862,4.099421460693342,41.58136890129857,2169.8532172310515,0,0,0.24470623642690678
78.69028402476016,5.209480534348026,46.83107392602894,2290.065025026723,0,0,0.04549163194497389
89.1101915092104,5.110005117167205,41.404642484739135,2096.8011892226036,0,0,0.27729766068814204
82.76873886828169,6.4531548435220305,44.04494304614504,2331.6779435868452,0,0,0.1758854241398386
84.11576045928187,6.450767183658424,45.472812273068975,1910.9993789976586,0,0,0.17276364998774313
99.8887454016835,5.740966073308467,46.182447560920885,1700.856935964294,0,1,0.552174935591527
98.73048096475415,4.456478663680847,49.35069346410653,1980.557223931661,1,0,0.2835892822283798
94.87310496725742,6.11273344158519,37.50399000862035,2061.555467220855,0,1,0.6903590890022058
81.26149788261937,4.86204730069543,36.40758007419442,1639.539381578214,0,0,0.17242393467554035
87.46873240244159,3.3771284469303007,43.91732824162367,1598.9833747560133,0,0,0.0880483070972972
99.70478159983347,4.395068312133592,43.541331098286996,2134.2158889420284,0,0,0.48173735141870233
91.13373530911923,5.126790475676486,43.878376498078445,1878.092944588873,0,0,0.2699471080726165
108.55463631985356,6.365323675497118,49.44641227125126,1950.2477283013993,0,1,0.7880586862270202
93.14654271515498,4.72470774176427,40.05684954399247,1892.092200289753,0,0,0.39796327619077887
91.53639293192025,3.186201933140591,42.130782798230925,2456.180270528964,0,0,0.17181989667050074
87.52706828637999,5.085112524945229,35.09805874258262,2378.5283481185,0,0,0.40765368386289114
91.06832723825826,5.170184060084829,50.67660561987979,1628.7938929882496,0,0,0.13455408775185104
88.78024130895565,5.27875644335413,38.317275393954446,1840.162036075866,0,0,0.3652142525855094
95.66486941350873,6.379807273931645,38.45892035919585,2255.001280390878,0,1,0.7166303893932666
97.65361853435667,6.528384860134848,38.26625054495879,2180.580871130973,0,1,0.7848052995747398
83.71208431593641,4.1086836914275,36.77552070677831,1987.5626113010644,0,0,0.1685367080851928
79.35013637153777,4.075784812926585,36.352814755761756,1658.7199385107294,0,0,0.10064449898831306
75.31035701517362,3.4397019335667904,37.38147858555237,1795.2379861539364,0,0,0.04033292862468397
94.06393061530035,6.048223505420714,33.17102035974528,1844.969729736113,0,1,0.7672250571748245
81.17306715060901,7.173230162506574,36.073410398683805,2083.09829933573,0,0,0.3908739544744249
72.77687525638014,4.527377108136615,49.7448155572381,2511.1181464091715,0,0,0.010568584270794964
93.10862883624772,4.63785415291251,43.67827571820684,1793.9359295635616,0,0,0.2840902209034038
109.94399613946233,7.200173835348464,44.62952088363859,1692.189425733428,0,1,0.9230616379838318
89.95143270768085,5.758336779822511,45.88604393708457,1967.424056951617,0,0,0.24650390914011475
96.70792619561314,5.654353557201583,49.170672821811955,2309.5216941542176,0,0,0.3514404298976002
90.65463486838053,3.2136252410394097,31.14288724278078,1565.935109971789,0,0,0.4127300097693118
89.20888277447087,6.018092103919129,33.8505844235673,2436.090245262484,0,1,0.6114371233098431
97.35261186390215,3.6062954892353627,35.98138169552657,1948.390591365299,1,1,0.5445525001064818
87.67780364649079,3.2989697210975626,37.65135101755201,1779.703999305988,0,0,0.17664871069908417
92.13913851257523,4.479842634849931,38.49715304707375,1519.9432139713522,0,0,0.378625652537455
92.57358244956811,4.121310914826965,37.765112235969795,2211.9562320261884,0,0,0.38684332248744474
84.6552763708556,4.667600458422441,41.09654456566027,1948.6486414275396,0,0,0.14728833799395405
97.93633879629218,2.838527548212622,40.17647695372608,2051.211644826352,1,0,0.35034244977888357
88.60032194643674,6.438224459701509,36.38582602410875,1729.7564776965908,0,1,0.5482012990626511
83.95403872405724,6.691529441774644,29.12225611506215,1904.271189724693,1,1,0.6436421252404504
94.29207874856323,2.0789862887887787,35.035656473106506,1854.0256260935787,0,0,0.3015307101078425
82.8122561456717,6.4676867084998255,37.25380673343712,1969.8220683865377,0,0,0.33259028570403276
90.22544925895302,3.7842070552675606,38.7646028159614,1799.1343020872569,0,0,0.24997132120941218
89.92704802684638,6.285463305474179,34.35166270344732,1539.7457117938336,0,1,0.634899504383497
98.68716452665262,4.897330261000376,37.5459676675179,2818.549923588982,0,1,0.6944311789955583
93.79758586303963,5.0431633461214975,34.34506305757207,1590.9787257987457,0,1,0.6286806867278857
89.79978433003885,4.722353525868172,39.370903242258336,2054.4377020827615,0,0,0.313131157446826
96.54213039360229,6.818193806350229,34.634543358186924,1468.3916514727873,0,1,0.84339088688882
101.12166039213851,3.1406179812124577,35.755476718147676,1400.8857690146074,0,1,0.6184839492396658
94.4624824508149,5.911760508102513,33.45657934505431,2029.3479475556803,0,1,0.7616678225181142
90.08282095874705,6.651995247334326,39.23249652215108,2052.310276330491,0,1,0.5400985838146625
79.50531014119872,6.074510120810616,35.66776115023801,2378.449697240715,0,0,0.2474806106306546
81.47909069539702,8.487048371485127,44.533921333377144,2119.8640523047115,0,0,0.2965628786829441
87.55820236516266,4.206579855912952,42.029251333464494,1955.0567843762626,0,0,0.15709767076530642
85.12390238272573,6.435957233890297,39.650740659081784,1715.1199267804986,0,0,0.32998970378979403
88.50422957611643,4.840864046987869,36.01257251328106,2449.7036204700644,0,0,0.3868702697778371
90.45319939917685,6.850109114529005,41.90260152658151,2278.6553738150674,0,0,0.49528490034609346
94.23754203485385,4.988466506417946,43.45350444674318,1626.1011566754726,0,0,0.35718833506686615
89.43600977552727,4.418186327206295,40.71344206100815,2011.3891184631907,0,0,0.24059585416922247
93.89201315060961,6.959108305807444,48.01850927733465,2043.215669457949,1,0,0.43107572241801767
90.51579531848097,4.262657091471605,42.29818659037408,1896.3039030182993,0,0,0.21783056487236746
74.19626746916903,2.880911361649166,44.56803608784017,2231.5551457420383,0,0,0.011395887829046885
82.48531684944996,4.224729675239257,40.66782707767989,2249.519941504453,0,0,0.1007244957957193
88.84729955422708,5.928549419882799,43.37832226628488,1942.8542906584682,0,0,0.2936699431960133
80.32244205727113,7.088058127380637,36.01609383665412,1915.7392262607025,0,0,0.3529929455405215
94.79942983996963,5.166694062944768,37.70800818393603,2449.6875388002595,0,1,0.5880249266117329
102.24600665874958,6.977295600851038,41.7468177674119,2279.851667708671,1,1,0.8467605847480323
99.75009481357853,2.96273761778361,41.71049740778691,2021.7081169725154,0,0,0.3769095648916751
88.29245703255833,4.335104802773145,42.53805911471624,1511.237288275984,0,0,0.16626937117680907
101.92580909479962,4.567137324268848,45.50196446139365,2103.2000318915107,0,1,0.5166692166870736
91.1893396576169,4.828160858791221,32.87514414092294,2209.4250394753003,0,1,0.5720569555551828
87.30331223105568,5.126141582375295,35.12773726194852,1173.643511480488,0,0,0.38439612186166555
85.09277869167248,6.036366436088289,41.147863205371266,2075.5608344954076,0,0,0.2569333787515242
87.58024250809497,4.332789742744264,36.3781818409827,1874.9924039612795,0,0,0.2872317463162484
86.89458545167017,5.208543030429689,56.88884120644681,1933.7437159611345,0,0,0.03941929218180905
91.3633297790039,4.932315664513922,42.57859809585068,1727.7857141710037,0,0,0.2894618962318158
91.28459184839892,3.6111651441632753,39.60834575534921,1955.5432128789075,0,0,0.24478936896026046
90.02436816122731,4.829499966377847,37.422653634580705,2417.5974728543993,0,0,0.39324650374135933
93.4955053579708,4.7845107051543225,37.59918858403478,1866.0804503553454,0,0,0.4929352769554204
99.52517019829074,4.752379152495431,40.150703306575885,2289.672067637955,0,1,0.6238857940565934
97.59643308353058,5.047639184872176,40.55990966310629,1758.1006343361169,0,1,0.5707062785100144
78.12081625240077,5.113510310920079,37.71650427653243,2227.6268577968117,0,0,0.11731182008988514
69.56863092078436,4.3515572313390045,38.63423876740049,2000.4967566865853,0,0,0.02419252073115112
97.4745592899142,6.909072100956897,46.72142287617298,2105.6074486367843,0,1,0.5912325413074949
79.06497041267663,3.245779056195475,46.92252481325517,2002.1459768292464,0,0,0.01931843852666574
88.20187678485853,3.9185448372951557,41.26016989967439,2192.4875697323623,0,0,0.16667911443048902
80.63909579152512,9.169945436335334,33.29370136381631,1229.7244646198726,0,1,0.6673535157520771
75.58415649935984,3.443012967516155,42.69251578319522,1574.0524059627292,0,0,0.0215267977116918
94.3317018256383,2.969367987935362,47.77141220805513,2125.1241494025935,0,0,0.1173406664760375
96.07324128242118,6.1017151175018265,46.84890550981189,1386.9384938311293,0,0,0.434485269228519
85.38791679418624,1.8843202193391893,43.67212926404834,1840.8258933058373,0,0,0.036633433561726006
69.27166166284073,4.647089135041342,47.11211477642911,1983.6977476890052,0,0,0.009223362106533487
85.63004441398014,8.218737387614732,40.26692136239511,1751.557958716131,0,1,0.5271353205699855
93.13443204322037,2.6825961167698993,43.140514849168525,1792.5315791918679,0,0,0.14757163587878502
78.16870744980697,2.02705327139193,36.5961221683741,2081.4746600460776,0,0,0.03550673039143336
91.46687935823324,2.751228197063453,41.46132728077856,2302.7884867339426,0,0,0.15335038076028532
89.87752120661604,6.347539352520478,46.647671219852626,1712.4651856235578,0,0,0.27493827599177634
94.63433199680871,6.687165079978719,37.052882942565546,1827.482541143789,0,1,0.745444987245726
90.95664294731323,4.2311168045322365,35.69278285267857,1780.6217080018864,0,0,0.40060334348692866
82.21544847294756,6.024818606001603,40.487444695118484,1273.5860744368165,0,0,0.1915088731451608
99.57257201331593,7.085382991267984,38.86668898138,2042.5135370952526,0,1,0.8498936382261337
88.73176341578424,7.681019621644738,43.2457386053521,2280.4153237485475,0,0,0.4883396978976773
89.78156368392054,4.630497078230228,37.73370237026479,2304.992962194765,0,0,0.35289993955412563
82.53385632741443,1.5477924234950198,48.59219807801357,1738.7700870677784,0,0,0.011504300666582805
86.45374199046792,3.7686816163854697,33.55161951019472,1624.4905854439571,0,0,0.27179287689717196
82.9215782877848,4.359793707597113,46.268673931098675,2006.4816642775054,0,0,0.05780260379540636
88.61643152061262,4.611591805132414,36.17575385845949,2248.78210596994,0,0,0.3578679976213161
103.69366784113875,4.71821089848692,31.020086327079884,2046.455134493115,0,1,0.9013941501859382
79.02479085654915,6.678341896896004,41.18937578174434,2086.7913907621282,0,0,0.1652674422549033
77.09150881698608,6.911642640031372,38.726960069930584,2342.54927832087,0,0,0.18944534786372702
101.76936261994886,4.742489519112825,34.45195316048485,1778.259032230789,0,1,0.8179257325671654
88.32541058278507,6.647727314077728,31.59311554142368,1934.008973998091,1,1,0.705132360826758
84.64741809072066,5.536492049946634,39.95819606364272,2490.3816535283604,0,0,0.23574555260958951
98.31923749916861,5.096758959293858,44.87918445811909,1940.956663070712,0,0,0.46856914008177125
85.15507568210509,6.359816235664946,42.92476746543222,1619.7989102100287,0,0,0.23870883638756407
104.60807770837549,5.1083780723568735,40.28353324419633,1799.1931711249115,1,1,0.7910773520996959
95.42340697071415,8.086716765646644,42.39423786608867,1718.5460446336274,0,1,0.7588640789613901
86.09670873483438,2.842383249808161,39.863929338110715,2107.1487757103814,0,0,0.09718966301448075
107.25846570612403,4.227243651361974,32.851378784848144,1731.2158989233662,0,1,0.9031101980075464
85.15428061597329,4.810221654569075,32.89553007388278,2081.310275858373,0,0,0.36041721368773477
95.93676297607446,5.659179035686986,38.984157355076604,1779.1804344378052,0,1,0.6307027445737199
92.39434064325194,6.901940730654633,39.19673356816963,1362.9864384805317,0,1,0.6358614390391344
100.41393031519038,4.963402149145765,44.25491339253382,2091.9859360945766,0,1,0.5485686675611432
102.49208957381482,2.866655525740689,43.786521118873736,2044.5391044640667,0,0,0.3954223483808708
90.25603319252613,6.263770844682506,43.025665078794745,2155.327344712652,0,0,0.38530021725137326
83.97265703723053,6.1324381492129465,38.5985864346141,1798.103834250423,0,0,0.2951675084547998
93.67977714351294,2.087212010930891,33.096739149449306,1766.136657392187,0,0,0.335726126630117
84.57827704198316,4.994293799493801,42.06035568533012,2120.440057544464,0,0,0.1510141178611965
106.10709798021298,2.614787253979553,42.62584656631084,2455.7058717592945,1,1,0.5348653877036965
91.0922826486619,4.003023353746906,28.05734268761157,2003.3504028518983,0,1,0.6206525769833325
87.07742758950313,3.6457866095558003,35.828309067086686,2127.3755288141433,0,0,0.2298361670074246
91.47744244691927,6.213897047362979,36.54472811303052,1903.5236946722878,0,1,0.6187224412291679
79.22298968376242,5.175245261258276,40.59175100561718,1536.9108434378945,0,0,0.09570356306477883
82.22708769191479,3.0716134988659585,35.98319783617153,2290.2288257462174,0,0,0.10330096677960053
99.6033112635554,6.320098944436014,39.8093271558768,2272.5242717258484,0,1,0.7827142328050123
84.74484576822883,2.8492912641073787,38.94732529823504,2213.232207552558,0,0,0.09181767391225933
81.62471213854448,5.495170685706415,39.20425264231136,1945.4163684972743,0,0,0.1737418199254929
94.2932220202183,3.7789839960626663,36.41802853149627,2179.1168299215624,0,0,0.4478184450326365
99.48563323730397,4.45148437620422,36.805074729666615,2268.128539216349,0,1,0.686515935770943
95.75162648532053,5.756406122057576,34.59866470109654,2486.0476054870123,0,1,0.7607496000465154
97.96838148644653,5.7821740985892935,41.90033720286916,2296.5578313942324,0,1,0.632247882411244
83.94563929144431,7.005453610333941,42.85551314295684,2019.1463675100917,0,0,0.26977118089328483
78.62551466606524,4.876619450492821,36.146910249373306,1607.5240233726886,0,0,0.13013376245619124
102.0106692156439,5.459676294445011,47.60320048008522,2046.6974893015224,0,1,0.5548159710820816
87.41856128926291,4.343394016393513,38.42699276278976,2076.9732187547925,0,0,0.23643543054400662
87.99333586835962,5.2729848239341965,47.650928118982804,2212.708932595491,0,0,0.13921313458732248
100.62555313479247,5.659229072012767,36.78936413084198,2406.1675577970277,0,1,0.8192445756554618
94.44984007520527,4.852535228818436,29.86711111700282,1971.4548463829663,1,1,0.7544241377332686
93.64710217665287,2.294374273861256,42.01098912456175,2630.2961569439335,0,0,0.1595462046239423
107.32001875920866,5.497206344496343,41.242725525594935,1472.2138939878269,0,1,0.8515263235269275
84.85185415695885,5.546842216033186,40.17196897653792,2125.8025617384874,0,0,0.23247747682287526
97.4227210246499,3.9797397854780736,36.78883760778005,1760.4438823447915,0,1,0.5611290445438213
90.45610499917667,3.0734194458912287,39.827138872570906,1427.8334000933592,0,0,0.17457479273944806
92.14873823090606,7.213818725755948,37.44370271065236,1939.4676871102524,0,1,0.7165683511394072
102.22774741130026,5.7371682663416035,38.48825216834125,1562.848190473713,1,1,0.8175021882550778
94.06268605031698,4.656378453617435,44.20816127882537,1951.5716305901549,0,0,0.30180751491476326
94.30636863239707,3.294450675278769,40.92108614765047,2010.430774428337,0,0,0.26653815628220967
98.58005869847841,3.767277757367981,43.04975693665989,2335.5624228007846,0,0,0.3907915794052826
87.08037816365692,6.953885595179347,38.84065746687105,1547.7244595708187,0,0,0.4738845325081169
83.28632266128795,5.206492911302069,38.28991327097612,2272.533549693732,0,0,0.21045882154279558
81.64152644783174,4.17411939949894,34.23258734555678,2029.4241350839382,0,0,0.17786505559096794
74.26914728499199,5.764533846836985,38.14981693715902,2308.6547460828783,0,0,0.09059730628363367
106.44965703952258,3.7784027188305145,23.394427222054304,1870.4746474906617,0,1,0.957653752963653
81.17433307422654,7.251264545420567,37.04889016847183,1600.3266239709665,0,0,0.362746367074015
88.22997101131382,7.029200802345088,39.590629114045804,1634.7502021352402,0,1,0.5004798214911613
87.78549360088863,4.300138893195835,42.81836827135078,1612.4577638998653,0,0,0.15084266091474477
92.45925358247281,4.056994629453709,38.65661061237522,2143.3442458761965,0,0,0.348942205612302
96.52589770031437,1.0728002019615803,41.738367711224996,2443.07660666441,0,0,0.1418608958792709
96.88378790687796,2.777628842672948,29.101056693048772,1830.514542003434,1,1,0.6443070137686503
85.33538049144849,2.9907953375633656,39.715815738965254,2188.740589477335,0,0,0.09597878801672331
88.66302628970871,5.202785511481078,31.60248603543298,1542.967382559314,1,1,0.5561802703394679
92.2606396039064,4.510649443337961,33.95848242170334,2054.0963747531896,0,1,0.5364916693799721
88.01047099053163,2.9819967688771376,39.06417226068069,2200.568784901138,0,0,0.1431648374187417
102.85876460815994,4.578253936303164,46.38131993936777,1565.5625674169396,1,1,0.5137113143152489
93.927799613106,5.758005721471022,41.856033817350294,1938.8349593060436,0,0,0.48674499561345286
95.87902228839855,5.791759024873381,40.091154985685584,2214.7751421456696,0,1,0.6171486328372333
95.3030501493393,2.1504945787116783,39.902348052664486,1119.8688058311568,0,0,0.20899037662485462
99.3877908598826,4.807604779274254,36.43185553397766,2400.635918510523,1,1,0.7291808711834966
91.44817246962965,2.9249888345425843,37.28008293313658,2106.1038127673146,0,0,0.2469179565804137
79.62534441635323,6.352593045710411,42.136880227353984,2215.0182943152026,0,0,0.14222343143331215
93.19750361402113,6.176219624530248,33.07319740777753,1876.1842162415708,0,1,0.7585894446220761
84.78914484966536,3.6529591605133125,42.965270251415106,1483.1832555303934,0,0,0.07778989852752984
85.77106654600195,3.8509321963994,38.057464664405735,2160.2188868950857,0,0,0.1711649356754767
94.69091215004075,4.308099424252539,44.12778537434782,1975.2229023750465,0,0,0.28914190778435245
99.90626457146908,1.6208099079029914,44.805467286160415,2009.6346366296962,0,0,0.18364908134253183
90.1701726138885,5.503952260160865,31.6345799374713,2326.2820955596862,1,1,0.6511254569393807
92.47066410079171,4.590733180489804,37.09209618386391,2228.6191621587795,0,0,0.45701692608681904
103.6177195570819,6.455262623851789,35.72236156029688,2576.371225126884,1,1,0.9200642041301997
91.92602543590854,3.3523861730561713,30.936360174634284,2046.1562686620498,1,0,0.486902035691235
110.81346491344316,4.071315577625103,34.83733361895295,1792.6362686626649,1,1,0.9176275875522136
94.52407716505235,2.740212112941327,52.2062792263267,1943.4749459273821,0,0,0.06476081579874529
75.91389792675346,3.4935641547586203,43.0475494810622,2124.699011761582,0,0,0.022862332787224538
96.02673296883626,3.2270270058976713,49.58643984302877,2304.7569556978933,0,0,0.13243379497062666
93.04926707906222,6.4939605182696685,44.14549220009168,1559.8898145683843,0,0,0.4620583740681942
100.31802203266196,3.9526072268729115,36.290784194957624,2002.5612845537507,0,1,0.6720877295879251
95.38545081015967,5.18626352711692,38.091144016629784,2482.8624971115105,0,1,0.5988201685660892
88.89235212812982,4.428854894207293,42.94218090120154,1927.937338699244,0,0,0.18119554930009885
80.20561410968507,3.0958021009807806,42.18753101736518,2279.303556460731,0,0,0.038465868716975285
88.3278139417118,4.747549365242536,37.11328992145833,2147.9352581648013,0,0,0.33452172756431964
83.1958363663256,5.898654997795392,32.45003414710396,2286.758181957494,0,0,0.4315030776629271
85.35581240156222,3.1883609111849713,56.438805936943695,1757.0718375200204,0,0,0.013459639506045507
94.70862723536487,6.213669186097068,39.29425163828597,1758.3794989803257,0,1,0.6406767683891343
103.35923603481125,3.725418617783456,38.3713055340869,2006.0815676366865,1,1,0.6846717013121135
93.15737223858385,4.275524110890739,40.56667231952651,1540.3334638279066,0,0,0.33011629966197414
80.43293550371853,5.796024684515071,38.78635705344486,1919.0778180165028,0,0,0.1770736673333002
93.55682134576112,4.004845764170768,40.61364453852742,2075.8629972547,0,0,0.32160283950270413
99.57305189316521,5.056362289003799,46.4347364305821,2535.3906820849315,0,0,0.4685500570579771
85.12173676544494,4.5279637568178615,39.377257601567884,2120.8154567809465,0,0,0.17859109666195164
88.92786266661666,5.194052010055728,34.18644780336119,2187.5685412619305,0,0,0.4937598237385437
90.11750555783358,1.4288913417147544,39.19178102760694,2349.3427541150018,0,0,0.09829083025318969
83.72081349534209,2.2554772771878757,37.67799109295045,1710.602723331483,0,0,0.07032267386907458
95.18624347075087,5.9239505090702576,47.119494686234255,1950.4752012887043,0,0,0.38558514019674467
89.03241481113774,6.555772108473575,45.85559532368785,2727.623777541168,0,0,0.30504405856883393
93.35625955125622,3.634269944702718,40.537625002153995,1976.2633332846474,0,0,0.2804279650399957
82.9000625775832,4.633957471743298,33.606320725903714,2334.929224634662,0,0,0.2605611042718724
86.50033359741272,5.442078879353453,33.87053868280027,2289.121363151932,0,0,0.4493101173622325
95.77905086262217,6.039826402488057,40.075616307922765,1556.5658856836933,0,1,0.6307558566619804
87.01733478326587,1.9584840924937268,41.6816148466064,2093.14378310178,0,0,0.06074473381649889
103.81571080986724,3.6709396295324344,38.126885903369725,2044.0242416615677,0,1,0.7000574069397251
86.80291051508318,4.501130930225187,37.599152078963826,2098.9876363521303,0,0,0.2536008818874114
91.79747780601508,6.054710295854074,37.036003834106765,1773.766256062682,0,1,0.5949883482385807
97.46072665498473,8.747645725582242,39.88303019878027,1664.9241464263523,0,1,0.8859799452155359
78.65307413653575,4.657991409785423,28.086188239634673,1857.1969999937446,0,0,0.27695373856130073
75.91352950415379,2.8895338068440166,34.493366856151454,1970.6615008747392,0,0,0.0492087630223958
77.79474948343925,5.603402115801947,36.86474577276325,2355.4953342800945,0,0,0.15166900707892592
100.10067282741745,6.981493684311065,46.0375159747596,2545.1932459176824,1,1,0.7080631244306914
85.58513483286043,5.162021181469251,35.93093179035535,2418.9793538669533,0,0,0.32902269016830776
110.46559428534601,3.640027182268561,40.902340709156036,2258.055563234553,0,1,0.8064005622551343
85.48601921074089,6.436990912220029,41.13271375465498,1698.697921310123,0,0,0.30032037056963956
91.47641042557629,5.995318427747653,46.48958252830381,1877.3311475031514,0,0,0.2937510843059963
102.336879620543,3.460878733706563,46.31288703482075,2062.9778157238993,0,0,0.3796673434755224
106.04874310527299,5.572138426301513,39.712485156025416,1810.2682885771476,0,1,0.8605345827917043
106.49202861309118,6.495898351488309,37.622576294052784,2173.161695758385,0,1,0.9306310272357784
99.66692984474514,6.7728350638383406,36.68083448587155,2216.145832476286,1,1,0.8689014546538212
98.1925002064917,4.900326537035816,38.7946838876711,2160.8870187696407,0,1,0.6343150565980332
94.74021559360946,4.462880830731022,37.829833228382,2307.540381367274,0,0,0.4995443905063375
96.2268886093331,6.840910733121894,42.76813704679116,1728.622635886078,1,1,0.6543212440027713
85.59051426937174,3.1847592455286726,42.10154908742602,2279.848611227659,0,0,0.0821511367757764
83.45440893262155,5.657868936381508,42.959005955725075,1791.3063649639412,0,0,0.1526471987821187
89.97300434071238,2.944960058953356,46.29641855718084,1717.7192142071344,0,0,0.07729785474905093
88.63852301980057,6.598064408389404,49.31434560700089,2159.6348402559147,0,0,0.20833073840788155
86.3741756053818,4.612931726583258,40.62331696703779,2364.7620686596943,0,0,0.1895654926709308
95.57109957965372,6.902874853471204,45.49731885697827,2146.4040459128028,0,1,0.5640428031100414
97.64244166856409,5.73711913453329,38.24169908082892,2006.2412071317633,0,1,0.7148466773028672
90.70725509033478,3.165169654907105,45.92503491791508,2093.046147830452,0,0,0.09946708436973388
101.8202406484421,7.136941598115865,45.30754578587922,2040.928075420184,1,1,0.7784503975410672
80.86648708693195,7.326867899641594,45.04207984971496,1662.2147311593817,0,0,0.1709052411498217
88.45072432576225,6.323429738898824,40.47034920595762,1627.2139565165253,0,0,0.40027744651939007
84.26542143517756,3.8576182024456704,36.65820918004555,1976.3522361579635,0,0,0.1651730279457623
75.06770706341553,4.540979068463887,33.02735781067262,2023.957050730791,0,0,0.10627793027654703
89.3385545132584,5.218140826108639,39.7998139623945,2003.3997135103202,0,0,0.3364208135802644
89.02601993293374,3.94443440100285,47.665062711245916,2202.830484094974,0,0,0.0917802858179189
102.10759794593704,7.538519858694807,38.450775493179634,1935.356985150698,0,1,0.9123513100003459
95.04649347643821,5.216489707589055,43.92563292730027,2168.8937545714566,0,0,0.40310423086442165
81.80650540536637,0.9449779293389646,44.219757002594655,1956.6239698020656,0,0,0.013857856224852071
104.8327405306735,5.50903371913433,38.581568895364136,2547.00768861094,0,1,0.8597558256066127
99.76826956420282,4.47776390477403,46.5817241875976,2024.214118017934,1,0,0.3969192813173799
94.65678162774893,4.887610165822328,25.45669627759748,2702.216783457703,1,1,0.8550638235982935
88.18812720920134,4.44707095132145,33.886248606309124,2105.6034773272595,0,0,0.3916870754571143
82.32448610621216,6.210569624910031,35.4218385182077,1935.8968488235353,0,0,0.342170018712336
87.02234579143158,6.679531667830072,35.90142488566305,1730.1656071220978,0,1,0.5362329921896462
98.70998895763348,5.424579743387981,41.68131475592948,1567.1334277826918,0,1,0.6128834360887362
105.07669044747688,4.491033219292762,41.45018901526951,1702.567314681153,0,1,0.7227847426730261
102.34594822617751,4.9379941927862445,41.96995286087504,1736.118107250803,1,1,0.6723275307576572
86.08920462570981,5.029399424866442,42.980407470662435,2118.446006123653,0,0,0.16580002539748284
81.0430605336879,3.796354940202745,35.24947715427175,1842.1503886819437,0,0,0.12674875043757003
91.12708997528964,5.868392972856852,33.9091196659634,2056.078115766349,0,1,0.6501603777863849
75.85248507549719,5.6900634857906995,41.98159841003932,2384.5935087130056,0,0,0.06919984397100727
92.58534171347826,7.31066185966501,36.8488396317678,1973.657494509544,0,1,0.7522800059726655
88.81917930961065,6.883024670432713,32.147624773160146,2623.7470095400413,0,1,0.7360661503506636
86.27170798505406,3.971487623614805,44.85672142270741,1647.2567058982406,0,0,0.08731201981201298
77.24237546186563,6.230447561763447,46.97550953251149,1954.8249354875215,0,0,0.05643558540133047
94.10880085255774,3.5735699253582927,47.785804448493295,1838.2061229167064,0,0,0.14286107784864063
85.7383932827047,6.043898151411275,40.9350386073736,2280.9519818171025,0,0,0.2834502972451845
80.6406653143177,4.225078701859839,43.12966047986451,1328.0625108901636,0,0,0.056213911626492565
67.0219022937468,3.4651201649366232,46.849341116809555,1567.0654132466566,0,0,0.003946374106963248
89.7798807595949,5.420068014046107,36.79292104988283,1967.7959532647112,0,0,0.463491158058178
104.17801277335795,0.9881493077687891,45.55338842027046,2465.413316302848,0,0,0.22274652685832097
103.29007371638296,2.373536638392158,41.37698117071604,2067.752550211192,0,0,0.44185118714569455
86.34322994730982,4.733762174338575,44.56855826171295,1594.5357637207298,0,0,0.12426180657445453
85.18230351710575,5.123662649952264,40.93046510437968,1640.850022192931,0,0,0.18666692171389515
93.75019404860019,4.446021844762717,46.48128354874001,2501.8969108534857,0,0,0.22617541357232349
82.01291648649367,2.630845551923602,41.11761881270768,1813.6595603611277,0,0,0.04410342524787504
92.41433519855573,3.773162236792242,32.580104702662915,1717.1109882650708,0,0,0.4949081475164765
96.12864222707752,5.586813990856091,47.25963316157361,2443.2117681892582,0,0,0.38366897744081635
99.81546579107446,5.8726726559425435,35.26234629513944,2303.3291016760973,0,1,0.8432515061632492
89.19876738816038,4.975665323606088,46.26529105121957,2382.217892980039,0,0,0.1675032314169361
88.37060999858427,6.735250671555484,39.54878559279839,1714.987435920255,0,0,0.4742287675522105
82.97613930594751,5.5960955351888515,45.88005492598853,1542.4683076956917,0,0,0.10012499530021962
83.38495716768112,3.8788165190626818,45.673843074333824,2039.9499468088118,0,0,0.05363264355156447
88.18816886478778,4.579246919882574,42.15071487157686,2100.537839922099,0,0,0.19377217279777553
92.93892405452942,2.895700764188218,42.542676588135656,2109.3805411114495,0,0,0.16995861121672756
97.30867700986599,4.837791514412875,42.11314308596283,2443.4551806917007,0,0,0.4993263357562656
83.57456839455725,6.6681509288320076,29.930876218594612,1479.8698729975254,1,1,0.597829318861897
101.94150855167618,6.027935127066452,40.59165109449101,2257.9085153893298,0,1,0.7980304464439748
87.83101119165946,7.103013988878683,34.41967911964053,1671.0124867558047,1,1,0.6540863129339506
89.8290616452125,4.54567213430151,40.85593571872831,2256.7205962582525,0,0,0.2616916363643265
84.0223065668174,7.0191496917713865,34.28528726808392,1857.5129886435868,0,1,0.5237596762794876
70.60607791781646,4.710043660328045,34.075240293869626,1755.8084612328466,0,0,0.05591916970114238
97.0723631708884,7.207377623854841,48.02467250876951,1817.0291879152394,0,1,0.5660841842146336
95.89475117673946,4.967214878836814,45.347236940620945,1566.3169397670313,0,0,0.3522311259469429
87.74937954305429,6.060847060706415,39.97928707527923,2012.1286819500401,0,0,0.3692630427118083
90.53592573779898,7.2126685464647835,40.92384325124512,1768.197982801863,0,1,0.5620096187504223
94.1275137416328,4.709858557128191,38.76041987128495,2235.8894692700833,0,0,0.4759364850924147
77.49963314490766,5.327583481316261,42.849381879897614,2192.016824309875,0,0,0.06546994416305166
85.76757858122964,6.933295137809454,36.61972816725598,2506.447115870837,0,1,0.5119790908178715
96.35411743697462,4.800495254104905,44.96870131433979,2109.898245062323,0,0,0.36881322600420086
79.96568461464601,3.0186615762407585,38.734565794929445,2156.203330124022,0,0,0.05421180452515869
92.34846345733304,8.214510581877365,37.900765020843856,2420.029943548344,0,1,0.8007706385536687
79.14734556301276,4.295353303494295,40.108565092424215,1811.701191191991,0,0,0.07028402902601433
93.73143985946821,5.238134076406315,37.04426585037195,1553.5225361530902,0,1,0.565373682355289
89.71486814162013,6.734010004176691,41.64341174748242,2060.028217738518,0,0,0.46068820527704185
77.07894547275592,4.087259144403197,37.313187053433,1573.2099592356788,0,0,0.06724149215155599
99.31791483565738,3.4881981301668046,42.34261801409418,2736.181601877617,0,0,0.4126786747894889
84.1232673856156,5.38060594516225,46.08003269455738,2436.649487623683,0,0,0.10911826296830533
83.51798050388496,2.3103854031314155,36.40339156595913,2649.192899990474,0,0,0.08624975656372705
91.60455357784754,4.56814088469812,39.34712271352414,2018.7340929989389,0,0,0.35354575587468545
99.18909879542971,5.367557996473109,42.30665356517711,2165.1720781104796,0,1,0.6133239517871131
81.87342544817282,4.595072154762254,37.820713225092966,1862.1573704142068,0,0,0.14556143415637102
90.49343879878377,2.6848235852213795,42.32160280413333,2264.8774416760257,0,0,0.12059684402301002
93.43053200264458,7.391266934306018,42.7769943032587,1635.337036384683,0,1,0.6208366686534732
95.54484485810515,5.155307230923763,45.41630888147152,1237.0720431575664,0,0,0.35378997580226174
91.4115324422178,7.146728176642611,36.97004976957544,1762.78681415343,0,1,0.6987816200797955
87.06377728733342,4.609945624729333,35.286123798847626,1563.3579573148054,0,0,0.32384693087058436
83.37927823481024,3.679982027463854,38.46211305218128,2443.3780208478606,0,0,0.11681380986651908
90.689151064371,5.403771380382739,35.1612383022645,2544.703236524095,0,1,0.5544730826543761
81.42288790411514,4.676319310507671,42.822491020237486,1579.1212782760667,0,0,0.07961688577367805
66.62919613204315,3.233357813012963,34.191243499117945,2387.514682256372,0,0,0.017371705439303803
93.49247843326134,7.204676388181244,51.66508209126344,2285.415495050231,0,0,0.33952016088840037
97.23147872868957,4.0665946656590055,46.47963930786875,1529.0669945843372,0,0,0.2722721662637379
71.0965405156653,2.2396004228066473,40.062878848001574,1882.9197407205145,0,0,0.009513283972575167
81.9221543623205,6.992249080935999,44.33697246498988,1825.9508833626442,0,0,0.1846016065486005
94.95323408804158,4.243552976281065,31.815990678446042,2224.39861958816,0,1,0.6642916553331801
106.45996375769359,4.088264161076563,52.616866656997786,1631.3661947284959,1,0,0.388900024523908
90.16634966140326,2.3519186194550388,37.04892693899755,1970.3382123021552,0,0,0.17676290031173955
84.17597647016693,7.611412229895486,39.397512930503204,1794.2196488151146,0,0,0.43493134359566255
88.53682847116127,3.0657791191854686,30.720333564057817,2142.002355015543,0,0,0.34867747741211264
100.99901135318548,5.0876742210584744,42.43143652370448,1934.9623904936211,0,1,0.6351197749034391
84.83228656700372,6.368930483810661,34.468279214614455,1839.4262888178814,0,0,0.47113052995324123
83.60646394679797,5.6325753995046455,40.508278807830145,1936.0110273103767,0,0,0.20029661994996095
86.13805182254374,4.910518532011713,37.27862783537731,2610.8128498520337,0,0,0.2872403028768406
82.3733711339303,2.4475012125688758,34.61128032534828,1874.9301091641832,0,0,0.09257893595187093
90.98136252795837,3.785412746349074,35.97819249118692,1687.698434514864,0,0,0.3436031233877051
102.99742766775648,5.281700507063783,41.128940170427605,2175.0300707467895,0,1,0.7510587206304526
92.58463418492823,3.8192388950195055,33.592545135655875,1956.942599173113,1,0,0.4781866135000178
87.9811719829897,5.305039189998151,36.255941644882114,1575.4298207400582,0,0,0.399055932115693
87.66550984867564,6.022615113222713,43.316366906322386,2669.4489005607397,0,0,0.2803226081846294
77.49447353042675,6.443754328700153,53.01239937437157,1894.2563163240056,0,0,0.030734302143335845
97.06487821717727,3.160730963280975,42.38794409776502,1886.6391638115947,0,0,0.2927738952939231
89.37730242389759,8.29496908246843,35.413691789113564,2047.9506055724291,1,1,0.786215644385595
88.556160691275,6.151219016831195,38.164429149638444,2519.035030762652,0,0,0.47077571346443603
115.54486054275888,4.997428769496404,40.15794503076289,1496.0764020443012,0,1,0.9429935569200569
92.3900232669255,6.634304874614961,38.25287524682146,2082.795754826162,0,1,0.6459805187587773
83.98567159923853,8.54811165799996,44.515290833684666,2626.181648538088,1,0,0.3897277954124087
86.58913923035566,2.8419198484146957,41.08736741507112,2038.6186042218944,0,0,0.08951000936240686
99.18756567357404,4.662106036262969,44.53926192454935,1629.399806208956,0,0,0.4544598445559788
90.90616328430211,1.4323525101900074,38.427781048511854,1814.480944111804,0,0,0.11468716317314248
78.49377617346107,5.288977298972037,46.62750109860628,2062.064758927037,0,0,0.04634870194128147
97.35383147660163,5.548091362887711,39.16757207859227,2399.241174691959,0,1,0.6683683416265156
84.65484731568804,4.941256826835861,35.14405065431004,1898.1992466751817,0,0,0.2931860800864712
104.98638220974037,4.018199643502535,50.88660190521111,2247.9955392297297,1,0,0.3941547235741827
98.6403845257172,1.9257282257175121,30.875111265194416,1569.3893518859331,1,1,0.5511057165315962
86.42142483472999,5.560300525117653,36.306306373475365,1566.8844891214835,0,0,0.37357115344890784
100.2481308938809,7.183151725872987,36.86486074084803,1855.1597933945152,1,1,0.8922659680086341
90.54284408421923,4.113472316399852,52.541531365282815,2431.4086165619788,0,0,0.06889385792425456
96.82218940097775,5.6600898935347175,49.03429442073256,2020.6623918541309,0,0,0.3551983016652227
93.8778625383558,2.6477835298699244,47.46964071821099,2086.9433586699856,0,0,0.10029681137071102
83.22914676007301,5.685819595538771,38.34670668811834,2083.423878672058,0,0,0.2443127844109962
84.85160134146031,4.4099265533830145,52.13089001920888,2332.7623947760194,0,0,0.03849105490984881
98.23968654064929,3.8563730740956284,41.841760019204855,1816.933792238644,0,0,0.4176180334967345
87.32179734314768,3.8594545381758043,44.88631685151561,2206.4855325464696,0,0,0.09816979759090258
86.77081229406403,4.409582626950485,40.898476905531034,1750.735200843461,0,0,0.17261327487542366
82.35901936520517,5.573649973538803,39.75266714338374,2594.9817967762283,0,0,0.19059860058015365
93.38879252474769,3.0317551982067235,38.7411066303681,1759.8826687109931,0,0,0.2684226136020617
106.50019935394516,4.404327002648221,38.95180003290419,1735.2832090764136,0,1,0.8078247055537692
81.45973668596582,4.937792333001278,43.04245824339039,2164.9009440464147,0,0,0.09027204452205191
90.19375565338207,3.351441163202211,41.83599899387694,2023.9365294296972,0,0,0.15759164347904414
101.29776444332343,7.694997802512526,39.84264314898158,2098.05572187828,1,1,0.8943802577650565
89.36286887003428,3.7197567799079874,47.54761996349427,2068.1941386476956,0,0,0.08764742320387428
93.61897436999787,3.9958446295497643,25.166234656296346,1672.8823403577685,0,1,0.766058846707471
81.50085177482497,3.5325380752662534,42.549436239605974,2484.0076787238454,0,0,0.05374283288791068
93.42645677766119,7.697720130707176,43.588693533294894,2268.0626617667326,0,1,0.6395969723527243
88.50284587996362,5.829357842899222,45.73481434127585,2407.684985380135,0,0,0.22469673857805209
97.8858399654389,3.595111990634537,39.67564279473319,1841.5007332668727,0,0,0.4435793143366172
99.499088412518,6.659347338289953,41.03960033691979,2124.9570634145516,0,1,0.7786245104015164
110.71650913614891,5.301048041433317,44.929741916573604,2059.2105386704075,0,1,0.8460891537921954
94.63706538570861,5.385880131667252,47.4558320214009,2338.4007878604525,0,0,0.3084934902571497
92.60637053265734,4.483284186871321,38.497320074106156,2348.0744395488855,0,0,0.40788656907568677
91.5550744126187,3.87587601956454,41.3348789156378,2057.9152408874343,0,0,0.23533998952461246
87.1746696575145,5.506649148581902,48.39286982174379,1544.6146604470246,0,0,0.12265021558320842
92.70787074769353,4.182369155006614,29.379864620605744,2533.898566126307,0,1,0.6613509087069724
87.63678871888777,7.7251334443626565,36.54993700092707,2166.7962301070415,0,1,0.6593346149335068
91.34768781015691,3.0960633421353436,47.32917989301482,1817.4688875826573,0,0,0.08772923058513214
100.54078028486367,7.304235159282418,45.462689168041514,2121.9626414800086,1,1,0.7577848599271656
81.94765947776287,4.833021726803299,42.612226054633474,1546.671935464243,0,0,0.09300365322722086
99.11902848903236,5.4486286010316585,37.7570156344544,2316.6059202413135,0,1,0.745529031190622
100.53692053871892,6.249736649944152,35.590907505072906,1558.636476716254,1,1,0.8659502145808973
89.05545178407137,4.054626057493346,37.04392190378813,1933.7496523888751,0,0,0.2867993108629145
73.02516080793124,6.296372577047955,47.740041104093464,2073.336334881665,0,0,0.0303252813822693
85.13742410324454,0.9386842169282339,36.85778655422327,2311.6519135946282,0,0,0.05488150289879103
100.37595637248887,3.920015700167091,40.507114821198286,2031.9634029303122,0,1,0.544642028717692
89.81705550160895,3.6139057889884016,36.23146177569127,2190.488862083765,0,0,0.29164210977576166
82.00558214164072,3.119740981442358,44.21387015049513,1991.549927465134,0,0,0.037988352100522406
85.96180063017427,4.677567742881573,37.306368598267795,1990.3442147167152,0,0,0.2523501692095969
96.72496021203642,5.578624952272542,39.51203054922793,2025.6431751044893,0,1,0.6360262656519209
94.37386854561103,6.053989997748959,31.58308933478587,1943.2826237442875,0,1,0.8094329649673908
88.08854320664244,5.361315135800611,31.9331588189753,1494.0289270755693,0,1,0.5431953519847105
87.06540470548249,4.00145980265968,40.03836596660753,1769.5029518910114,0,0,0.16742860350661248
86.86593480764942,5.553524656737751,33.37421422401119,2073.4324523335094,1,0,0.48684116154307266
82.62071852401198,5.186428542276276,50.52543319667251,1925.2636989533844,0,0,0.04758156979050524
102.92300551575553,6.404084251904024,29.692384439438754,1953.257275345428,0,1,0.9545103122709536
87.42143624630928,6.165405054397275,35.99912350667948,1902.9938991683853,0,0,0.4908385838161353
99.73726816660397,5.045714620880943,40.083504336337754,1740.9204821804547,0,1,0.6553185441446938
102.17052841537961,3.654120490758115,38.174335311021075,1852.0701617071118,1,1,0.6435315333281262
97.98648718518368,4.020574766251879,34.479272716680406,1907.9504766834216,0,1,0.6560384024130179
86.54703749825562,4.1753159605429495,35.21036080252366,2001.5429421625547,0,0,0.2749483462016724
93.22984072269287,4.527100499125616,35.04672961250381,2118.0135033409138,0,1,0.5389127337001144
89.80643514887267,5.40207564138463,38.56639152589968,1945.8349127342783,0,0,0.406894215671751
82.77038511415897,6.0727615851920875,49.75964544758712,1691.103423292274,0,0,0.07684663273449718
92.59487425377283,4.923321960476933,40.38968648279105,1580.575388024365,0,0,0.38634473207106157
80.56768167072158,5.024187181850708,45.91450244693762,2779.231162212567,0,0,0.061950462949361164
99.50143510769252,5.214959457500005,42.53488172914071,1661.0554909206312,0,1,0.5919075534036132
86.28306162161286,4.2261420303014905,45.5693119899111,1844.4124996206851,0,0,0.09071960077631684
91.60927724698271,3.611911613535566,26.00017848703207,2155.1000907541807,0,1,0.6581347518806233
92.26630297236913,2.366843154033935,38.47770989425885,2108.2581828697043,0,0,0.19634100478749955
87.92876021036739,3.957275962884691,46.53567711575357,2156.259707768472,0,0,0.09113371291531654
94.69355041180219,5.709718179901681,37.14132088625333,1867.1848791403474,0,1,0.6510744635175197
86.2007707470198,3.9456328429406486,48.81236582434806,2071.567421191864,0,0,0.05515615878975092
96.97037837965796,4.64328944386109,47.41945076883881,2018.4030992722592,0,0,0.30155708270718123
79.232162558026,5.699646931118475,37.65434641936269,1906.3605897376137,0,0,0.16710467579624544
91.0110366363713,5.781034244634003,37.48418240476822,2073.622922531402,0,1,0.5279538797077714
105.51143199246627,3.3807007217509417,34.93197078822766,2316.609664025212,0,1,0.7979904105121715
81.9973494031554,6.495589034680462,36.852028840681015,1993.3399329694025,0,0,0.3218666638280606
84.57804023580118,6.691025134033228,33.83705467915542,1995.3358539069277,0,1,0.5218989238082786
94.11126279727132,3.30522521417216,42.14405590216503,2320.4483104627952,0,0,0.2371240017286526
91.43665425551679,3.764244695538269,32.719767533267834,2288.408107945644,0,0,0.46493736946029296
92.80504079418847,6.786636024719288,43.01866508095111,2475.180932289045,0,1,0.53814772526529
93.9134970411813,4.7797197181170485,43.140393484501246,1473.130929656127,0,0,0.3318582363205562
95.07777174849416,1.6703330788222237,31.693977974080386,2271.5357549508167,0,0,0.3852396661919987
98.87759873564978,2.9004777429009705,47.7490930316417,2180.4740136206537,1,0,0.19669737181060068
93.2785492554281,4.625945562241278,42.56804647207611,1734.3042806740204,0,0,0.31659382021798904
88.06993876305167,3.2554360245730973,43.74849010722434,2075.4763753996535,0,0,0.09481353782249423
95.38058960962185,4.3798643440453375,36.20667399228614,2315.3365243273993,0,1,0.5635244890314871
105.19905547916173,5.0485943205253685,43.11189559236559,1751.25232325438,0,1,0.7360127335295613
88.93893002893941,7.193381906052093,45.63196724861033,2132.768728706842,0,0,0.3648531361585877
82.20376556263487,4.564319125658317,39.50695800497661,2261.406102719305,0,0,0.12737648753803218
98.85664535429578,6.608812699359138,50.009612296241805,1678.6941312405536,1,0,0.4947807844457698
89.03695068837122,7.143140243055155,40.22032317456469,1957.3142922664556,0,1,0.5273080734558327
72.6186436318877,7.151464504028114,45.70392900226237,2090.2905129927235,0,0,0.05371124968123636
96.77937341720337,5.4271318900783525,41.46504403629328,1761.1605483371136,0,1,0.5574841106210002
85.71737451236862,2.0550662782415388,42.92760766428434,1736.2540402719362,0,0,0.044894975803170534
89.27573374156671,5.691237298105798,31.64333866182614,1959.4866194411677,0,1,0.6363060501355199
92.65584264455211,6.572599831720312,41.855268691076816,2240.4919150711075,0,1,0.541114069804006
91.52399743823253,4.878399341846874,36.32512449371367,2193.1202003576327,0,0,0.4806243640508792
95.67561453711231,7.616875805112873,35.768008471111564,1741.5761812440974,0,1,0.8588112812613388
86.51610903544125,6.289750342201186,48.720515922329895,2195.650365534706,0,0,0.15492887354872115
94.10484638540866,5.852410065729177,38.931148759688256,1749.2180671500475,0,1,0.592107357582958
87.92362657932867,6.629571066808757,34.98349084512252,1516.9490606019697,0,1,0.5866383959848724
95.91048384710002,5.500054776891317,38.204341859455624,1889.8569286858306,0,1,0.6374640463532404
94.92293987210442,1.26078425090697,33.497748855390434,2336.8908114757205,0,0,0.2887061414873792
82.51649038364323,4.251291572794452,47.16942234098135,2196.788165642412,0,0,0.04746852231798873
98.68785692940025,6.795752040871781,36.521596279167426,1999.5284577880418,0,1,0.8545122586583542
85.71229243908762,3.788612989852556,42.646499669718345,1874.9883549226827,0,0,0.0984673008977975
96.46446238624917,4.664791242144592,46.78053357105163,1883.0713591650706,0,0,0.3038552154089841
92.93829850721073,3.432745529145393,37.499236593926355,2032.635471758239,0,0,0.3306329343658242
104.70546941436098,7.675883892802654,42.66011216136393,1679.4687542462514,0,1,0.9019821695568954
88.21227214102518,7.522238686127023,34.84956972547785,1895.567796439611,0,1,0.6993693475489634
87.20546563105442,3.674196657288906,52.228847845568424,1935.3291615920693,0,0,0.03672154112933804
89.84464315289814,5.220947000583626,44.68190067308311,1594.6776624645508,0,0,0.22224560773332103
87.5745617373258,3.9792589283539286,39.03696780619597,1748.4655247307276,0,0,0.1950335616590915
96.3995352155364,5.922416958547068,36.13583134555518,2123.1520374459146,0,1,0.7511880682401447
77.06951513250729,5.764524615863493,39.43001723580187,2002.8535519822983,0,0,0.10936887953644278
81.57054064682917,6.2175583574198985,38.300081388242404,1907.371462641985,0,0,0.24561855182846604
81.45757662736645,5.497877671561831,49.76472276999753,1726.571768738611,0,0,0.05055357731212068
97.60246073578861,9.403109309582703,33.87232638892549,2473.054947676765,0,1,0.9603572795108578
103.6849069806554,3.4581143524838915,40.674007116451016,1748.6062355962044,0,1,0.596021230345696
89.16440625170023,2.434094968345229,39.90830966683145,2075.4778421785213,0,0,0.11966826205034117
88.64942621447992,4.410364698947808,39.412948498275654,1853.6392735778613,0,0,0.24804219442309422
90.56041730490546,2.648017601659599,39.45691672530829,2010.8837877915005,0,0,0.1612583676895248
99.29502642086553,2.7613065949910105,39.419645949397584,2137.2829225821115,0,0,0.41060867010104773
82.58117492647541,3.4980280187030495,44.3653303316605,1588.9230232376342,0,0,0.04639068390297794
91.90695186187828,3.616716641852559,43.04492223246218,1998.0151267539536,0,0,0.18708265378135538
97.80158103825944,3.5680728470749097,42.09455805686393,2357.2185946939535,0,0,0.3723038822565269
94.00875335951876,5.777328425668117,24.830053189273656,2528.450568047601,1,1,0.8967728533734655
91.51665293278995,4.240716408371996,41.498974370815816,1960.9958080234608,0,0,0.26058506019953104
98.00836874053712,4.73072813769128,31.721803199149587,2012.5043621650727,0,1,0.7911846417378701
68.3741416560061,6.341349161751403,43.23160081567913,2663.39990858046,0,0,0.029753734900804903
95.42300255624725,3.8505162128278605,47.37248683785258,2340.4772844797594,0,0,0.19875253985024105
84.76739453498061,4.603181151942917,35.36880443705724,1814.8146292234344,0,0,0.258442694938152
75.35493682514834,5.548639979139374,38.69109638828647,1814.3049647341631,0,0,0.08661068733404705
94.08962079619985,2.0876482990696683,37.003221474735014,2286.9648385361807,0,0,0.2527035197284216
100.98926836130366,1.4226417365741266,46.177158878784006,1696.6888609862808,0,0,0.16433669727583605
88.90041188297846,5.519175993196584,40.475139426360364,2326.318025401656,0,0,0.3394852309403177
97.62299637762351,5.738021420850348,48.64164690283167,2100.2899891253023,0,0,0.4029333662134322
102.89822606390916,8.096330202278615,42.06877101473694,2155.3162292081215,0,1,0.9061278351972821
100.51931562867237,5.237142313800215,41.2122509031791,1922.979858955984,0,1,0.6702956197927455
103.11971623497115,6.229609575887142,40.34103391301418,1811.052558726077,1,1,0.8366417892886531
95.93701992857514,4.706791034621039,44.089960496286686,2438.5978492604963,0,0,0.3762487476800804
90.60346911121275,5.4458408323776295,31.311569008773283,1925.9788158339575,0,1,0.6618987065428681
77.18427350482266,7.500885262624301,40.42671977760255,1876.7194770278415,0,0,0.19535555343811706
88.0315000949604,1.8140107728115469,39.649767781360175,1975.9588796360572,0,0,0.08212499604822944
83.25402723747047,5.620424386357521,43.62709413578883,2057.9066398153827,0,0,0.13872825113760592
107.36754173998251,8.20338009511605,39.06149197062982,1690.7524619841654,0,1,0.9641263311342656
88.5929135005413,5.423051328814013,34.80632782918665,1830.5385517379266,0,0,0.4828122328810986
90.98563845427589,7.475859444849272,40.0367533745985,1814.5903778281827,0,1,0.6338882407958016
94.41188300832374,4.056181775705836,34.585797355658286,2253.5840913820543,0,1,0.5428395164696493
90.34881957097963,4.95192875875443,30.373688937062575,1734.2112296000332,0,1,0.6258179868509046
103.56040832344603,5.050287053582881,43.635612407427466,1473.2696426725838,0,1,0.6708151190943804
85.01880510612439,1.6736133809618439,42.895307863473356,1409.8716311281537,0,0,0.033931044504706964
91.55685964189794,3.2477332582246996,42.33545471996787,1558.885959597285,0,0,0.16412260251293548
84.06023531441562,3.354687380924021,46.51464210972905,2408.4614608544334,0,0,0.04314185675704635
79.43981991023435,6.233099117048791,36.674840548480375,2004.8619798452155,0,0,0.23133581826967903
85.10584727275771,6.308229658526082,32.84442928614372,2150.374726042161,0,1,0.5302513886187958
89.7037056236127,5.4860546640598,39.64985111595978,2160.946318136399,0,0,0.3833995450736403
86.56558220386192,6.236154345283559,38.262498501470446,2016.8551755176961,0,0,0.40068928260962244
84.46063216100916,4.753775880917339,35.788521416149656,1977.5656110046075,0,0,0.2554483940632999
78.74946029062534,6.802897504309315,39.60075423256102,2313.3579289454424,0,0,0.20031274196442547
89.33515541897044,5.013182663948108,36.94197426897708,2043.798774293792,0,0,0.3989648295265859
77.96223700775198,5.086796071140134,30.819973583215845,2419.7292437790243,0,0,0.23743265047377934
96.08044770951682,4.601611050106383,37.7941165460312,2186.24898358696,0,1,0.5611850032979835
90.65951802347602,6.026675716454642,34.318124166480715,1814.6611179556917,0,1,0.6362804252712844
78.33958800428056,4.36820177508063,41.15824035805461,1850.859792839019,0,0,0.057758424650679714
87.52632738360109,6.464647065797102,36.719826208796725,1781.7605580637162,0,1,0.5041380098881372
83.98274875527534,3.30177628892599,45.55815737070526,2365.2644065852146,0,0,0.04669794093582879
92.55339608335345,3.3516256179077093,48.01933033633933,1878.484714116334,0,0,0.10541397981159137
100.72360356818515,6.031140132689757,43.39690686505953,1760.4581609601103,0,1,0.6935077082410631
74.99862024283405,4.867183678125481,32.2448690900834,2095.933412338046,0,0,0.13184028419315186
90.92020863317934,4.319162875770307,47.5259799943952,1970.849868088249,0,0,0.13559145380785498
88.71893763546687,6.33508659871319,47.87860225186883,2088.370553772549,0,0,0.21959364567170728
95.37072061160373,4.089107878870873,40.093952556539705,2566.944171168153,0,0,0.4121760858403136
91.70557302590151,4.6996981185494455,46.61463080167766,2273.921241778658,0,0,0.19288051277979043
83.98424534608945,7.098841925106739,37.24162430976661,2008.1031662905718,0,0,0.44089371492258594
87.44756851466705,7.308713518715976,30.668770325752053,1577.4729847381975,0,1,0.7589003184430004
83.63179314557209,7.358597315405491,36.19857780689203,1850.0112508374093,0,0,0.4885624184768129
98.60805710878878,4.5768113345991335,48.646504330223785,2213.313830763591,0,0,0.31354426210072567
90.17049318937553,6.846054357476705,32.54460038194263,1648.687688101455,0,1,0.7468266608809749
105.20952548602406,3.576570758346983,39.99760640965747,2642.2910888991064,0,1,0.690524993812062
89.51471348948303,3.6396456879169086,40.17071946670106,2004.3249687906646,0,0,0.19325720638789315
84.3327458647163,1.4743162210634582,37.43512878016094,2014.6545179628454,0,0,0.05705842343957865
77.89028485909738,7.509302302847795,37.782392000814426,1800.0064421126067,0,0,0.27221835281484735
75.57488258995244,3.704030226385883,40.36124567118102,2149.0213270327154,0,0,0.03344200982049788
77.32691245595608,4.81020113037941,37.18918829032636,1652.5994580433303,0,0,0.09613268136153795
92.13701320809187,3.634513487107574,32.88970751416034,2649.4677767304374,0,0,0.4751478220128439
94.06980018583947,6.042747872495211,41.07515971471728,2395.2053913956033,0,1,0.5566591905522467
77.35047438374293,4.4365495089239895,45.366832912224865,2295.2889335591135,0,0,0.03224417835019429
97.16030651260893,3.042774664350576,44.34786259326711,1582.8712982630573,0,0,0.23299525884755412
86.13551158653249,5.662493846279091,35.951322663050945,2061.6239811373252,0,0,0.3937448080038925
91.1743440958844,2.849404962784657,33.74386042311162,2362.7259194042012,0,0,0.32664331775799454
102.8977650260434,3.743891412026763,38.57906058922611,2177.9316198073216,0,1,0.6691955194855497
97.17471452692425,1.8396663280608787,47.83895754897832,1699.3672686098676,0,0,0.10174844640427919
87.85175481675334,2.8640628317035897,43.22799039479773,1804.9718734074033,0,0,0.08170157767157216
82.8704621966777,5.267793754580717,43.519823383971165,1864.4191585982028,0,0,0.11491260767953154
72.78547678936556,2.053195942845613,44.449284758927476,1818.9686496534177,0,0,0.0063393655602009685
84.24677344606064,2.7782814130674263,42.103832812592934,2458.6336507130923,0,0,0.05857704496598619
88.31095808937845,4.996446625800788,40.60304273806789,1423.696058353023,0,0,0.2561823882666055
82.10256378279053,4.184589655860421,43.31153448323984,2196.7757418976507,0,0,0.0691761925794035
88.94994426326156,7.988054953938963,37.2691694789099,1612.3089875214646,0,1,0.6978030633242314
90.61481506367015,7.750844819036564,32.927684943168394,1711.6245537646796,0,1,0.8200445095115375
88.20115214553537,3.6981163058732696,43.61498467312162,1397.0799899393846,0,0,0.11278275708705233
84.79997935341233,5.835706427605222,46.18869052874612,1835.2836706523403,0,0,0.13591974418360606
91.34923737573382,6.123923835319177,34.40884030321985,2453.219495461764,0,1,0.6752592671218389
93.53552519655527,4.103781712963395,44.1096074120795,2079.447272739433,0,0,0.24121249007195666
81.27680738045723,2.756687695252694,48.40382856694095,1640.491535900271,0,0,0.017040480252266378
101.28745903797017,4.981552326037914,39.98876899121439,2305.1443023137936,1,1,0.7067765852072585
89.21129494172591,4.740731487778834,35.90998907629127,2369.391279070606,0,0,0.40128004840046017
90.15079698355878,4.346353254544071,40.615093367633776,2031.2139443117258,0,0,0.25564354387948557
95.66571538605245,5.663475302246728,37.24733015899649,2610.424747445777,1,1,0.6846179621915747
91.86572905010802,3.873905589491602,36.91634945021799,2246.4692373873845,0,0,0.3626456795090688
97.62509307130595,3.272003678631285,42.165920336357715,2204.7957521877765,0,0,0.3311972795202038
92.2969933216146,5.163624455524748,31.981352624850523,1758.986387850113,1,1,0.6643235715238193
85.1005010028765,5.578955138853313,32.78035538753886,2188.2195456864024,0,0,0.4489218121529019
92.89202820164881,3.2350325841499203,40.096454401869714,2065.037383281348,0,0,0.2442600170895162
80.85019034143471,6.392135916486621,39.888457305437846,2155.948700801308,0,0,0.20969711060983368
90.86847764621218,2.344278293335883,41.71777288519968,1794.6243142576009,0,0,0.11440748552787762
89.73416007484431,4.132829811926535,49.376126942416946,2038.429665307696,0,0,0.08835966624814934
88.33506514181968,4.612987195703586,40.522570180379105,1754.9415499355125,0,0,0.23027293156066472
88.97169990848856,4.0456644310221055,42.99086075167397,1355.8603700101903,0,0,0.15207314853987428
74.94520763601889,4.152409289673211,35.12233532192684,2299.4913705735153,0,0,0.07095144706201506
85.61020073807231,7.806611723462171,43.839688317582684,1549.2833054931448,0,0,0.3658920527336383
90.74275920912892,3.723673866441652,37.36804567444661,2032.1559394347248,0,0,0.2969549715107796
91.27885113597921,8.66183258370787,40.357104162905465,2099.900638834712,0,1,0.7530930439190182
81.77859887259234,5.6556901695965776,39.45575687465419,2097.9689047589163,0,0,0.18461388098935017
100.12566272691761,5.138082705967988,45.16487117457015,1915.076277920525,0,1,0.5269688059533884
83.070601214284,5.714360530081499,33.450117228125,2081.363442583992,0,0,0.3731838638444447
97.7556576042139,8.794891623877929,28.583806826924803,2141.2901209355487,0,1,0.9727630877963345
93.41755489497348,3.509610494102828,38.93283651456038,2220.4894447255956,0,0,0.3161209392312174
84.83018152124957,3.319373121595416,42.34265628452562,2520.0324018152787,0,0,0.07783321978692533
104.2024871408761,3.8677007051421186,40.7613468790375,2070.258245449462,1,1,0.6594137671096632
80.45090534594816,5.0482147204468415,46.16102118706956,2019.2146535053105,0,0,0.05704958914478982
97.35323338888001,2.41134331278114,42.186863370898344,1727.9813103949718,0,0,0.23645816216678245
98.00465854434383,5.033508858977912,37.1807583407007,2130.783897169801,0,1,0.6874276036293033
84.63503832738684,7.540320700120509,28.3728992293016,2200.2149309421707,0,1,0.7671736366349036
101.13972240051463,5.227111085937167,38.81343882902391,1942.3090447155118,1,1,0.7496256078288538
87.99962788320838,4.560971811537085,45.13979501128899,2163.383751255211,0,0,0.13769337546931307
92.30954903423886,4.072759326974559,38.03976108666443,1912.2451419351974,0,0,0.36011794338234326
92.08257471016977,6.347767556827346,40.14160131838882,2201.2977956266773,0,1,0.548663350980068
88.92553006823562,3.7612508401429285,42.10680127153354,2273.7806942089233,0,0,0.15679348604380589
96.48646618527826,7.7695938808988725,34.92353812875092,2269.5883600191455,0,1,0.8939464227461722
96.34790976441771,7.900039621571535,43.11617948319409,2035.3532978423902,0,1,0.753937023484531
76.01174421409455,5.385126197992681,48.18560895000853,1688.0095545148847,0,0,0.027938052481310448
100.43472194302522,4.982727367885032,39.13593324053297,1816.4260842074539,0,1,0.697636098520738
76.70006409571461,6.545989712362339,34.35467789083849,2178.5471971654188,0,0,0.24332518614313534
98.26036963473325,6.642197753340987,39.66699486489013,2734.643691722068,1,1,0.7843559648974013
99.01364109462067,3.7910124034108765,28.878079456955657,1897.7837685403754,0,1,0.8008886510147328
81.27226855827841,4.210167300294947,41.68451631988308,2136.751303516442,0,0,0.07572538908457688
86.71348569636332,3.0164788479750566,42.26137188824289,1833.184232756179,0,0,0.08438458292131501
81.15436265211251,5.613597407501086,48.37818146922781,1707.8098867252697,0,0,0.06021644463585839
88.28063175769012,5.999941825185336,39.03002603716688,1797.1052409267913,0,0,0.4052952270967722
87.53572572651407,2.9751115432080906,42.04242669073235,1375.2584069891986,0,0,0.09184159448737995
96.23728425815472,4.317201642775761,35.69355948807049,2406.030518872325,0,1,0.6028861195869757
100.48246996895686,2.979119123627976,38.217864397374605,1330.9609241256157,0,1,0.5007232541926483
101.16547048631965,3.651800284634244,32.37407281668901,1920.85153087981,0,1,0.7663500376103488
85.50265578737358,5.8265255903394495,39.02605189358382,1646.5616313949836,0,0,0.296994588870748
88.32622501004377,3.899776899982581,38.47345423240718,1734.6859353913387,0,0,0.21777138023017414
76.53249446223239,4.548761065951552,41.49599883044448,2412.9567979216004,0,0,0.04896176588185034
83.55303946803049,2.5590324080790268,36.88201559833681,2060.3200970094176,0,0,0.08778116832125875
97.71881306477967,5.280485314586996,40.41672675487546,1710.3811522454898,0,1,0.6044577131670847
102.92466258838586,4.9335900202330265,38.33309972196167,1823.1448602510468,0,1,0.7796867227877761
80.12520902496063,3.9065611249502568,38.34250305850243,1770.3556338673743,0,0,0.08287147885113663
85.26028592677685,4.716478553476289,40.40181162981515,1986.9362983763358,0,0,0.17388350052434368
89.78875394432859,5.2704423207551665,40.20261471158505,2051.867505436308,0,0,0.3452652606666873
92.24128927055685,3.777697776635984,43.805870195258194,2568.672431968568,0,0,0.196863307905637
83.52317184062683,2.7856061839973307,39.39678482935083,1425.1097702006878,0,0,0.06901967539711372
93.39248835571271,7.708361649030223,38.25057325438498,1989.5563055726143,1,1,0.7739354117184536
86.20928522343267,4.050090942934591,39.09596277456387,1905.3296922396435,0,0,0.17180313249957077
89.88438183297377,4.854859845219666,36.426679415795036,2283.9645583150345,0,0,0.4195751124384353
94.3702739840296,6.51625960253047,38.20044453216664,2106.4454354535183,0,1,0.6968387522968913
90.05137815848751,10.293582781355726,50.15579356536615,2177.1086624344834,1,1,0.6131149688200463
86.50891287578744,3.1332703251667016,35.436606196520664,2103.525855804525,0,0,0.18588127722344297
89.12312156859335,5.674740820589765,38.60671833060346,1720.402662414938,0,0,0.4092571236543922
89.29309632635731,3.9386715720588406,38.06255668365155,2363.3796489479037,0,0,0.26285534385872616
87.03991176094299,4.191814543134933,38.764141938778,2239.5514713847006,0,0,0.209675408470735
87.92963149866318,3.919681968489815,38.343803455608025,2274.658937517423,0,0,0.21887131947509275
102.78917736403774,3.311517548299123,41.396200506105,2379.2150511521495,0,1,0.536703191035028
94.4873555835299,4.938062957323008,31.449124493041026,2125.302530195588,0,1,0.7265390517096728
87.63615745576672,2.7882459694276465,45.18585736266002,2444.297721235248,0,0,0.06360616570998086
95.57563523608589,6.420211349767806,43.16291399821099,2113.2918715359924,0,1,0.5815207970183501
87.32944408195192,5.082504404050062,33.78564206968433,1934.2824235926173,0,0,0.43381212622204657
99.38499710069313,5.6336524593521595,28.654613635237993,1998.0188268549905,1,1,0.9111724827236338
92.95713753758476,4.3007170820806655,35.114639269292994,1992.846869559165,0,0,0.4991157649367859
89.14158284796616,4.449194098682377,38.786667692864384,1844.182603372837,0,0,0.28015362088356094
93.58173540648222,5.431345857750992,52.90145949345387,2489.566654511066,0,0,0.16618038723196357
77.432990783452,3.2539240513912615,42.716284824871366,2088.8886096511005,0,0,0.026248913580130775
80.98586024872156,4.463014348379996,30.962051754092712,2028.421542749872,0,0,0.2543423049248414
80.44859994880755,3.710579729182319,36.55172247549528,2116.48227647793,0,0,0.09983370163019639
91.14354475810966,3.6641467841134787,39.733937818635084,2893.956355021144,0,0,0.2545209944070411
103.86011999588074,1.835242639061538,41.26841777149048,1660.4827434201022,1,0,0.39755804228628155
107.85040116954106,7.00898988422,33.42625569844789,1746.4884464851173,0,1,0.971400118386302
95.10440881152606,3.9701918702693466,39.32504886011469,1585.8286947659012,0,0,0.39753190470849376
94.00675579955566,6.745064082745325,36.41180431194729,1930.2202284693542,0,1,0.750523074486063
75.59153812677809,6.603188482091438,34.481207186988414,2073.655532998208,0,0,0.21647339109554734
85.65860960212783,3.0710004402252595,41.29797823349477,1860.4032444976767,0,0,0.0844861733545142
83.69772998473408,3.3673831464907313,43.86938586721411,1838.0819605544689,0,0,0.05480501154707646
85.03321921399107,8.840754439033525,44.20520638480809,2042.7214599884396,0,0,0.4583316790486082
88.65484945132168,7.626388912890715,42.87193175566938,1849.3676525510907,0,0,0.4839331842869308
86.22327537842298,4.9527222300078435,37.51315233429869,2093.0527481548515,0,0,0.28049895788118456
74.1656015169937,5.386059659626024,43.57274880731753,2334.270304022781,0,0,0.039928009976099826
95.98328204894027,4.053730395579217,41.54527219052144,2203.109140940242,0,0,0.37900691184503577
81.41805579408155,5.64852907130051,40.669709414760064,2264.3040041495606,0,0,0.15688492583786262
91.9139749128892,3.9242271489162928,36.94153439149101,2325.775523452016,0,0,0.37009530465425733
106.59266135799979,1.9514693535524232,37.51561936329236,2084.848448035611,0,1,0.6280279417734155
82.64492326730861,3.0176663202334235,40.36943468062277,1952.4076921870696,0,0,0.06265631506401374
69.75769981802937,5.031639121775881,52.1993723349275,1768.3240787350414,0,0,0.006120808067024202
87.71196622495911,3.3033991467461186,41.50621240045695,1882.6465509092836,0,0,0.11780517768691072
98.80767707998857,4.899083802629698,36.94405748874857,1842.8943401969316,0,1,0.7003775022256408
105.66677963376475,3.3880084408507054,35.83805277515279,2219.5016979862735,0,1,0.7820517605161621
80.16360324438067,3.8264691162470097,37.54116693671899,2104.034766378259,0,0,0.09016599759423868
93.97359378589218,6.279747959619788,50.88646723774533,2209.0273588142904,0,0,0.2827270060138048
86.27751634575958,5.371220821460157,38.00371677027019,1651.8989431699547,0,0,0.302943973929311
89.15241316556691,4.985503368029979,44.53435267305142,2429.5248452723235,0,0,0.2005102811748788
111.15474677613628,6.3184459596059765,38.120358772643215,1871.9058885479712,0,1,0.9562151310802579
77.97623737283877,5.720912890021021,41.30592270639814,1669.9950073776013,0,0,0.09532462928730721
92.0299172919566,7.169844936877052,43.958726370043614,1868.2346705534562,0,1,0.5152977252705747
93.74154537412346,4.31021110652729,37.14048575095038,2745.1297977762524,0,0,0.4762196576535214
98.68629059951478,4.355547532208737,36.794441729236155,1883.6849400525298,0,1,0.6464118734877062
90.78386522776717,3.048336100412982,48.29434847227665,1902.4710585587225,0,0,0.07182429539032899
92.46440431603281,4.3565289239413705,44.92296447447899,1942.368595811097,0,0,0.21558350143999233
86.86681146062567,6.447154841453669,43.95336159345364,1955.4138849705635,0,0,0.27137850883683856
92.15301552996085,6.949981058393201,43.93638146561457,1765.5571802596237,0,0,0.49325615539982587
87.25446179602072,6.440457752130002,42.29787744155533,2042.9639249618392,0,0,0.3271587539313051
94.97257511884841,2.3087122001758456,50.088879065875325,2322.678472459499,0,0,0.07497340832860008
87.04311731165093,6.624717818991101,40.219541509385785,2094.286794643612,0,0,0.4015035711750292
93.01680315121749,2.242222065091894,42.886311836004595,1666.6504103300044,0,0,0.12461003592372016
89.76589749052017,6.347175986183521,32.74543535702993,1896.6962285198874,1,1,0.6870830128617447
99.00840200617735,4.448323210143418,35.875196567043794,1834.541779969511,0,1,0.6908649958897851
89.58885021129211,6.0537999709007835,33.9959050008248,2015.8818404704402,0,1,0.6168723017746398
75.81574025434495,3.001327478158151,46.37031791758075,2399.135501468695,0,0,0.012154694117468487
100.09537200571194,6.7567514490592195,27.237299239896252,1955.335161193735,1,1,0.9577719238277705
82.75414159309905,2.8025378808426664,37.98844988623639,1973.5535393388827,0,0,0.07681261402986546
84.76986929080944,3.9973176337202334,25.031466986696884,2533.293445645829,0,1,0.5059533715729881
85.23470964765207,3.502858058346447,35.84356052259055,2262.861797501498,0,0,0.17862066747319022
100.99550474536653,2.3685727207662515,37.54525525134067,2172.2243846319607,0,0,0.48376940970939974
72.91460628817043,5.141791351382703,46.92435546897022,2587.4394845905326,0,0,0.02033843398015612
115.10198826927996,7.709133676755442,41.98313969610729,2146.943376438204,0,1,0.9782561004082365
98.44845447252841,9.000357833480013,35.83429238335517,1404.0418574067432,0,1,0.9426682905705922
91.78591131303328,5.145733680629371,45.32981859865913,2249.799727364108,0,0,0.25853297866879976
89.56084799506971,6.6750219126012835,40.08916127264879,1522.397462864405,0,0,0.4885587353751166
92.28443259886126,5.348141956892806,40.18783429353626,2135.6016105747344,0,0,0.43845236085020417
94.16897942703471,5.748324792152319,33.986642461140036,1485.876927761228,0,1,0.7194609913122126
95.16172468760045,4.486777023309141,35.04993143048431,1859.943376880024,0,1,0.5962550619803159
94.44483572802758,5.292615388133903,35.87451350027238,1890.8646411170387,0,1,0.6361468066146687
90.716645450042,5.806218056909643,40.232306365770945,1768.964267830474,0,0,0.42898669567286457
88.42129263754138,4.132310406685503,40.389428634903375,1895.34440084264,0,0,0.19941934493391164
88.78981373077191,4.883758550160518,47.72046331762023,2309.768516108166,0,0,0.1310103044320082
88.44073375717855,4.912354821503768,41.92527583968917,1785.814126352134,0,0,0.22627165967510188
99.07016077493651,6.239604975995787,26.46217153163946,2163.5422638531622,0,1,0.9454160807833305
94.7484537782469,3.400951742558479,41.31320993935845,1710.30510811781,0,0,0.27464926787311517
66.47689092268575,4.922686687088523,32.74991821916234,1943.1501270823612,0,0,0.04206190179486763
95.24720621223808,7.868008203579047,35.170145376942315,2097.151779898235,0,1,0.8766257907799722
91.5578895577502,6.746090228878906,35.93915264136835,1701.041475014432,0,1,0.6907583200856225
89.85032994843282,7.023768573333058,36.68330838243849,1606.4838701267931,0,1,0.6438672039321054
86.89185237528892,5.036647760267051,33.12425303979848,2147.5634451736664,0,0,0.4376758442778205
98.99290175988811,5.481496345529035,41.01741001726144,2336.924119802192,0,1,0.6595091290234679
97.58021169698286,6.503354250054388,32.945988574545204,1976.2804941537884,0,1,0.8734399154859369
83.81697865741113,7.340383294296396,41.78333803624923,1862.8061280329887,0,0,0.32426329541273274
93.25641829699629,2.07259563067567,51.18485538530815,2046.7026163065161,0,0,0.0465794177540739
82.22674612366971,3.0268380394252317,33.35320470532968,2016.643975629614,0,0,0.1338552405444392
78.96305468168856,6.964166152103972,38.57744847830389,2072.870762213375,0,0,0.23743313186145462
84.98626220328028,4.584665966346795,27.382713187437652,1241.5264699058857,0,0,0.4850598475248778
96.89914777906208,3.9924188161128837,38.49532353514933,1679.268712650211,1,0,0.48922265731933945
97.6250003630087,3.1187585195065943,43.21358576315742,1746.430968368944,1,0,0.28153320158489725
94.10468336077834,4.167474947683836,43.60319615678633,2045.2602885534689,0,0,0.2738319213688508
95.80076629478398,2.896446074864263,40.386818651420484,2055.76336508668,0,0,0.2857869749102463
94.12942629691966,8.136641409098715,44.44631712379488,2190.8541466052106,1,1,0.6814615530862107
84.86814723821638,4.96634592202914,52.73027267971396,2077.274524763131,0,0,0.045114169502761314
93.45538035739152,4.913074187355924,48.561523437188,1609.7794788837994,0,0,0.2011080101794066
96.40327620182146,5.882115012751748,37.38739535295181,2434.101385275518,0,1,0.7210002819269554
96.03433063850859,6.4435177538998545,32.74448006766631,2381.5754910267096,0,1,0.8507705339073863
99.51130697179714,6.418832234831958,37.969242917130984,1622.5408129919224,0,1,0.818070922315655
95.66643077760851,6.610432915861358,35.26508617191326,2099.811588312255,0,1,0.806606689590252
92.81158566033267,4.053731673813715,42.256737739323164,1821.3726844270952,0,0,0.2586024325995369
98.56120190653142,4.553199792564708,34.09403230285251,2041.6591967601644,0,1,0.736783723022129
89.78782992600752,6.153547483163413,39.63588783704829,2315.993083892561,0,0,0.4641735186138491
82.94500279017825,4.2089164075405705,44.19007027268155,2639.0312798962877,0,0,0.07230777960362918
88.69546428844988,4.992340051959163,39.496520635914116,2225.383311542783,0,0,0.30576622169974704
84.0407788415484,5.598145646637222,35.268430886261015,2088.4804205330406,0,0,0.33937653469605866
84.59857380020495,6.177777623465564,45.87407028792846,1898.053649507511,0,0,0.15761443580998422
88.84385063427585,2.3334785564446983,30.605095276230863,2054.640461303353,1,0,0.2868598705086668
83.66064063200031,6.072118474833418,38.36102472061268,2407.931567998494,0,0,0.29509810762247096
87.53630776288767,4.6494139132224115,39.79169988309333,1986.5873729721243,0,0,0.23260969681379176
74.85108266436971,6.061186566296572,40.07954329199816,1734.166204595705,0,0,0.0853992346976393
91.70634965898351,6.165397538532243,40.90248028039041,1514.093040345012,0,0,0.47901912805072255
90.0096438028978,7.411872591678736,43.05219909904746,2153.914360223075,0,1,0.5060183068725691
83.46329095145447,7.030180471431805,39.82296280477325,2074.186437688322,0,0,0.33976645385341697
95.27396534745924,7.019857493915444,38.1597085892816,1806.2275480213111,0,1,0.7641833690228511
97.50056110101247,7.165505478749358,37.962053276701525,2307.804237712189,0,1,0.8338505208610001
77.1395210850482,5.437068477223919,36.94242098980823,1873.4669406837108,0,0,0.126510187195782
83.89820177147028,5.048277630555259,43.93771662163432,1959.6067724525615,0,0,0.11452001794028882
83.84686120170161,6.309225624767501,36.76735760261743,1995.000760010617,0,0,0.3631981499547918
82.48077519112908,6.098121427149533,44.23385554504122,1894.7141773585736,0,0,0.1416433290879328
96.63579873545399,4.53640064489261,40.09499541129936,2070.759519724871,0,0,0.4986548051160113
88.44939088981758,5.607235113212402,37.393725965719355,2345.4545437799,0,0,0.4263392948722768
87.88388126951511,4.9473552998231085,43.092036078720675,1657.255430564473,0,0,0.19037255081980714
73.96910108474597,3.719100637309916,36.362730376384405,2146.556041542203,0,0,0.044120324458511904
95.08334424167381,6.935691112064525,43.19092020364106,2051.6476008819322,0,1,0.620109693661392
80.08593284117222,5.082798863795134,41.06363060595893,2046.129148863412,0,0,0.10036047329660465
90.47946104213062,8.073062386548276,37.018376554540396,2261.5533709622273,0,1,0.7623244397238373
92.21901550366553,2.561761594700251,42.64317407667279,2014.7892275651477,0,0,0.13474686619124454
100.8852687667092,4.1648318407349505,42.7329486284432,2144.068778571711,1,1,0.5222220107583214
79.5294368070471,5.0489582550363075,45.78759802904979,2214.759388871344,0,0,0.05349233929431599
65.8439027534334,6.706071646443371,44.83073506204648,1848.690439885818,0,0,0.01930787960432752
91.47079635802956,5.599204058903277,42.456370103631414,2089.7550382441395,0,0,0.3691678406117956
104.40408945208682,5.465709131271127,34.36204524395618,1924.7637178368104,0,1,0.9025168871490534
99.9115708235155,3.3091043111687792,52.242934940870285,1960.1954660840313,0,0,0.16007039668728537
91.677275322197,3.264587904155793,32.98191894464095,1903.3815810565004,0,0,0.4022292682004445
86.06691051494361,5.483756990434857,44.74631587141155,2141.324121229066,0,0,0.16364033658004373
96.45698077309848,2.9538410092724625,42.15641908443149,2024.4934127054762,0,0,0.26429559271498615
82.21163040236425,4.202183374566007,34.12928813759443,2118.3632102950023,0,0,0.1947988595618697
93.81086215484976,5.751375993628786,39.3784953056075,1994.7447911312754,0,1,0.5609204331959553
94.04376127333302,3.5265135915848362,39.606235568776796,1518.7636962589027,0,0,0.30816228152092734
98.48167925999104,7.40803394354271,46.527913579052615,2009.4105248299124,1,1,0.6809042328305418
112.07728031128862,6.835904516356836,36.43344549859894,2019.061386547045,1,1,0.9752689497992973
93.13932773743014,2.6428700024925496,38.69027496787823,2072.778781146038,0,0,0.23339022694341136
85.92829099434002,3.6014431352270195,28.319651974893684,1821.8812418942775,1,0,0.386835832901818
89.79540550246405,1.571334133257575,48.67381396561788,1641.3590850003463,0,0,0.030960921872320638
75.84739276088706,3.8261129561778002,34.64765878489965,2187.3819934682833,0,0,0.07284493561456964
84.44229495128754,6.1495827148585995,41.63455432119587,1917.9180330397494,0,0,0.23631135120385255
86.72574049509517,4.379157586587715,39.49296085139068,2051.3732143054985,0,0,0.19950157830014772
85.80729281652326,5.691195865423952,39.5099951660833,1915.5619760335112,0,0,0.2840329569927458
91.21883897626978,2.7164985225773837,44.049309924354375,1998.1814522679215,0,0,0.10838597537641877
83.4206405409424,6.196962881872858,48.35631230151817,1865.2143956192576,0,0,0.10447793139796809
98.96824533859578,4.167336158107475,41.25746834970996,1709.5749232538515,0,0,0.49485165033118345
90.00165651934557,5.018254523424358,43.275390088152626,2142.119498230597,0,0,0.24801995806234456
89.92559743089109,4.860688247910421,41.6444576836352,1819.063973532164,0,0,0.2674154791431034
87.37684226789666,3.0926772186615743,45.08765711965313,2049.185444268443,0,0,0.06917235218829872
91.24152547087184,3.2703735023903264,37.68541810256836,2123.1380665706233,0,0,0.262113403491899
96.60078611734107,6.451691703505139,45.37695277208207,1823.9561853190755,0,1,0.5466744358416367
83.06295827431279,5.598488236252543,45.55249932823692,1638.8343096881044,0,0,0.1057751175541398
84.73506808739795,6.5750735623301395,45.41268504341455,2727.825684155916,0,0,0.2042985748562164
87.57019176978669,5.486987353253777,36.69926066331762,1841.6684372163722,0,0,0.3962210389557315
79.23303261221429,5.214485952213825,39.15831182881404,2187.0251475803475,0,0,0.11907484795966418
83.44593712222802,2.41098407199985,41.19733494390218,2581.8390648710374,0,0,0.050434340795795604
86.19023301164273,4.594449954858245,33.14578977585497,2236.972324056168,0,0,0.36603687242165633
96.99511344570182,4.958923519394384,47.97460104043007,1909.8671573517345,0,0,0.3167943659878793
92.1004906320154,7.929660797408861,39.93861733248912,1979.8650837394666,1,1,0.7186126198935724
91.54871929094035,6.030434948148016,41.41963943802361,1750.2178340783455,0,0,0.44576741858406493
96.80718369734377,7.304091772564293,37.114977801363985,2264.5089280873226,1,1,0.8434768399347308
88.90102569280482,5.896306558842093,33.365612203164886,2169.8812124176065,0,1,0.5981168409190796
93.12371879943112,3.933045159575781,36.97985057262615,1845.672254521477,0,0,0.40235489370448607
89.17422597654003,5.175686324224777,41.09602093816794,1687.3475578704667,0,0,0.28757789738253436
92.12289879519703,5.354335469396349,43.367144063768464,1603.6298787008925,0,0,0.3306149176886968
85.33793073910735,3.5912666453439774,40.808957703013604,2295.9542011412605,0,0,0.1094101589296221
70.48946273378857,4.423418935110618,41.73362008120975,2036.1119386866683,0,0,0.019356744768598045
88.92576670250956,4.691349509484242,38.31486812659312,2064.4953608998253,0,0,0.31265225913593886
101.38198508879952,7.408429748847677,42.48124283122714,1753.1154122412927,0,1,0.8400788015864123
97.40972321793274,1.8788892119135325,47.414164331929534,1560.9490690086782,0,0,0.11080517577999154
97.72317987672936,6.808727631074065,43.52394721219493,2288.78407241349,0,1,0.6845231843777738
99.88904577444974,3.5948071475609256,44.0477094412647,2012.6117110991693,0,0,0.38027356962950837
90.7092607276915,2.941881219095579,41.47008199653315,2272.170398017286,0,0,0.1506053483632705
91.57852565924476,6.769913195057696,32.48422465200199,1884.2200620453307,0,1,0.7802552633064772
85.0587848365252,6.097847103851572,34.77666734684378,1928.9546470889425,1,0,0.4398292028103769
87.4714171517836,6.881778053571785,42.27437900331922,2213.9894529861895,0,0,0.3839444711820895
94.92616919816913,6.201052921318365,39.94530474019957,2219.7044238951576,0,1,0.6345003738141627
99.63107549735054,8.089767502606103,42.19921443236414,2239.269686805786,1,1,0.8576948211827831
88.884429794552,5.838085755416728,48.382117089220365,1911.439624069191,0,0,0.17514857087231953
86.3984858811887,4.765283935815262,43.630179996146666,2184.3641712952603,0,0,0.14530060927685706
90.00422367085278,5.514389565982014,46.29443102871411,2332.7298396430156,0,0,0.2227893325001479
94.80965399143292,6.8652036925189455,40.47340694735365,1968.5683964955397,0,1,0.6808330962174428
78.44916147093167,3.8309370121098247,35.9639216125778,1845.953490867784,0,0,0.0857123518565931
71.6305523749021,4.022167126202929,39.7106692039283,2402.8242809950298,0,0,0.024850475837834923
85.59570520406733,4.5365599781031385,35.97624093140431,1803.666279934608,0,0,0.25989182588193394
80.23430059268674,1.8431258018520014,47.79147478386224,2188.842949134343,0,0,0.010906484767096701
85.93487841882151,5.207117612626321,43.95195538267735,1982.4733068440416,0,0,0.15610477451318128
88.81775744946023,2.170806944073461,42.6025624831414,1447.530315054632,0,0,0.07251437990262825
86.3740127278159,5.0795889693989285,46.17971601114051,2338.578220243574,0,0,0.12533679406297454
101.61974027576596,6.297934634202875,29.899717927383875,1172.6439111357895,0,1,0.9389846127377312
92.61395811681857,4.284685309034247,42.9406897567133,1404.7615799727173,0,0,0.2517936422932177
92.40379487688662,7.515673805280306,33.446771078478136,2158.1990238442013,1,1,0.8351966600715294
94.97765715234722,2.8092486508722683,39.96372150767169,2158.1213596034345,0,0,0.2668164635878812
80.88933505775384,6.786891022447749,38.441462037663925,1808.7260426367393,0,0,0.2729759003633073
98.31289429936214,6.012705584610381,43.30868306048474,2044.3466270909735,0,1,0.6227134104710901
89.39388570771632,2.4259501275339663,41.14093644480478,1240.5709862665985,0,0,0.10161223995216746
95.3638449379297,9.066191448560799,46.72558586805894,2212.0926393411796,0,1,0.7454570812944482
81.42514213567875,4.904382071744051,36.990514195336935,2074.917646116079,0,0,0.17212864612791778
77.56992987187148,3.6837739667665526,43.54557194816642,1986.3071439998614,0,0,0.029081456294586413
96.54311726420023,2.8893692078239748,40.81111608449416,2006.2524446413315,0,0,0.2947605455436942
93.01127620878013,4.669972958510489,31.823548649642238,2147.9762528579095,1,1,0.6459325823536581
82.78358756513991,4.80888969141506,35.406917707384835,1991.3295429506418,0,0,0.22622312098336225
83.04269534980244,5.1539682928094965,39.25060983238916,1437.7833491806339,0,0,0.17389963900680377
99.00347827531816,4.55330576566406,45.561462249458636,2658.899670356757,0,0,0.42100616297202564
80.48470485706137,5.94983796517264,42.318615287785576,2360.2402458285355,0,0,0.132900230141171
103.14138362604771,4.418555251005131,34.16249588059643,1614.5166014135516,0,1,0.8278742663805071
82.79503412281704,2.0975538241392933,39.298418859764205,1896.4588308570228,0,0,0.04849282487132658
95.10713540486707,4.775957756525538,50.08903224396515,1929.1897429531878,0,0,0.2004757157808629
87.37105219400813,1.4487835199400827,40.55611667420429,2323.654869952689,0,0,0.059197827029258486
94.82549944865875,5.530655946337085,38.36337212463802,1352.2193194040697,0,1,0.5915470541217239
85.64708798308646,3.531049654576047,42.458698203781104,1850.2975206710632,0,0,0.08947306844498462
88.69765675142165,5.245040532373701,43.81696539790985,1471.809066998749,0,0,0.2140324487035712
90.32735340316577,6.971112472286906,37.719158262599706,1914.4713452514984,0,1,0.6281487856291933
81.98250035374822,3.576876957098,42.51287387185719,1858.2497320745288,0,0,0.056360302214667146
95.92659476336101,6.591884387768177,38.35555251664596,2023.9082202148136,0,1,0.7426311992864885
85.89429146822732,4.34991564997077,43.59663800914719,1818.537680297245,0,0,0.11361976040943311
88.17120067727986,7.629792203098378,40.84846578985642,1774.6929825828427,0,1,0.5301380780484931
82.0452050031319,4.45227108020268,42.40983913526446,2185.8970075289444,0,0,0.08543601453808024
69.50133072963752,3.739260521739963,36.20408226916248,2136.401822282774,0,0,0.024793096709852608
88.47177789919864,6.030857675592933,35.893568079635706,2165.4195028334725,0,1,0.5198184503734152
109.30092337290333,4.346315405564546,44.727486523296974,1946.9299728527471,1,1,0.7472977195077982
96.27683430318419,3.737825728806487,39.60301809307253,1828.4784253324433,0,0,0.40668928971403473
89.84591696212485,4.283240223944313,41.42517371049681,1964.3442553937687,0,0,0.22313158020756907
87.89687336633386,4.933090201725498,38.4680228645674,2150.3486210205356,0,0,0.3028224527104569
90.17972714249638,7.013270196867281,44.49363387006822,1346.9660897084455,0,0,0.40791544036177046
94.37695292140168,2.098868381810634,36.960950099851715,2118.2335791112573,0,0,0.26020897335018245
80.55349747752925,5.034620988425631,39.321993800495584,2092.741456200439,0,0,0.1271454340446423
98.91457355735098,5.937355391981065,43.929964063515655,2018.645271825718,0,1,0.615423390577629
95.72305052352995,5.290172862487694,45.86483849582133,1955.2059734384975,0,0,0.37197191418370684
95.74548580566348,6.964797754150301,37.38120354486658,1230.164184220276,0,1,0.7817861163034453
93.50780591047781,4.888482005362214,49.79841990977941,1868.0440210698782,0,0,0.1790859782341545
90.15693326155191,4.723172836721083,41.56620846846808,2536.831613323212,0,0,0.27277947312326356
95.38288988773456,5.888494320520015,34.785358690956315,2003.8703886704916,0,1,0.7521277587280375
94.73451306993103,5.148970722427024,41.84526024294984,1907.8130483975847,0,0,0.4448325190302459
87.1676743124718,4.4143868925792935,38.08500392758271,2005.0718586770338,0,0,0.2430077927366055
85.4111858168248,5.77421605937957,42.170342435915884,2106.4318605884027,0,0,0.22001593324171223
90.8148503620959,4.021207560175032,39.78571876169831,2197.646073406839,0,0,0.2670776604178279
102.3921612119615,4.083234271971009,40.371368450950726,1931.3359510526175,0,1,0.6333809834429003
80.08714339476879,4.20800896735158,35.44203311706927,2127.475880718105,0,0,0.13248011787021696
78.25979787398047,7.029603740249611,44.9503061535818,2502.995240828408,0,0,0.11787623551882526
91.31808672989213,0.16847546602143026,34.21936316424484,2301.8752398298147,0,0,0.1188778013337073
90.40710161484814,5.593398252144413,34.45617552297502,2702.090064757094,0,1,0.5906191746811669
91.38673331496327,5.051407721300333,41.83680174573743,1802.968892494485,0,0,0.32280952940196256
91.951625583268,2.4786943111428195,48.01422123588985,2502.856852250605,0,0,0.070287782461921
88.21438196292156,5.464590168704003,38.237034514677966,1762.7979080232217,0,0,0.36786699990554395
101.91890750881666,5.713627987747298,43.50486161351983,2106.069844022139,0,1,0.6999522910894699
77.19276817218787,5.8844588470361,45.36670088431772,2219.7429587714296,0,0,0.059440656425574855
83.37202380175803,1.0222579054325767,44.073422186470346,1846.7668424286583,0,0,0.01800063532712146
89.17396191880762,7.049584117781658,38.44395855413159,2026.3892832422828,0,1,0.5780755460634138
76.85448951076665,3.893394942972739,34.544766414029624,2273.1383307355522,0,0,0.08682066050295727
88.59316476454343,6.029851620129764,28.962262171643225,1786.9187305064277,1,1,0.7206430960517025
103.29176132582414,6.1116106710234295,38.68579750268803,2500.815037864294,0,1,0.8651889336857982
90.16709190636769,3.6849543715710604,45.89043684281087,1584.6210125817954,0,0,0.11214363528898466
91.84560724574946,5.990689928527326,34.37917007619033,2581.907432818515,0,1,0.6797297048918595
79.91868187861935,4.421760138631463,43.501049237593826,2300.3978404398777,0,0,0.05664397946662885
85.06910873568418,1.892934230992764,35.24923734974064,1973.0823271016664,0,0,0.09664118245431962
86.9984289574085,6.751612888291668,40.53036288193419,1879.1995366289805,0,0,0.4011214134176681
87.45827922595012,3.8374325554756403,43.53895807077509,1847.891521162693,0,0,0.11280695498101516
100.25315036003015,3.7182598058929184,36.70252281580786,1959.2613079228956,0,1,0.6330997337214989
94.461528485801,4.395401197944917,40.85242340348457,1985.4512415353522,0,0,0.38315898160907325
81.10833634450374,5.408355087991082,37.92454331637336,2376.5678739903747,0,0,0.18533766402935528
91.97203822745604,4.914094383766846,43.52574329469088,2590.596230115375,0,0,0.29254872180430314
93.98577398797428,5.822100387060756,41.17658584242319,2059.8139761962025,0,1,0.5196793910855676
99.12119230817014,2.9907659502070114,40.282538372146334,1746.3114536031787,0,0,0.39758063350744455
102.64432549254698,3.886420444353898,47.79174980070989,1836.2821878091418,0,0,0.38834519478887003
81.87924646537705,4.826004391517699,43.31153071184151,1945.0727646166147,0,0,0.08690704437275022
83.51313991031729,7.846830938988059,36.54824066936855,1690.9633684109674,0,1,0.5268950826195988
79.93937712868308,4.829281192379363,39.57068049601119,1646.3175793677865,0,0,0.1026137845662128
88.12784112714415,6.6278333954924475,39.6205060746017,2629.1381637119084,0,0,0.46650318514029643
93.73086699557068,5.057832753176476,40.40159786312606,2090.784057783876,0,0,0.4479525203628974
97.89867613271281,4.2745120438436475,52.622546383037474,1750.0600598958958,1,0,0.1741357752661328
89.39239181085982,4.629913363828339,41.85425946355498,2244.9810711073137,0,0,0.23386542853288425
87.44121981396125,4.7473704319566785,29.820487149476122,1646.4961625579463,0,1,0.5193338627960782
91.21406393798992,5.905468608441108,37.286005141415174,1671.196385638684,0,1,0.5487639679380083
83.31885678695981,7.061916901364832,30.338139562520958,1759.0872796807264,0,1,0.6246589198284525
106.71630977355818,5.539521271529481,38.3510087147708,2496.35398425951,0,1,0.8925067183462733
77.13871178305553,6.780616518112633,30.06344885136786,1924.1359802664879,0,0,0.3919745509190016
91.47792463116579,3.5528153935554716,35.64204764465786,1267.4879039292541,0,0,0.3383309936085747
106.18884975383712,4.378054236778954,32.3963923518294,2363.0197799526777,0,1,0.9048439892672263
90.05439875647998,3.9135461986884996,41.92080088983739,1908.0855907512928,0,0,0.1891969985703203
88.47968771998805,5.471666886312279,40.0026968131444,1445.1775982364784,0,0,0.3217240635755824
87.14043661751658,4.461562422230879,41.51481153749366,1904.994953610977,0,0,0.17376473689208638
88.55686654590073,6.094659405551293,39.47724305715737,2156.301168981471,0,0,0.4173703987257244
100.98278779741224,3.603497432551338,33.028511248977914,2121.214749959891,0,1,0.7447206423494721
72.30510470936395,5.064546459981922,42.56760684627368,2539.524493749446,0,0,0.030847814538964864
102.2674696103706,6.030286866518384,49.611122801347264,1744.1696412290207,0,1,0.560831752776656
78.60834278039884,1.9020458374390845,42.04606289303273,2014.0160360794916,0,0,0.018122261247112356
87.86678136612468,8.182446960995305,37.87037700341217,1790.1292164264735,1,1,0.6705735362222556
86.5660446376107,4.575272172680187,32.859664119472775,1537.342131743833,0,0,0.37369526425084004
94.70842615816576,1.9624401294857403,35.45966514620017,2265.6582116917866,0,0,0.2970385113682255
77.21500518493002,5.237140847865179,42.2651982828603,2138.980870744256,0,0,0.0647921669800397
93.69738132865554,5.050165201959726,45.365590133996875,2085.103534909656,0,0,0.30030589135415325
106.19447698629482,4.87715843064126,41.30433087360988,2128.0370579775936,0,1,0.7924487425955169
79.09460796325752,6.48678666939,43.99943644852992,1794.358144193474,0,0,0.11170793167793382
91.51764934088317,6.121167457140584,43.53839122013621,1698.291473804542,0,0,0.38888876688896395
84.70414257762712,5.446814286535767,42.53267195692959,2011.2942116508082,0,0,0.17255290622646952
93.40709764954428,5.675233450919971,36.70763202369372,2348.363420723484,0,1,0.6260186758793096
90.15318221932601,4.843462325842871,40.86961755987576,2482.423140636064,0,0,0.30129277017105005
84.86810472764552,7.663236273860072,35.75811098058931,2238.62981204223,0,1,0.5864989678311222
93.90297827896859,2.78120597246335,40.08714476479051,2008.7523280304288,0,0,0.23151309518123428
104.43478487829394,5.209477511323845,41.65431765533456,2080.935178819981,0,1,0.7683902410851052
88.4727696661816,5.09753694678317,48.39391903693428,2003.4781577976114,0,0,0.1252368112771479
95.75806353718545,6.2199206090968895,33.45134012816184,1692.2169980901715,0,1,0.812004816684079
79.65381633703069,3.734219183862651,42.40753815495653,2007.394213463163,0,0,0.045308724279752445
82.34850898545594,2.384491096405196,47.406182958117974,1599.5519547234521,0,0,0.018834456933836907
93.77925022304302,5.23523452414729,43.79423882919398,1962.776832169088,0,0,0.3639072846612484
101.87292822828772,5.421845738327907,44.16472721412521,2490.831533178896,0,1,0.65668325163067
92.84490679028528,7.234399114171474,42.93847450933906,2246.8577668350054,0,1,0.5889437410725892
87.49553575581477,3.094456930512371,46.49167244887708,1723.064244729041,0,0,0.058320803974681916
89.99433124338684,6.73204065007508,34.56260915943816,1978.271279107315,0,1,0.6838094352950731
79.99673812824226,8.551121546040683,33.070366670148765,1749.6871064735788,1,1,0.5949458856352848
94.83612261084293,4.433352668716284,39.96832929767372,1981.245869546837,0,0,0.4268666309211019
97.05866449858728,3.0635866707601638,29.19418948214145,2312.332344957369,0,1,0.6837379476339354
86.38327733733536,4.389538450439943,46.15322902089006,2195.902381492971,0,0,0.0939949404477742
86.23966281792399,5.021007451057071,46.103575977477206,2745.243224223601,0,0,0.12437710797380008
92.1270258372164,5.845681812510372,37.83324722457737,2357.7432207522716,0,1,0.567780394068124
86.50624211167523,4.112907905242929,38.146147016697455,2061.2001143233074,0,0,0.20234598164923098
89.47093908299343,7.332797801221012,39.63826262424664,2203.144992239988,0,1,0.5860553600760393
106.79777431333213,3.3282015274879075,40.2601032521981,1939.2670477449992,0,1,0.6963059252512399
88.02379439403202,2.3911922717408,40.63586959597143,1661.7487258740512,0,0,0.09154949273627948
87.13327878383022,6.660065636430976,42.791160534391516,2391.732973486256,0,0,0.3372063748898487
84.81966555491873,1.5880684531907008,39.13686823495761,2302.6974430794944,0,0,0.05313183028408597
95.9535357719995,4.693805346690926,44.71596651738897,1927.6837356218107,0,0,0.3491449127099001
88.55020661425517,9.67652169381207,42.22973888562652,2082.1807210794013,0,1,0.7236903205007608
84.80501569342859,4.981934670560102,36.96518277063682,2372.281756215442,0,0,0.2613828600363359
100.5704322581841,3.3188485239556256,46.675563339020485,2253.905427861806,0,0,0.30225098394852706
101.3568240361091,4.913903804319809,33.208715069387566,1561.0696246250905,1,1,0.8410920091757206
85.19661147409036,4.9237988170707,39.539170945892614,2073.086006446947,0,0,0.20477227046107346
75.06768038911507,5.240974910529674,44.83458700537734,1949.7105423534908,0,0,0.03535958897307713
98.06010951869538,5.993394473239429,36.38463447543928,2333.900209741604,0,1,0.7945683541250511
84.52296139391997,3.4413332474483913,41.54777823383576,2309.3128216347986,0,0,0.0852931667792451
96.32500479330216,7.531322082855191,42.71669798499524,2395.5823484534135,1,1,0.7352455160050665
74.23916945830531,5.3676714265589265,35.697380660093806,1664.6316983839376,0,0,0.0974047209926606
97.14077870639447,6.090191069602706,39.637611402029826,1764.7665397831283,0,1,0.6939467879388608
80.31062456575376,4.057775900366536,39.21748084895395,2334.2247308406318,0,0,0.08462388595960396
95.8461129525322,6.9295732054933,37.241310740838536,1822.5062553972664,0,1,0.79109339579844
90.11418454269148,4.614421386780403,51.50837426025387,1543.570105725708,0,0,0.08612390672215103
82.36848464482684,5.416328770240297,36.18446823277262,2159.7789462842197,0,0,0.25068349719359984
86.74370949658575,3.600340884219336,45.024651470339414,1835.8344679202082,0,0,0.07867572004754662
95.4905476556536,3.5046025603968096,38.03599491559429,2536.93723109252,0,0,0.4135936529723495
90.84715562492187,6.032307959679324,34.56681905557359,2088.855366196539,0,1,0.6399351301737586
94.67530384377987,4.334589754688921,40.514071215775346,2048.0777859924997,0,0,0.39478614669858425
105.81152467612388,3.7192653687434345,43.245466921937506,1889.226832515273,1,1,0.6202913838717117
77.4860671063116,4.035224986959454,44.6025478753284,2477.250600178091,0,0,0.030512205623812145
102.937700599749,6.048429607576132,47.811325553275346,2107.5663379669463,1,1,0.645411458763228
90.8348475001857,4.056443208194583,54.726231449675495,1877.450144553138,0,0,0.05200335797643515
82.80972761341498,4.823517602596754,41.252571018777985,1761.7748880183658,0,0,0.12188479886652694
79.35749099408808,5.022541625430645,36.68453913087306,1977.9580836307346,0,0,0.1451406558528234
88.48703687378374,2.1239766709845513,42.264371633974456,1706.7059488535583,0,0,0.07200485963660812
97.37320089539567,2.793310391939723,38.66893524796754,2308.663232503683,0,0,0.375423646307301
88.97960703697973,5.5044168338713435,44.62983064926115,1457.4973837927298,0,0,0.22345326252830366
102.08923944197878,3.8944559582709544,33.51417851817139,1958.1457915000788,0,1,0.7836543120778481
78.39059447958753,6.585087366920628,51.841672712002186,2183.0400635263804,0,0,0.04339543408781039
89.90328841723156,6.450210656375816,44.28024047387756,2102.635826032897,0,0,0.35597465912254145
79.98085244469505,6.0787529995331555,31.579979911019176,1784.8151080952994,1,0,0.3621195968449089
92.90905506099975,7.729657680968897,36.45485548842514,2198.077612011965,0,1,0.8044225799007849
97.0950991207784,4.8753660083852255,44.080405220569695,1734.1881834842277,0,0,0.42262700628228433
86.63390565055157,5.973322888855758,45.88172028085727,1993.284603050957,0,0,0.18540980700213122
69.16628914698293,4.123398535105953,33.63881186384018,2195.5524715941065,0,0,0.03866987395069789
91.59158517437196,8.678554869303085,43.565129252164745,2138.873833847934,0,1,0.6820522689034139
93.49390841386807,7.975450478654029,30.26330063669038,1797.4882965741597,0,1,0.9141952103878014
93.23435803969357,5.017820651776688,39.55332067264477,2359.248354969309,0,0,0.4572514773986547
99.88625753457723,5.579879344857789,45.56023421051603,2026.0083714456603,1,1,0.558608577326059
81.43157056280761,7.038946399047209,37.2424213494851,2222.8986232817456,0,0,0.35253574209008226
95.4417288436036,4.77929074277884,32.465388504309935,2458.7303020019745,0,1,0.7173386071561061
99.5400600998238,4.015063893800443,40.731073981887796,2335.256164632382,0,1,0.5244734028584888
75.77129932794787,6.310984626510324,36.97640566682261,2336.038821899313,0,0,0.1552494364342785
92.55721460735182,5.117658869125505,43.147791830329176,2057.8039789548416,0,0,0.3328370683791553
85.96656135193862,5.274491674467891,35.5733678389097,2238.180536273153,0,0,0.3602392792747017
89.34781861518684,3.7485929853980515,36.1368155517345,2064.0789723692947,0,0,0.2916201244286829
92.78141186830669,2.4234917774549056,29.894988395618782,1637.202659666476,1,0,0.4362145343194747
86.10217148709158,5.354213614818652,40.84972355525741,2090.8231377515126,0,0,0.23212303079926275
84.5943353667071,6.3574430622413,39.195475308617006,2076.9082951215396,0,0,0.323763842701494
90.2732193399042,4.661289876385937,34.05807664629965,2175.1188084565456,0,0,0.483291801732793
81.30203248909758,7.1546442793383,40.96899356883546,1961.6009074359815,0,0,0.25693192031917317
81.31339896891852,3.9441255118766834,45.1353515032207,1771.5633329708448,0,0,0.04393546278997155
95.43498626365202,3.4179433175511202,38.92216028290525,2196.951824952568,0,0,0.37007679554138695
80.80964771873076,4.899154539205803,41.34083474910987,1606.0183138243256,0,0,0.09610086135924349
95.3305000072737,4.876111136973064,41.36655624792582,2437.6457407569405,0,0,0.45817654638701294
93.7007303428316,6.154953097002834,33.978350864105195,1930.5745816385022,0,1,0.7492582281509818
76.19354616967523,3.8375557639040228,50.28292910353798,2073.6584516168505,0,0,0.011243009189513535
84.57948278131477,7.052141355222347,37.64575084938858,2167.5674459844718,1,0,0.4461600157093581
99.55287522437898,7.950375443762381,43.28058100930135,2177.2064134532575,1,1,0.8292112607065635
82.15067575088254,4.941283959547487,43.84607638614525,1577.3047100144795,0,0,0.08680301222505044
86.28476590152489,6.874565630276478,39.30202436442124,2247.2259741632793,0,0,0.43444662283518315
93.69648714601517,3.41525439406211,43.03397512529817,2090.946148512882,0,0,0.21350613680723451
96.26712407426076,6.612832311772873,41.229096109081944,1809.4215846324173,0,1,0.67674257175058
87.98768891164403,6.570914612839194,32.91180121386297,1775.0999147162258,0,1,0.6483074131650186
85.21991844246686,6.295155920284818,38.33863649374956,1899.7840753829464,0,0,0.3586601920220576
101.37895889358806,4.976655366694559,36.93724548822969,1610.3774940168523,1,1,0.77378176820392
103.91119731038063,0.5686265881369534,37.691274793269365,2516.680217296108,1,0,0.3818178919471629
97.83086440625436,4.0374092845218055,33.47998411081681,2445.8453975430034,0,1,0.6887673505065348
90.68254514052019,4.0611259734730965,45.63216858373015,2135.510060292782,0,0,0.14757065948393205
83.53387422687258,3.532617592909284,48.009963273067065,1932.9804750973726,0,0,0.035159408328474126
83.35644474754747,5.183364506820599,44.890014879992044,1940.8676036187815,0,0,0.10149590760690119
94.18011284212606,4.371554831718148,46.35264612073571,2227.4197118521906,0,0,0.23033871383791976
93.34718576710947,3.763081985352467,38.27682581495922,2527.348069850585,0,0,0.3633160661495065
101.21278874357144,3.4117997776282705,36.818715825069816,1828.880978120977,0,1,0.6259962439826277
95.20360074028912,3.926730521772157,36.107064765941445,1664.7241872130028,0,0,0.497675105634004
77.97535758592146,6.682248817774893,43.220324614786115,2464.2922320785815,0,0,0.11960108346680001
98.41558094178335,4.008462418058759,41.13531526572075,1463.8584237246646,0,0,0.4570532911880723
82.0155149814847,4.2275919403500914,39.61389144200787,1697.4407575242062,0,0,0.10364418371940977
86.92822982438119,4.314953577465131,46.47574272097671,1925.942632246744,0,0,0.09254675383620321
92.00160165001355,5.5084902707141294,42.024706769076715,1531.8699596584906,0,0,0.3807774569692442
105.96533991827171,5.684374232792799,35.806711812397076,2333.6447188419793,0,1,0.9160137437715393
114.87934844804289,0.4330151911352571,36.59545585432153,2257.07158115153,0,1,0.7523859430599483
94.85378447308946,6.532452820741412,43.40996649627073,1827.562031835405,0,1,0.5570637637425588
88.5344270502369,7.154552051365631,45.208664263272986,2383.8842357533244,0,0,0.36392535588493125
94.2760451878444,3.424720193957496,42.75840116127985,2434.787728521148,0,0,0.2385855565695395
97.10124340699069,3.541552632897748,49.48444373936041,1966.0488055129808,0,0,0.16879115148581947
87.43465899554246,4.324619918332592,48.175035828657094,1864.7995467295978,0,0,0.08115045911488455
104.36169084729858,3.8659939708150928,42.205179174253814,2677.8806083227437,1,1,0.631887811475022
91.84056607353122,5.335890310919909,35.80709670259249,2216.3485466252464,0,1,0.5608755264181893
93.98194471273115,2.0802120704617035,33.45006244134116,2076.897395890656,0,0,0.33913479339652425
95.32739401643569,3.3231085879448905,38.06309127492643,2409.0637839918836,0,0,0.3851762353247384
93.37269288491565,7.308795800262361,43.766067232080786,2090.5791905009064,0,1,0.5872135300940957
96.71152400375689,3.6076700489779734,49.13323539655969,1848.3138242242435,0,0,0.17054859536554748
85.06197450762461,6.865142417154387,42.087235172054,2024.047928146266,0,0,0.30859502761365276
85.53358596843175,5.5330072933852055,45.84361397115618,2311.5962861959206,0,0,0.14055007577077525
81.19876613622644,2.286098428117613,38.77346256906099,1402.3443300952358,0,0,0.04394483257083812
93.51600984496181,5.9529937928243095,43.11384562613775,1913.5907781682338,0,0,0.4547037791093858
96.23149202809691,4.82349904671072,44.116784147385864,2414.9172195744814,0,0,0.39759245433013274
93.66218292921509,4.31679941562539,30.102028620737357,1846.4394796719448,0,1,0.6741699220000238
103.3959394667803,5.367435639758006,37.93280598811745,2463.8325681294227,0,1,0.8352783212708671
89.95523184936762,5.711950228350188,44.74850192138935,2424.423145807944,0,0,0.2761877762501354
95.3499332447401,6.061387732961929,41.37234167818283,1980.3412653533146,0,1,0.5865595488466494
81.26639299088549,6.767379271322003,34.01742475924534,1829.4382085332998,0,0,0.4074613008323384
86.90320238020479,5.612203869167534,27.84938812136322,1913.7923377551097,0,1,0.6610870401563694
95.56430206052622,2.9365488668204573,38.171096273489965,2799.3843476004304,0,0,0.35433560434622496
96.79281688594516,4.289531813523213,39.642071535530604,2562.3273340799733,0,0,0.4983078112233277
87.64826441868654,9.414572502902931,35.58038525085827,2037.6172915420216,0,1,0.8255693174568447
89.42720598513546,6.086736590572592,40.71542468513997,1817.5539345138773,0,0,0.40251815160243704
77.85701002655352,8.553930951217247,42.531933736164476,2035.112310674379,1,0,0.2512506248904115
87.14376639354712,7.093151123298778,43.35343585363116,2073.1480779850294,0,0,0.3618546897029863
97.12306530815829,5.362703107333623,28.220405375338387,1626.9923787171938,0,1,0.8717695390434468
94.60164012885252,5.4521106046716765,33.4285745109594,2024.012380764578,1,1,0.7256507118101448
94.00532577104968,4.9451299401847315,38.47688675822632,2396.721297443519,0,1,0.510427525909308
90.39818949744767,2.393293076230251,42.86086565518732,1460.192995635058,0,0,0.0947567906946714
90.05650526902541,5.027070878702337,42.44617006775018,2247.9751895411746,0,0,0.2718248225071357
84.71743088421242,6.816011828813296,42.359349739383376,2412.439391016434,0,0,0.29196924844055805
95.59062736162028,4.100540007768195,38.08291029015534,1831.8327964716896,0,0,0.47155909533797713
93.36778355511512,5.617929498592714,38.3618328134502,2508.2527274573167,0,1,0.5706871232984727
93.9361507839424,6.2773865688397965,36.3583536578913,1792.8988812654964,0,1,0.7054766972445843
85.79172125865935,3.635479341031287,43.84097064052924,2132.324798558121,0,0,0.08258783289617976
72.77325664103004,4.323045703484503,35.39755606130211,1907.968194600911,0,0,0.0542394470577571
98.77722169402956,3.4731327642842613,44.25018197594785,1907.901092851219,0,0,0.32460557640607884
86.16930035193276,3.7667515899658897,41.03926619068823,1814.8102790725864,0,0,0.12334458076207125
83.09779388765503,3.0685920745204083,39.77477760772423,2209.572644258606,0,0,0.07405676295433661
95.54783129531195,3.6493273079329596,36.71644800111767,2254.6416373194347,0,0,0.468440980447126
86.86389888064696,7.129183521196759,33.22229069417937,1980.6733401268434,0,1,0.6651222335972273
98.47949107237298,3.626784456364561,36.761736218109775,1592.0095358983178,0,1,0.5555257598291462
94.93604759661358,5.189688828591035,38.34996565687557,2120.9510499903167,0,1,0.5700698700502876
95.46855458560383,4.245696869493566,28.154878442093743,2126.6043078232083,0,1,0.7707175677568486
79.07235431039572,6.768298905555408,39.01322422332668,1934.9854965840718,1,0,0.21312055190004062
99.6955518830912,6.966743444905425,44.62178684013003,2560.1693861542426,1,1,0.7315924581142039
92.09000424987084,6.29610497320842,42.836089527169364,1530.8212205298037,0,0,0.44678431071990254
87.04578288603038,5.459201829654133,37.51897062129246,1334.8148869239296,0,0,0.3440546716852405
91.14710773873801,4.653410694738652,40.23468149207614,1780.7495300906987,0,0,0.3193959753979167
75.79011813681345,3.212187943713125,37.219177152890005,2213.127360227435,0,0,0.040758559635176626
93.26922249184537,7.915293321683295,40.74380366667848,1683.2466087698476,1,1,0.7256375268289456
81.76502793454343,3.8604904733711702,47.70053911872016,1705.7087244421773,0,0,0.032781123235111655
79.17863771325173,5.995469520549262,44.84249401312438,2285.3064008534466,0,0,0.0861369453221026
77.82112651025687,6.589348358935096,42.60397152846377,2138.764376839325,0,0,0.11873075694652231
98.9015069999194,4.167079254642006,37.53557543808141,2113.11827288852,0,1,0.6149565232046225
84.96589285045769,6.5570187909739435,43.74969196472419,2234.4286758396584,0,0,0.23895900644820472
102.269821679332,6.146319805008283,31.565615243134737,1872.4421140181348,1,1,0.9302802240317382
85.71358829558162,7.591945753072648,38.73823259004555,1886.3047777825427,0,1,0.5085071944165444
76.34113633925642,4.2959803003599335,42.91855709911975,2242.9337817684277,0,0,0.035527289901195705
81.06780448041073,3.0712039740804276,43.702106070238756,1596.5339657656402,0,0,0.033989264094476085
99.8864929600555,4.241765366833233,43.3494224510787,1357.184046080436,0,0,0.4634836613829563
88.75281457650667,5.3132803138014975,41.474153446048476,1870.0147479116438,0,0,0.28124638985581746
85.61370162807519,5.0873190906275845,39.021375104580585,2279.2619867197072,0,0,0.24165962910404107
91.2801458068223,4.409843155588174,42.689879849132446,2076.667909696041,0,0,0.24213273471306243
94.01426188934036,2.1362038115341355,35.2356947970685,2257.1874512369045,0,0,0.29928625172586737
98.9391905272197,5.70572449419366,35.77661368353375,1395.1117068730505,0,1,0.7952494016514667
101.58799383914341,7.9585167186233,40.308673382301485,2094.6490424970475,0,1,0.903707867936175
87.12185083368732,5.6963768571845055,40.86598821354374,2196.1593513927132,0,0,0.29090671031491955
79.3916185113437,5.91370327858027,30.871924107176767,1594.7607732167946,1,0,0.3434739433874516
86.69227871101378,5.858667959232653,42.275731904747595,2258.6172771639635,0,0,0.25912563569319846
92.08224405266309,5.5955700048236,43.86364188959697,1966.5443310482622,0,0,0.345623792606592
82.28992859031511,6.397498950302142,39.61357381266853,2921.4010104818008,0,0,0.261818536364823
82.34279268083965,5.593060521778499,51.87233141641996,1346.8291793309793,0,0,0.04489664537244858
92.75030305239909,4.530984245520086,36.58532446842407,2410.734310302425,0,0,0.4789200654919911
89.61078118743639,3.806016634986869,38.19456418306565,1881.7525710421778,0,0,0.2503028696047904
90.2623759632927,4.626539517078987,38.02466546936395,1514.8544856679869,0,0,0.3473095900671826
83.93203732239944,5.471194244675999,39.619061943544914,1841.9134569305024,0,0,0.21298065981430822
88.15679428635386,4.52587555831554,38.35637593516854,2083.2437724012398,0,0,0.2737691530164449
82.60613484585356,5.471508024697146,32.96594727697564,2311.240000869513,0,0,0.350070848345014
97.1215872889983,5.658725200550626,37.26725851881762,2516.589286439653,0,1,0.7246670489455611
98.28199467779002,6.2497691469052725,39.51189652112962,2426.567926611303,0,1,0.7525575540930473
75.23049710209526,6.92419245325847,46.142860410309986,1710.3853937886518,0,0,0.06360271385633044
82.56391311846072,5.117011127718286,51.011216366864566,2339.049407679835,0,0,0.044356301575298164
78.02776595927936,3.038335152278509,46.67736948925327,2117.385487136262,0,0,0.01584214467467008
84.79980852474482,4.482343854771215,36.12310485163697,1803.6190937213037,0,0,0.23121596902069977
89.33249624167712,5.066093851109899,36.520951946869175,1936.4268219567557,0,0,0.41588081000464155
78.40283824241176,2.246346865734365,39.20335711245325,1787.0472021665828,0,0,0.02880777412999443
82.6251214949975,7.082996780153723,48.92279444426793,2011.1277025809368,0,0,0.12861380385294832
81.96834102334802,5.2135668687656995,39.17287973909053,1781.102635311764,0,0,0.16136181830241222
91.65813863519155,5.572029251870427,33.362462547312845,1691.6017780347684,0,1,0.6461402006397786
90.55475469629,7.048289693789399,37.494114315234825,2143.7357383348317,0,1,0.6537539978062518
84.22609957330198,4.054785754786479,43.785280009097086,2188.619164477891,0,0,0.08146148205904534
91.41456697711519,5.861062896326045,43.449701384480434,1943.7208999725165,0,0,0.36388717448849295
85.62655932330188,4.835203815347096,38.99891666754172,2410.2953911807917,0,0,0.2233361912771336
87.82675911739157,4.723869699476121,43.41707336780016,1921.8708240514661,0,0,0.1705257577668846
103.3876167223883,3.841711418293431,28.634138987265843,1909.1676364623386,0,1,0.8868340595758336
100.72368841432278,7.498404820529791,40.51914617516349,2198.1466947037093,1,1,0.8683537859726792
79.60335010457922,4.436749939886644,44.30342710684315,1960.2723245169989,0,0,0.04859966815601126
96.6378593430334,6.049196370343553,35.83568362422732,2025.439318707843,0,1,0.7734930168886658
96.49117243593274,2.1874889187920954,35.81830731751856,1243.8684588142805,0,0,0.34921664003919883
80.81389368997905,6.7699827945346795,30.667759236182626,2005.0122154213925,0,0,0.499802406321211
96.55022115003888,6.578316733935588,47.94947797405347,1451.8412187586218,0,0,0.4719971171898532
102.30345534730043,5.146151165445954,36.39923011489217,1633.7148287003388,0,1,0.8186030643467629
81.0196415500447,4.659586300793113,41.20521638931056,1599.4032383733486,0,0,0.09065800322822795
82.65997743188589,5.600000008420349,43.019585207416874,1687.2250539398522,0,0,0.13395012379222057
98.14129173474802,8.433185991320434,47.56033974570727,1835.3438421103242,0,1,0.7389204580367981
92.17196248660518,2.3551449516447724,39.230511130071825,1854.0522153363545,0,0,0.1764908629204021
94.41181020191618,6.173041081361191,37.302851031107906,2199.2825612771376,0,1,0.6899282051155631
92.72471373120398,3.632574046769146,40.865338242852765,2066.716344240409,0,0,0.25599927086940655
93.12556736742515,4.970122405550403,46.42040138271143,1429.6776713546042,0,0,0.24225508885997682
79.38822297351133,4.628179821382005,39.149137342996084,2024.9883912640423,0,0,0.09453679886480112
98.37854165297159,4.357522613303367,35.22565459207962,2095.4765739750283,0,1,0.6843805991964667
99.35671993942219,4.984302306420906,32.29621095842319,1901.4300451241127,0,1,0.8259803391390074
88.16487404745578,3.298743282083314,33.893513076973875,1981.7342069279891,0,0,0.2725048299010949
89.6521844014891,6.543770654191951,44.32195748703332,2057.093037619117,0,0,0.35589246005097963
77.75113997955422,2.308784733202099,38.39687761846594,2229.379879290674,0,0,0.0308157570781971
94.11403804814267,5.809646769242513,36.96239545039645,1527.5360037611797,0,1,0.6430268303306483
94.57645953371315,4.510196221198143,36.42016388408029,1926.7048884081053,0,1,0.5373950724814845
89.50247186400551,3.2436126592888197,40.42522930100091,2452.5008294173185,0,0,0.16586026212167906
98.99482687896402,5.303575055898043,38.80272453117208,2424.998392489387,0,1,0.7038340436049552
87.32738215216048,2.664573369940283,38.63433928140374,2255.281078332734,0,0,0.1220653477427741
94.5168474071488,5.059570732579452,46.7466196390537,2161.0474051867027,0,0,0.28976090462111853
81.84268529046308,2.8656846382826684,47.69008140930816,2496.3904245206268,0,0,0.022365346813373068
89.8115827930061,5.691908126476747,31.949891635455018,2575.3544004819996,0,1,0.654142649441692
88.60516593677731,3.613463999554437,41.637963655714785,1961.2760035859442,0,0,0.14717828378100126
91.80246337632754,4.323508974456036,36.11568950689304,1709.170267013504,0,0,0.42546571887560986
87.04378456933313,5.440924081914743,38.758744430694534,1918.9123047126513,0,0,0.31613717726655416
88.94821923462666,3.8411868322366463,41.54639192563347,2929.008654131616,0,0,0.17839896079065395
96.60837737153204,4.913054000497546,38.9364004153454,1529.1930971824418,0,1,0.5682108727621961
86.50588610209427,2.7292542481327198,41.152299403138166,1858.8382581411747,0,0,0.08290447590281894
77.14738319409057,5.946313405394234,43.364851030159585,1576.1926542522106,0,0,0.07383057302161429
103.99667123364337,7.647370708326157,41.4728840027016,2037.4291588632157,1,1,0.9073335909165929
101.0516326295239,9.188313301864941,36.76581847916188,1639.1926913315397,0,1,0.9588536041720976
79.66189843915505,5.136752219999659,36.854001965148385,1967.3746931499147,0,0,0.15444275033376637
95.51766244196156,6.18230621119578,32.80147351690982,1414.9714519943723,1,1,0.8139242659205291
85.97620183558925,2.3290614906387663,35.730398512396405,2185.286199525395,0,0,0.12413598265057689
92.10789772264847,7.254101489458382,49.81034180949264,2366.7035769403924,0,0,0.3552278876067372
92.35379303210794,6.164342757086159,36.03998212952378,1884.8169133809622,0,1,0.6562266429902697
88.12473759746942,4.2740998325731505,34.0331059377809,1959.4609978772894,0,0,0.36418756931732976
83.72987467530882,6.855771200433514,41.59963930922387,1950.9778307806064,0,0,0.2807822728774777
84.47567158146992,4.6182858850319874,39.4481762035407,2054.2732025675077,0,0,0.16964583947959969
82.67046467615006,4.312962225478165,39.02203381575387,1988.5491239100716,0,0,0.12654119690535046
83.34542233415644,5.713002388141237,47.04522983206045,2230.4350857292084,0,0,0.10051978740673267
89.46257367960516,3.404968250254522,42.745633377791826,2369.911740035284,0,0,0.1363751357771667
84.27392008711399,6.532437146599922,37.350035341482624,1755.7786332523451,0,0,0.38018888387758504
95.45641652570096,3.416015282109735,37.8776204120411,1907.201452167711,0,0,0.39721714219764964
101.89796924268742,3.4249178152652204,37.487067430471576,2270.4858346774236,1,1,0.6369420019840962
85.35957406903965,3.6354653173874985,44.37369810790128,1573.4992855822902,0,0,0.0708830128250943
91.91523600428302,6.139250056274183,38.459261852734315,1408.783615446329,0,1,0.5585677347480514
93.99748088242347,4.074836957720438,31.03423248772925,2067.8947858695437,0,1,0.6363190988867622
93.7760181673542,2.9780063234492467,39.75840160632828,2148.903923321148,0,0,0.25429984574453146
90.6076421433287,4.091480000096303,32.31486999436036,1783.3099436139223,0,0,0.47791273231413633
95.94145934687778,4.95193644397927,50.92115300877451,1826.4046837638634,0,0,0.2145459696189118
93.85799162144525,3.2285412745034217,35.17166043076384,1771.9423034777303,0,0,0.40282461804712955
80.09870062138162,3.2724783364484846,39.190676173211344,1739.9224281966697,0,0,0.056824302460163824
96.95324851511418,8.166944501149377,41.29101367350569,2208.04874618138,0,1,0.8277910350505209
97.09832669813393,3.7091518942791697,38.55670919660385,1645.8504539007083,0,0,0.4611249907634227
83.89371116657135,4.51543644684049,38.54984799266904,1920.3431415699954,0,0,0.16627362619538988
90.30350268358082,4.449144498801071,42.109136430804384,1728.3991497455443,0,0,0.2297922557322129
95.46663194248856,4.367964788344337,47.63107979398139,1563.4133072296354,0,0,0.22538213215086025
88.32548944336511,5.932020109953653,43.83754540908649,2261.053452424031,0,0,0.27175527064152816
98.5838243821281,6.422214425708074,47.39256939286771,1844.0524333479384,1,1,0.54917284812866
108.91097995695489,4.541068352702612,34.76690445953249,2056.532024126227,0,1,0.9158723414052043
83.71211173892014,3.1452825701114766,41.586813166276805,1547.577236059697,0,0,0.06424782591014909
78.9516431747698,6.911660341773355,40.7762302602914,1777.4181638730572,0,0,0.18380369356549695
92.430548764839,4.856988363204976,41.75545645838368,2226.8263642085017,0,0,0.3439753731823122
95.77250004100915,7.5954827222857535,46.88115985317786,2776.181436753593,0,1,0.6159030565108178
88.15306900924185,1.6316211536522558,38.89605425103973,1407.1351806829066,0,0,0.08137890714333425
101.62608530656827,5.29310483192498,37.97248316722956,1939.667661413172,0,1,0.7860598540355751
79.29115360221401,7.877909500814312,42.66990398709332,2123.68417944305,0,0,0.22893047101135858
95.54334898425289,4.470103796842762,31.10898636217076,1815.169954028215,0,1,0.7173561735593502
85.15311343392885,4.661759864998046,38.81573975438911,2254.8565960982373,0,0,0.20104473452450616
103.75502324965838,5.443267537385508,39.329011553572734,1739.980198801906,0,1,0.8150629629728989
105.94012282534494,4.161806271672564,35.39820691846538,2046.1542980649924,0,1,0.8476797642302486
83.86674729773321,4.531892101920901,45.285295056782886,1843.378428650492,0,0,0.07826570443444063
85.60354291273136,4.493277358712896,34.68879841328358,2365.829324886432,0,0,0.2963815521939047
96.87670309583842,4.058868898360441,39.32063475818102,1797.0906490893183,0,0,0.47198906584189787
86.90295480168388,6.84328482530084,41.465786126614844,1894.4378611140453,0,0,0.3800642682530149
89.63671025654209,5.691617048444653,46.767257807380595,2283.706711249147,0,0,0.21714692605772687
90.20310736433927,5.375942348154953,39.947217825595736,1691.588402272141,0,0,0.37162478540948707
74.64261475041874,6.212856510335175,44.68076797064105,2020.6250170290716,0,0,0.05247511871886264
89.8892980312461,4.6034662501948,43.50297698638564,1453.2396968940195,0,0,0.19920762579089357
84.48217780748661,3.838694272470649,40.617287780845714,1673.6199624112776,0,0,0.10715787414025403
86.05501742080182,4.096063543078164,34.55243295863272,2114.639382767241,0,0,0.2720725983371965
101.54905602775051,5.002674561656914,32.827095695478256,1702.7907471391304,0,1,0.8571749637913167
79.94794484576595,3.411182437440647,40.53252700709593,1836.6281204528625,0,0,0.05070061724363554
96.50564149398382,4.249608475119986,37.28651563048693,2147.9259206143815,0,1,0.5510475433693682
87.76829655734554,4.225825037192848,44.59630545840646,1826.2441576559208,0,0,0.1218202593197004
87.76191865203333,8.18683434474352,43.729282590492886,2246.8526219649075,0,0,0.49682786809665525
96.32297516841369,0.8392775900991252,39.07694502781475,2064.698836245819,0,0,0.16457942779767812
92.72041035655113,4.73057041789155,34.21143538029365,2130.704933577351,0,1,0.5707821431510665
94.56490397775625,7.588540689222156,42.553677748036364,2372.2896796215596,0,1,0.6943617882431014
97.74547728426289,5.182766696198681,34.910252769324245,2095.9469187842196,0,1,0.7513228306226832
87.34953293453341,6.130126210131639,36.207680385345675,2461.654187140803,0,0,0.48706291533180834
85.102106123938,5.149739472649652,35.10292130892423,2273.378684911347,0,0,0.33384495387211754
81.31879578753761,3.9989999281752793,39.307494890300234,1842.964271049663,0,0,0.0901651982612432
83.39671576016836,1.6371260982366307,45.85096167035281,2387.9444225063817,0,0,0.01982244902861187
113.5927554024698,5.308183530554454,39.974795648882356,2079.1598062708836,1,1,0.9392566329505218
99.95743664589429,3.8365900930964134,37.78390653786152,1881.596087401849,0,1,0.6026695200468197
79.19140507033583,3.799496890752044,32.371925349773775,2083.5157085962646,0,0,0.14098129173373286
79.42033634605144,4.251519116031332,42.760622923649215,2333.698047317079,0,0,0.05391733658159399
93.85492849374793,7.61729210993524,36.09797697035686,2136.5135282726665,0,1,0.8228448795408115
94.37811837902373,8.60725631338096,40.58758809579048,2546.7178497654195,0,1,0.8212046355332353
94.39107068253891,5.325811906292602,38.2289069204168,2325.9591673696464,0,1,0.5738916428602053
87.96035365157041,4.302849164132408,44.190886097997186,2156.948010020649,0,0,0.13712661797613
88.9963659199768,3.2341603738231846,39.21381803985724,1692.1795751776526,0,0,0.1696276341466344
92.62303619327486,5.702810242319104,39.70536822738474,1946.0802457969637,0,1,0.5029215791032327
90.68714405034665,7.6743584000977165,42.4287357372773,2021.4992419252553,0,1,0.5768429274973228
72.24559701801972,4.628989419462265,50.53470091131593,2208.989450365324,0,0,0.009129641960139398
88.16160295539845,1.4315059388701634,44.44223465179277,2191.1999123816577,0,0,0.04054347448038369
83.18874852591749,6.005074507723286,39.55696946825695,2050.862123065486,0,0,0.2417563028307077
91.4016913512681,6.478099567175074,40.01598995307644,2036.1049746131514,0,1,0.5411210160837258
113.88207202082728,2.621231539421229,37.37570269837783,2216.1370685228208,1,1,0.8674728660460264
92.93985332379444,5.2647262754944295,35.25002148240152,1742.4241323110043,0,1,0.5997257841359406
87.49176251062082,5.676839024204148,37.23624606466839,2508.654745774957,0,0,0.40907664358800583
97.37441201581802,4.890339046986592,36.13925518144029,1385.8499344509587,0,1,0.6716473371386578
93.8615030976737,3.8138436213719693,43.266841918979424,2436.622844651609,0,0,0.24911347552699348
93.36075592361473,6.523905835345334,34.64402571065507,1986.4443414724515,0,1,0.7570615614751124
94.85480474572537,4.394930381046976,46.66605280690022,2300.773944281478,0,0,0.24306198935849535
106.45234851863633,2.772220755950102,43.76023191809415,2109.1521302877836,1,1,0.5233922806435822
80.95289251739267,1.9257882714954784,40.102508646838345,2103.8103232732406,0,0,0.03225390428356241
93.78905661449164,6.891274279998965,40.001593057325344,2166.276342807956,0,1,0.6681562356183598
82.5889509601477,5.924995964706677,37.21359345192723,2242.7162867263337,0,0,0.2780053217728045
94.44410117073798,5.131960320693754,41.35042205673882,1901.350752023828,0,0,0.44822515505713767
82.65050790811125,4.3395880447237944,45.44046231604295,2310.439739157871,0,0,0.06220304533064489
86.66106549115932,4.206502378695309,36.48421768872093,1674.658812926365,0,0,0.24553485536890646
87.63928068609675,3.386395027337583,32.333039555406344,1998.4008280021626,0,0,0.30651616509581603
97.80653375475767,4.352816533160173,43.51609127428372,2250.790977281683,0,0,0.4140891026319897
97.34763555153931,1.8198691773197382,41.621829871219,2298.5052738847667,0,0,0.20822725779213422
80.03426098842893,3.8959045197972286,34.3990059927941,2138.2366544784204,0,0,0.13036911801414802
90.43947288799879,4.533593725473359,36.33304314542941,1881.9822686132793,0,0,0.3988826820853226
84.32336116200662,5.914820070785629,35.704478629749296,2269.012333510611,0,0,0.3720022990575883
79.93196071459732,4.940110304939954,36.377338654828755,1799.190128264374,0,0,0.15394320265909095
88.26386359660503,6.192384670813339,38.38158622979406,2525.4227221246733,0,0,0.45859295768861785
87.53213769235344,7.023702657670144,38.66726347859626,1974.5987307501007,0,1,0.510374112959497
109.41373189076418,6.587255140736152,36.7460317246577,1538.1122917382118,0,1,0.9575268618431994
93.46367860288557,5.705764771067836,36.20918090250036,1641.5949595950344,0,1,0.6347560557445249
78.9790599939661,5.017794018771176,38.85607828040309,2013.0930910638763,0,0,0.10901393458575896
85.48180796663246,3.5288179873796612,40.83845767429781,2041.947581397816,0,0,0.1065702988040562
98.17106636343519,6.109916077068974,38.41851731817577,2590.897005485329,0,1,0.7652674764291784
106.7075421829594,7.519621073332294,45.79333511670651,1688.450198715732,1,1,0.8840711400404156
77.31213350209633,5.513159059475627,42.54043857210393,2011.8386597911792,0,0,0.07095006285279888
74.96060491888764,7.875888722639185,32.045770715706524,1682.173577875383,1,0,0.3760909845516804
104.96772140297426,2.7116424379083743,42.61863882706927,1852.203544035979,0,0,0.4963024854124447
93.11691341896723,3.268754922830688,43.027719912927914,2505.1916090208015,0,0,0.19405972976735994
83.05365814498907,6.282802261622393,37.826325159379046,1659.0991330532029,0,0,0.3012601626448917
94.27703268897949,5.396435315229876,32.52401206348422,2176.1127272203503,0,1,0.736202506974789
68.91401808786497,6.970673264857711,40.04033379705568,2117.8722077043176,0,0,0.05998295500280453
90.02700405277729,4.976792538909891,39.96145674258878,1992.7485720925374,0,0,0.3284130512813558
92.62256938274469,3.6980368662075023,34.391768817334025,2155.8309869575214,0,0,0.44383092918145245
97.39416111630264,4.679610136692436,32.743903918700326,1651.9938854170134,0,1,0.7443987041040994
81.8888323816597,2.7009740436143987,39.5622322677328,2496.8967523410674,0,0,0.056343434655775265
90.68549729122687,3.3071139903544484,38.83461403974589,2577.4536485370563,0,0,0.22956937539438646
82.5966029915233,6.4586659968770155,37.913673173388034,2014.131409327794,0,0,0.30760124677295014
92.04307004539454,6.309181121704415,39.58294632626719,2726.931839184066,0,1,0.5690688147022895
82.83722942109581,5.544506427209115,34.486118130898404,1880.2916205350239,0,0,0.31557735827013317
86.73519328671823,2.418383718559296,37.82589693566943,2120.129598156884,0,0,0.11144195349986435
82.03347684167817,4.462394636730667,42.666625153071735,2429.566719132354,0,0,0.08441992385318961
95.20908993458926,3.162500167009924,38.25014959824355,1862.298661933127,0,0,0.35008087516386754
96.86760893325332,6.7647998806816485,31.640137641037242,1585.5352823361686,0,1,0.8900737484347756
88.12303544034069,4.124416799656098,37.63653861138214,1516.4848803143439,0,0,0.2474310445678245
90.30590395968022,3.371378433827676,34.6492076824657,2618.2479691707977,0,0,0.33142650856594935
78.41126868293165,5.044694247682137,41.33568148230865,1841.2926048083666,0,0,0.07632914653945501
87.6025868159457,4.039768314748082,41.594187016902126,1944.2789709744504,0,0,0.1549479169426661
89.59836306366604,7.22561586530556,31.706126874569847,1666.1707765036836,1,1,0.7831199240434659
110.9663447282398,3.897783653698714,43.79506485291095,2284.5017837987566,0,1,0.7775217661695644
81.1042637938067,2.901157611163053,34.43906849360721,1765.5320422326245,1,0,0.09651203498576395
101.7134179100195,1.7706297263637265,47.79591145241176,1852.6210917016035,0,0,0.17378816909159026
97.97487018772647,4.953820246379877,39.756118677496914,2089.8561258248483,0,1,0.6031263533903649
92.2450912359211,4.157104829213111,33.76803250730419,1680.7862218263283,0,0,0.49502386626978356
104.06896387356107,2.85664309023241,34.290069646536594,1946.4253191457324,1,1,0.7284526355642451
92.9768437808549,6.783839691883678,41.740476458936726,2420.662876850981,0,1,0.5826706170834642
93.11327356534343,6.000867721143862,38.043500550508114,2128.476319255059,0,1,0.6083198352359702
89.57503477585963,4.9576731815941555,39.5167304519093,2039.1626877285075,0,0,0.32563339610625686
99.78855105934902,7.046489366256299,48.0639011634852,2064.4594128391595,1,1,0.6418591050455933
98.77175387048707,5.9938040500979195,36.50377967885463,1883.2594712070309,0,1,0.8032958649554115
84.9945817000303,3.7657161477223515,40.29981428847853,2598.8456959264777,0,0,0.12136264317799349
79.44602244320986,3.441169754013851,47.09922243686527,1756.3528608397799,0,0,0.02139984112199784
88.37615490083475,6.226972316680792,41.352567377332,2063.277848589179,0,0,0.3678376158913467
83.59969148481883,5.594550434701026,31.966986323209973,2034.507669902842,1,0,0.42184381275385285
89.49180340307716,5.2546216519559925,42.52694505866069,2302.6287521399404,0,0,0.2756655960514394
99.89950507747311,3.730253295696639,34.18498571108278,2330.952181638092,0,1,0.6995705580152087
86.34158675930568,5.9119213505086305,47.034037643664824,1990.3943586538787,0,0,0.1550729957640094
89.6574129495074,3.866751675299076,35.88566197501011,2087.1999479339147,0,0,0.31942494275764793
90.46418187846716,4.847020018109483,54.84754753872832,2098.5604261741846,0,0,0.06971798616633329
96.78744705764228,7.17041621958047,47.336879941638394,1318.357503328818,0,1,0.5652469249661727
72.02488532812316,4.008748646284781,36.016937151860105,1523.3031192566673,0,0,0.03870117543057596
85.14639764187763,2.6405161143907083,40.100069025008054,1818.4808927834088,0,0,0.07556763072939766
91.69026953823578,3.4211792121948346,43.76822140816732,1831.5203970869393,0,0,0.15547835578164157
99.60063165141489,6.491448240031435,43.918302371133535,1640.2152734107603,0,1,0.6894415896646001
86.06478041995035,5.382096706070314,42.211681299880986,2224.874771412089,0,0,0.2055267585268878
74.98757835166501,4.8066839319668695,46.26079518483055,2000.6355263052417,0,0,0.02425387851251224
94.95769156772909,4.236359292032645,39.38515526682815,1935.5916357839487,0,0,0.4261234873256286
84.91710088939496,5.728039861329785,38.16641165711984,1623.153417647784,0,0,0.2928192332706798
80.4826667272771,3.726342723514665,38.265680060376944,1986.6365407265635,0,0,0.08220789342458207
85.00523688229421,5.458498352963894,44.29186615986064,1211.9945732004164,0,0,0.14226579664231526
88.52379713875321,3.9031181467805647,41.82590520151323,1951.1131067582478,0,0,0.15985965998328178
85.1620426836943,3.653510922087419,41.456418328451285,2018.955100642327,0,0,0.10035404019695764
72.35547154320744,4.0437688477624825,43.97617124628591,2072.5744952964496,0,0,0.015977688356577386
97.17652957509706,4.436888830274057,29.744737960730724,1530.769470956216,0,1,0.7855143910479835
100.19900033022978,4.926755246099445,41.55034411937575,2067.4450210074424,0,1,0.6197758308231142
95.21217593071604,5.353183692666671,41.09284444436858,1687.5706190406372,0,1,0.5049439153581683
80.89851463660146,-0.5325479371426667,48.344040406503524,1756.2590503123,0,0,0.003653511740496015
88.38806772841986,3.7885241633798525,32.35706008868166,2215.3794157467996,0,0,0.37406664222791797
89.94782947816434,4.412645033965941,47.78593316188379,2604.2341170079235,0,0,0.12612930929130975
94.79035511649528,7.257593057912495,40.37704564462333,2015.407627640804,0,1,0.7213338370761995
95.34672390974464,3.379996087426802,42.444947653300225,1754.8713624079303,0,0,0.2616593381816013
84.12660960977203,5.244194927149869,48.37959393804688,2056.6011342529996,0,0,0.07735666121909213
90.65596445130848,7.242545464603756,42.80380634002786,2281.7087472497437,0,1,0.5191165042912231
93.65824323692193,3.030547205079091,42.001841447312806,2186.2992697618206,0,0,0.20595071734961853
101.64657857717413,5.590962838796603,41.21145592901159,2822.9338617391236,0,1,0.7485645132143619
95.63605231859779,3.7965922490982194,37.582609325028116,1785.3987292716,0,0,0.4532841421113045
96.31245349900415,4.243049386566148,39.85755437744803,2075.6694439757894,0,0,0.4612211600461076
90.67061302343488,3.7953337490700285,36.42243616938626,2464.675386025461,0,0,0.3340088613376188
101.28367316162803,3.9022140373761713,39.77716550287259,2445.8477711055593,0,1,0.6030246888250903
93.27810236767598,9.082868221859739,28.320346514724516,1414.976622042686,1,1,0.9554814752928464
83.11129671861144,6.266683808107499,42.14519783783774,1998.9927139880056,0,0,0.20352117319620347
101.22695976100152,6.652606792679314,39.39131373108187,2445.35622975461,0,1,0.848962900425487
95.58322618031222,5.737990230254744,38.31898131666618,2867.1928971197412,0,1,0.6636317626296363
86.45564783097214,2.590614817397063,41.09879041970071,2211.1387651252458,0,0,0.07988158788795442
86.16405626080605,5.592436955484961,32.8321803851728,1889.6410118910549,0,0,0.480840258497562
92.3726043611261,6.60939442176102,49.64634998310641,1697.239054268783,0,0,0.29306831343865936
93.70547836214068,3.7199007889413327,39.486162692562004,2665.623007259255,0,0,0.3374827271530176
91.57833812504965,6.44799000074169,39.27077783513905,2218.622475939728,0,1,0.5701103504787765
92.49046938754307,6.056504314781119,35.173018949335386,1745.5799219343749,0,1,0.6717931775335598
103.59965899661104,7.778060067220505,40.11973191224631,1939.0530900998656,1,1,0.9206225890257963
98.57234521787909,4.373325481229572,46.9347994513664,2093.0559550486114,0,0,0.3376422076151916
91.5250847301202,3.35358352658641,45.17958104716017,2163.141996166435,0,0,0.12978742281318795
97.53048464613987,4.457557835941182,44.27218875570278,1730.114402736263,0,0,0.38504614192670716
81.73980877177968,7.153356489745435,42.731994758336356,1815.7428745623522,0,0,0.2254323387645473
93.18341639957447,2.2573911787370555,38.20728736218695,1504.119631288112,0,0,0.20785652827359147
104.47445079786488,1.8974364268534516,32.74918416481649,2311.9286868814347,0,1,0.6944681602617431
88.25563283686101,5.13409291839742,38.994806140666824,1897.5144599689052,0,0,0.3154498525459735
83.21892857104731,4.336116060838766,38.82064267733161,2139.8964947549875,0,0,0.14078174170884522
84.78328889125551,5.011591839763527,45.243972198356204,2426.677552572898,0,0,0.11181315918788157
81.2829357012609,6.417967656853798,41.546952212299104,2065.961042712184,0,0,0.1869003632016085
83.72190473497837,4.171145980821722,48.061557639517744,1966.1088572152796,0,0,0.0476162107460825
87.03593521127976,2.190491253604069,45.98744270019087,2058.17644306518,0,0,0.040070233932491345
78.75546384657086,8.066722335799916,37.71752195247952,2018.9580811550682,0,0,0.35835414354211537
90.12494667159683,3.504157568841836,31.02435401690066,2373.8494993633835,0,0,0.44435220198481223
97.21821739029318,3.4114443169818536,46.9278761697074,2093.251519261637,0,0,0.21321280300371498
82.73795055882464,6.655580020583894,46.79692611615372,1836.6796941263262,0,0,0.1373905559063675
102.15427138913415,4.423266318437723,33.16894204548887,2314.3547170669253,0,1,0.833073529967638
94.08633670822076,4.904915221947784,47.5462000991375,2369.1453069075055,0,0,0.24689429449756672
98.24464468499247,5.724185186090477,41.91058585296259,1598.5008119538609,0,1,0.6237539935415206
84.7373235691829,6.625374654664993,40.803427490628266,2459.8351654304315,0,0,0.3163085793628842
96.83620181653292,4.499808960227342,48.07391627123664,2109.4135319625457,0,0,0.26864667831605465
81.2645287968375,7.279928008871449,46.72342586615307,2084.9809850439797,0,0,0.15064887794464893
97.12198000669207,1.7963002268977917,43.256654759976016,2301.9873894789544,0,0,0.17012207705428736
91.37471471834824,6.139680855429615,42.36608532905991,1829.9070826987163,0,0,0.4240395566720697
94.42600975987827,3.740708662973514,43.08197145265179,2286.249354257277,0,0,0.2602255121913497
80.59524315500119,7.058406974911987,37.99971283058737,1886.9673590786433,0,0,0.30271298721726375
82.83944126178716,5.213066718245818,39.724492751338396,1557.5147960868985,0,0,0.1664001313032271
94.77782574602708,3.9906420019858975,35.488414227027285,1700.6731162679198,0,1,0.5103258390414879
82.4132159662064,5.994261639532449,38.334801121305404,2170.106549870968,0,0,0.25089563783370805
93.70565033679298,6.339782520810878,38.16683060665534,1716.3594980016026,0,1,0.6538422689699345
79.06289754831803,5.962841184287957,36.823473151891676,2483.022836956895,0,0,0.20347862468519998
96.78539370133335,3.4554556405504093,40.68373251324232,2356.785036031893,1,0,0.36868189594305906
80.13981348185193,4.273974314566873,38.38009574649711,2400.0317498098893,0,0,0.10020386157779239
94.41839950143618,4.993890744317848,42.51117360175987,2037.4335739032235,0,0,0.39823446215497366
95.005047469168,4.938110521024909,31.888396933531173,2077.358485188488,0,1,0.7292373300236982
84.4258254525634,6.124618213157522,39.433226029463505,1641.8864437267166,0,0,0.28357908012159366
94.65621253667781,1.9776481512400874,40.65775820088748,2298.735053047247,0,0,0.17983964783321538
92.08353810666844,5.5014905818302555,38.446853800815596,2113.9500365111257,0,1,0.5035047556849737
85.6892651504581,4.56502796834504,39.138036500953845,2170.191687587678,0,0,0.19847717733124493
81.93156252739034,3.7422490754240716,32.073769946350716,2506.4935434358645,0,0,0.2003710062366793
74.29899446661936,3.8862698333456005,41.78238552334746,1818.211104815747,0,0,0.025072627036456626
92.79720037839755,4.678193503223055,43.23802991283535,1962.1575350368046,0,0,0.2927228608203542
77.48157782910356,-0.4016276566892767,42.46768647101884,2098.0012764626504,0,0,0.005171850800770217
90.76275359553047,3.948065643812675,45.19363529721092,1719.369378362388,0,0,0.1458942931463032
87.892414271342,3.68627776303056,41.00764802891251,1943.7203536169482,0,0,0.14874621916730624
95.43314220350557,5.799174813983936,42.39340590325469,2147.884943140091,0,1,0.5306118981409497
87.58363600408109,3.7917099762342192,40.78045369228426,1902.3736185881507,0,0,0.15276127612757795
87.36441770922328,4.677329299744265,43.43775359796247,2392.6968229187337,0,0,0.1626062801572669
95.85496563430637,7.313414941491953,32.11385181933939,1546.7226314549018,0,1,0.8947384723296714
92.68046423267295,6.491527279723135,35.53209516010995,2336.8313720700025,0,1,0.718639128318887
92.52924765746222,6.353407099915179,47.93449828516545,2198.3556424448016,0,0,0.3260323708447862
93.75414071846821,4.250191354383722,27.697820889518972,1829.3514237330228,0,1,0.73349461195285
77.71542301434316,5.8145484189344785,39.29911035087328,1722.6774295310006,0,0,0.12067268461649178
96.05430943989586,4.649153299319609,45.861374798040345,1375.9152148272644,0,0,0.3075932463660593
94.89975035210882,4.705860183984593,39.53369667229118,1761.4474962758497,0,0,0.47005042741788394
81.86653497138802,5.6145280156198245,37.974944642746514,2314.152996500899,0,0,0.21583865929638987
88.0473562106064,4.104509617368601,40.6471083840765,1983.1742821163978,0,0,0.18516211706354904
89.68554169897895,7.239504656664805,38.23439909998777,2348.8942641175527,1,1,0.6276642412022916
88.92402572478613,4.759804790603094,40.1542474637847,1814.0386788126343,0,0,0.26774102451647014
92.67087973254827,5.927540849389498,36.58309481739935,2212.1318480319687,0,1,0.63065885118716
101.45093425464947,7.183400718885947,45.54337209977862,1784.7504193746736,0,1,0.7648236313954112
98.65413382138263,6.547480661862762,47.1163246053283,1710.3274981370482,0,1,0.5722063041366483
79.50224645254875,2.886621345964213,39.333048389441885,1967.8618348487971,0,0,0.04422482228792376
94.97655992244839,5.667343842514827,33.06755289654379,1800.510046604001,0,1,0.7604159431925978
100.63146655628327,6.276079091690971,37.38078414843302,1537.1533552888363,0,1,0.8406392745773018
93.09446816551362,6.337794533241123,39.080056699485176,1945.305589784902,0,1,0.6104899393394173
98.72784340148773,3.3300577488280534,42.52769438451604,2031.9306249293866,0,0,0.3591243560510006
106.09816356560611,4.014447144474014,34.95993388414661,2380.5075834488202,1,1,0.8517882085609434
98.18967636885586,6.491837353612432,36.154188406789245,2281.041703139918,0,1,0.8356391799520668
91.99446876513383,3.8573594439760317,42.55338068929404,2365.9829597698495,0,0,0.2211547652355099
98.36070779267803,4.550455915003528,44.694544160197786,2216.1072495180524,0,0,0.4182494677148553
91.15910266477513,7.363813714252954,36.89202977414658,2099.7838276849925,0,1,0.7188554344341574
90.19122434627964,4.928301124422815,33.33391473024502,1631.3165280584321,0,1,0.5249236232553703
87.18868611429014,3.9098387932492353,56.42059100643942,2044.9616593805824,0,0,0.024509015522851042
102.50730687065686,3.6835739647056425,43.91652118544357,2179.0381331992444,0,0,0.4866618499226182
83.45257067246399,5.499078994377782,38.66498119116484,2437.2313848111307,0,0,0.2313953214847979
102.25894179742492,3.0002779872841865,44.3451563776542,2205.886562519544,0,0,0.388063585458085
93.99891298992297,4.6289960541553725,39.37771685142789,2372.1150303816266,0,0,0.44508541043784744
78.80555060158447,5.499845802485033,44.335784445500934,1690.4006325904284,0,0,0.06797240428168516
92.94119434393137,6.948724730821501,40.79696598888111,1902.0747121555714,0,1,0.6199320449779474
73.19978793878701,6.001322120554994,40.45635949083787,2128.8052140983814,0,0,0.06593404532132673
95.00406413464829,3.928902323026732,39.43209065884606,2348.285807222768,0,0,0.3986599391307056
97.08185186391192,6.767628976345581,32.76309333268455,1956.431406248324,1,1,0.8813843314356514
85.26115235478358,4.550727443678784,49.6904744969657,1975.266212255254,0,0,0.056728843383513784
90.98838156764465,3.1464454669258863,35.292330398661285,2206.1420918008935,0,0,0.3059630716227803
105.63325947000229,4.741937961101791,33.19988211844703,1662.2387518564628,1,1,0.8996501950463818
85.95402636590451,7.157253801718553,38.93570058621816,2482.2213649470286,0,0,0.47064856304856867
81.5287393035472,5.247860075097388,35.19264093244747,1736.2591720676946,0,0,0.23271092275031546
101.8533072197008,5.01878279649468,39.74143604719865,1424.4231729322091,0,1,0.7207376210598846
105.70069752424635,7.455817467054279,43.43881924280884,2003.0201025567742,0,1,0.8984829547833418
90.02956537478278,2.8529677294183595,44.97651450264611,2509.5376107126694,0,0,0.09164089791631844
98.09170428326685,3.0716013289208415,44.07365360810841,2175.935939100083,0,0,0.2742320408346743
100.73180732424704,2.576230293549752,38.4718397260716,2225.32716290109,0,0,0.47007559355576933
84.06012613969293,5.5589722797200825,40.24795913830793,2012.4157286921343,0,0,0.21135102896200716
86.11755331705706,5.249739690672687,42.03939525448745,1954.2867508186469,0,0,0.1974790816611343
99.84699610523788,7.314104550919664,31.21106288028964,1536.5271891220655,1,1,0.9433466961896723
103.48011422966808,5.365212615705155,42.852923500599296,1322.1841226287443,0,1,0.7180220029665787
94.50304688139484,4.393764260781046,32.713503562080845,2058.881701532259,0,1,0.6373732396652014
82.96148517198357,5.002692309317161,50.20173299453245,2393.764758302068,0,0,0.04921669605379669
105.89648889359553,5.176561127691437,37.97742457679152,2103.2401114484196,1,1,0.8647668645681114
85.75223281750428,2.4923580900077495,39.07562411402704,2187.079858115604,0,0,0.08841068790569008
87.31889775062838,9.06549746650234,36.15146450381072,2475.115263691862,0,1,0.7866350104982155
92.73870267591697,5.779806527152867,36.85014984072155,2098.6300554323175,0,1,0.6070687462513056
102.4332833657182,5.3150124620338834,51.3704678457162,1963.2034699077142,0,0,0.43294652075720286
96.8318078124178,5.92274597641787,44.70184844311649,1754.4425583049806,0,1,0.5141374312347873
93.31892400289529,6.064116470879908,32.25398777426081,2606.6637688916258,0,1,0.7795668178727871
93.70630824094485,4.789169771746352,47.521064503426146,2157.964333746104,0,0,0.22569370229884192
90.34811734914773,4.0531382956389495,45.96621137570716,1716.9194852242008,0,0,0.13299782338189944
94.46511611614805,5.899176029482556,38.593937688558555,1648.6496996596288,0,1,0.6178779772843321
69.76351937844558,5.578566260797179,41.53348471014919,2375.919118078674,0,0,0.03088332014595418
87.62714032744161,3.785164851365888,39.925279602894626,1688.7674910775024,0,0,0.16573308722335747
91.93057547933425,7.128553417050896,49.86289952223466,2556.1502472506663,0,0,0.33789135749453425
80.79188733104394,5.4400280544844755,36.01854905503955,1173.0611608727868,0,0,0.20586391624506173
93.09058654249247,6.094729043401446,40.73005304887864,2426.778559336993,0,1,0.5400091714431572
88.36423023211103,7.0878813315198785,37.85927334503597,2146.0684433485894,0,1,0.5747609134689785
104.04380558652392,5.032833231747253,32.83479797691073,2035.5783269170622,0,1,0.8981076212469079
102.58415780171885,5.475428010476173,50.958191275274935,1947.3624694874711,0,0,0.46911755606218924
86.27355544705469,6.215040857759175,34.09216710448794,2567.218954578209,1,1,0.5278976762281224
88.79329830746644,3.9127083742999216,41.10064593743888,2212.117657520361,0,0,0.1812675427208556
89.40841947513286,5.081077494269001,31.296496968098324,1729.0389173313647,1,1,0.5805720021726855
86.38672419072302,5.188322879976722,38.00464730378453,1484.3270131913355,0,0,0.28623789086491275
91.56019987222501,3.565912172474908,42.10984410716729,2053.1891639441924,0,0,0.1948281992226574
83.93374344889928,8.476455183010817,35.87633010248818,1999.6786599387758,0,1,0.6370352645163239
80.95507732049978,2.8890598347613965,42.934009253678276,1544.0395887873474,0,0,0.03379187608346191
94.98168979120214,3.0528441444692636,38.654794540559585,1983.3819423552993,0,0,0.32210840371531907
95.03623667377448,6.971339863555369,45.80041256199306,1827.81961007774,0,1,0.5385487170570968
83.56547392272006,6.0698993761948135,46.80880456670111,2002.7870204920084,0,0,0.1211486715545258
97.1628434461008,3.4610527737788335,37.06627619634994,2217.7770834945204,0,0,0.4915048684607716
84.94737816667735,5.910933522652539,40.38366429696478,2447.7829842392107,0,0,0.2653513904034449
92.02532190430385,7.201775667495965,40.917271132361165,2272.666710910786,1,1,0.6195088349198117
96.56275210089964,4.954605413604521,43.09674647717349,1783.5677750509383,0,0,0.44469415837567605
89.7310994823703,8.898234350111874,40.07190998122133,2110.6745386487582,1,1,0.7396999613905945
93.63792729712908,2.413907283697947,40.95105479671421,2018.9321364476073,0,0,0.18022838370332914
85.86856284889943,6.040735180788653,38.7829676260244,1600.3613136107297,0,0,0.3353509728081073
88.42826733257522,6.749792504331505,40.57619933486009,2119.469835407682,0,0,0.45233980221171977
88.35312455295728,6.33701585240787,46.48970096767566,2557.001701375314,0,0,0.2476869076190056
84.02737322767808,4.693466410031528,43.230416206059274,2009.7279812561012,0,0,0.1092983180026426
88.58580669507374,4.564337776983276,43.506278197216844,1521.7451960823798,0,0,0.1697419408175895
77.61105360909002,5.666217756630886,43.61535162067789,2009.0806013325857,0,0,0.069392058625895
86.07077002286316,6.223631729978104,39.230956110594825,1635.886340308025,1,0,0.34846041729969185
87.72099605304264,5.903710154423544,41.59413521789765,2259.0816520658864,0,0,0.3101245898835784
87.95056198003697,6.560086836190084,34.57413160832128,2157.4594975175387,0,1,0.6027075236745909
88.06802043303377,3.4716950643998974,46.34403828158479,1948.726983957577,0,0,0.07628804912098934
89.50588640111897,4.658343531314548,26.085197838283896,1900.6507202432535,0,1,0.6931921949625048
93.83553214468851,3.5899761018143685,39.564258038322876,1936.329709515336,0,0,0.315357639385226
96.99613659306019,4.420830835870787,45.70447988575137,2002.4823483026962,0,0,0.32677248097010675
84.80187818521387,6.522831337721458,33.18066033185329,1768.3294935975373,1,1,0.5272863775734853
80.37439315688684,5.1619758810878436,41.99889958808426,1583.674075699569,0,0,0.09398794144242108
81.66364470205518,8.910288744724655,36.596167767104866,2341.6096840083947,0,1,0.593092380250265
86.10237663044059,5.2901095507845755,38.155983674055655,1884.3797070509127,0,0,0.2892920471733364
87.18462945746792,5.089537820869604,44.72970480319719,2050.1129312507433,0,0,0.1596640628337642
83.84003147042034,5.159274379160324,40.99028462942575,2085.5845853502483,0,0,0.16509076415989174
79.63106668600085,4.0432869607100965,29.828220660578186,2096.6061438965644,0,0,0.2124095312648891
86.35103338020649,4.913245081433609,35.117872301342004,1647.8546008704727,0,0,0.3386975867960079
91.45141296091177,6.691682040667469,44.876678674443795,1497.2479506344457,0,0,0.4058260793324457
94.76023572668451,5.170956002191659,42.24471359096499,1823.3922425924025,0,0,0.4343603407572142
85.54061557513343,3.809810405174793,48.740677862621425,2118.713459725086,0,0,0.04817424960154819
86.69601742285252,3.6123730692820475,48.41323797006649,1781.6150397577062,0,0,0.05244356754041242
82.58641352922152,4.324697162501235,38.28877434926604,1893.52359389023,0,0,0.1356579888382557
89.74848663700179,5.110795151616321,52.516189025347444,2638.1892241248706,0,0,0.09637295662427835
83.21257092647349,6.7903798032143925,40.122398349259555,1446.3728345586392,1,0,0.2910922363821362
94.5850225059296,2.989267037950345,35.186657327954876,1773.4898012268504,0,0,0.40033730529106404
75.7130680645271,4.520260583166865,36.831800670447116,2568.9812205721782,0,0,0.07631941174521018
87.1229626203803,5.2164650291526184,28.716374473552904,1986.620398401433,0,1,0.60148976978645
92.40885871353393,2.249441348555848,48.03509504124641,1788.2044503503269,0,0,0.06448236354051833
91.47067613058003,3.7496025755503903,47.973809945219315,2350.630675103336,0,0,0.11214759337031922
111.54426931184398,3.9801671903957203,34.92246280593339,2016.5691309443334,0,1,0.9223759909454378
92.79840019654326,3.8060444392242525,38.860578558090474,1895.5074814867983,0,0,0.32423103143689747
81.96756322526392,5.287834317532472,40.47803772056289,2057.7106781112534,0,0,0.14671679360800485
89.23628602328742,4.759160585747304,35.19823473928943,1802.56735718517,0,0,0.416729804614629
75.79002933226839,4.167070846098445,31.224489843644193,1694.7526811335765,1,0,0.11977428717481277
89.35520200562591,5.641943939828953,38.94821198111544,1965.9209217095754,0,0,0.4070004758418291
83.33555154399393,7.584612076469375,38.39460285270376,1696.7009119771978,0,0,0.4325843478993725
97.3231222044813,7.458884775112628,38.057943795056126,2003.207993538944,0,1,0.8443434547194956
85.60367780323573,2.115842341906496,41.113580313004825,2106.3219702423016,0,0,0.057818960517094745
89.06587267363803,5.8656082757527095,47.14759829262996,2255.918136815483,0,0,0.20881901217827853
84.91553726876478,4.732965064904242,38.48453640154137,2338.3774956550483,0,0,0.20872011910055924
103.91081081482665,5.232733014298034,40.852214993606815,1878.2790495103245,0,1,0.7728608288868329
87.4300578710567,4.402575449686177,43.63435261872468,2149.8243823817206,0,0,0.14213940459713056
104.66045634783362,5.176382944830803,42.770714632563745,2147.757033861907,0,1,0.7462591923465726
96.51321409694613,5.227111094108028,36.92788237776079,2098.345614744795,0,1,0.6678566272497648
93.85653381868309,4.131572363976615,40.48188561557018,1856.1621767148624,0,0,0.34429917904958734
92.94986517854016,3.655448678262229,42.73769910084527,1691.5796562607668,0,0,0.21635039811915588
93.15037838573001,4.326956476070774,34.35824331244611,2150.600566719968,0,1,0.5354272869346592
74.57861936523511,5.351388896685148,46.31769505398254,1487.9412313420848,0,0,0.028126238523449157
87.76893284679394,5.898494512526396,47.15794452607056,1919.6481702295066,0,0,0.17912376987873554
96.76126376947457,6.28002346601022,36.38609872277753,1233.9106953054206,0,1,0.7736150480537392
89.60882253220716,4.258714965399631,40.968350091740845,1599.079272992521,0,0,0.22118927775541733
78.7584812255714,5.425766850954105,43.211391283355155,1736.8598184657726,0,0,0.07491416805796365
89.58076439538024,6.443753887929947,37.271929218356235,2329.0172622887853,0,1,0.5649572728059679
103.63284413004394,6.748392342716192,42.408069228440475,2206.4324073212806,0,1,0.8467471086828858
99.97513372427775,4.9117507188027165,40.81627813146083,1833.8195948473274,0,1,0.6289107999170818
89.50396792507175,4.668602412590581,32.660409111806,2218.8109385389253,0,1,0.5021837386492096
97.6115942164647,5.2866863507545885,42.29580657989279,2266.286889014119,1,1,0.5526825672745903
87.06794383705558,3.2754387906538915,34.499287918644825,1951.8005454875836,0,0,0.22708505931636105
76.36902730538625,4.709585733446738,44.696014258310235,1584.686556735893,0,0,0.03305248480890671
82.60427209496356,6.116879597709695,36.64394462433056,1937.6263069801657,0,0,0.3074135659816519
102.50311014806559,5.962920694165552,39.193572831694276,1970.632278448359,0,1,0.8292407367435853
87.80805534536556,4.594598593454166,46.86139456723288,1630.2636827509323,0,0,0.10912835661926665
88.05292816499986,5.32657730163075,42.48190823264422,2110.1140378789905,0,0,0.2420511786439625
87.60129442980096,3.7630244895639686,34.602630402127275,2083.9435562907065,0,0,0.28298467521803866
105.23309271658405,6.055238222337537,34.925417146004584,2133.512809968256,0,1,0.9279704192603477
103.0076713228965,4.883267845795291,37.00348605688137,2083.6769291502333,1,1,0.8081587727151702
107.75024186758507,4.586072822455793,41.97322041678333,2218.952910534495,1,1,0.793264629381505
88.72763831679958,4.45741424585992,41.79149907466384,1946.2015916380906,0,0,0.20241323576717846
92.36499590997676,4.905659199650213,35.78448847668565,2060.535532211286,0,1,0.5280167803441587
77.86685960463367,4.328183532602062,34.163952571928206,1880.6779147263403,0,0,0.12033140968662225
101.8154754089462,5.987214554003845,41.40791702542917,1824.650235313415,0,1,0.7694400211107015
80.65776358985651,4.407074677975729,39.090699671049194,2401.4748892286225,0,0,0.10423761710146869
91.73420451010104,7.389446144041072,50.78607943723868,1386.869389542051,1,0,0.31529072840531847
81.22157977893724,7.197815755222072,40.1830182828154,2263.0279967462793,0,0,0.2822019565882
85.28906538609043,3.662684765218243,49.07126413850138,1813.8377373663018,0,0,0.04113391056520331
83.3019005516024,5.104556404143921,34.1480820094783,1774.9885467070637,0,0,0.2939619102813075
85.13699791459345,4.024015067995707,32.13393530219146,2078.473245219622,0,0,0.30109358452956
85.68701837480818,4.5100286552170825,34.39957433737233,1553.1171162946991,0,0,0.296652658185002
85.61384964059938,8.003641201467197,45.94564890726733,1755.193078416139,1,0,0.3293205389609639
96.66667129424246,4.538642874326301,48.78050794846767,1745.2581060461025,0,0,0.24577639681580488
81.16109765549984,5.540339055616143,36.08910273023683,1933.5805225444715,0,0,0.22971987183112463
91.76433141611093,5.811981941012418,37.69716985120221,1758.7586935517934,0,1,0.5457297381495304
99.74367321844447,3.499055941275139,34.1550954489375,2480.3356056917805,1,1,0.6749680907819133
85.89442908389283,3.7173567883861924,30.941800764408065,2539.1049549493864,0,0,0.3327978192355701
84.25664887401919,3.190966442887822,43.59205848888315,1393.401943175581,0,0,0.05491187772939164
88.15580299855799,3.6710438991533345,41.11510151481082,2163.296811429721,0,0,0.15271545454018198
99.43780166688568,0.7249548360242262,40.052439913369376,2257.599031723272,0,0,0.20555425127037627
91.55286104762686,5.8168736011904425,32.9997173141831,2162.8955607173316,0,1,0.6852191323238616
85.75028564313921,8.081290761884105,48.1997834091433,1802.5659520724917,0,0,0.2812025907280204
93.87101320950431,5.22173110855479,37.483216309752635,1926.7713313524375,0,1,0.5608307129711492
81.18166280130862,2.8755967109890888,42.668132124082376,1775.5176035666914,0,0,0.03631864288260892
95.45087608354359,4.035835425650078,32.727192973776376,1873.9207906523513,1,1,0.6265512960692553
93.26885846161414,4.3116847324625045,39.047374051899816,1637.010491399847,0,0,0.38305739171642755
87.53753223088893,3.4736228341799364,41.45687228119292,1965.563353509635,0,0,0.124825151546124
83.29131361242216,6.290273957592735,41.63537609026654,1549.159486608479,0,0,0.21515543426209455
82.90655262173235,6.215390066563001,40.77324271618313,1939.9596337315588,0,0,0.22321311690466672
94.27853869076728,3.2668223092735107,42.472612460243866,1625.4254932700705,0,0,0.2224963919119685
99.8318440199125,6.087621566671261,34.34739771983519,2062.044908537421,0,1,0.8680170305375614
84.90153802376965,7.290218995365898,40.986863027198304,1796.1741317171327,0,0,0.3753560439075137
93.66709362841188,7.85383730784434,40.568788417401386,2087.174104362361,0,1,0.74063723964795
73.30378385118345,9.297818034628943,41.158363420975306,2324.4742185094346,1,0,0.23275617125809106
85.3230581547424,3.6470110258352038,40.36172608659591,2476.8340808314124,0,0,0.11874287180448595
89.75152853703278,9.236330639592804,33.633936130433014,1241.598623293853,0,1,0.8764721142299
82.72253266414533,4.468690417236818,33.41100123945513,1749.7417718378651,0,0,0.23889906339902417
82.50794900168323,4.111301816929228,28.928659070577243,1909.0741768663959,1,0,0.31531337103661244
84.65776354824891,5.490608562316768,44.08767254922649,2138.098345514445,0,0,0.14903010925930182
92.33754182661099,4.1269079988604815,44.13828754867599,1504.8936487536412,0,0,0.20664087485574953
88.501367852749,5.598566210969789,44.217751456110605,1705.3722779599352,0,0,0.23141638039643586
72.09415013340022,3.0198842183940475,41.533949812307256,2039.107160797133,0,0,0.013099190134817779
73.03439877891947,4.641871096904849,29.334403911409446,2025.4664724580002,0,0,0.13013234212462002
85.1450785771426,6.928373351542519,34.86644754107367,2113.2855219260277,0,1,0.5384278899376114
93.66149268842841,4.9144080628532665,40.85207708796556,2133.102718066435,0,0,0.41607197567726345
68.01996125819812,5.212393680109824,40.67759001395898,2101.5783299347586,0,0,0.022554920080205383
86.00215859078696,5.7128879070759675,38.88625893423989,2058.096594989448,0,0,0.3102943665361131
85.79001714786062,6.75599244397649,41.844586014541235,2016.7219319979104,0,0,0.32630982651374
101.10670222566759,2.5171629317158506,40.05825853842623,2199.4289269173087,1,0,0.42625438235193414
86.91982550629709,5.876786077756152,40.60385232775681,1328.2032000307324,0,0,0.2970569581549498
93.06391187792742,4.597791291137355,36.80467333583992,2463.3000460913704,0,0,0.49151812143189716
91.1300571206997,5.249956842967758,44.91005493060795,1338.6553847359028,0,0,0.24870433280820475
72.9554681615424,6.589925254643564,37.84614195659808,1676.2514549286525,0,0,0.10775326649963463
96.1456577330539,3.2087200228822335,33.34675458489687,1931.9717610049565,0,1,0.5396567770243593
91.72317204365031,3.481033337835366,36.14500493590636,2201.7838673269525,0,0,0.33843412816701696
94.06614911739672,2.0968550604292906,38.2576690431901,1101.419932760115,0,0,0.21050831515426618
121.40990165149061,4.176261587354335,44.970013941844236,1991.5627028174497,0,1,0.9353714296678356
73.32709648401129,6.995648516568225,39.78866000782603,2237.7185118247203,0,0,0.11076041788156611
103.79757319808887,4.819119217289796,39.06925890517176,2298.355434808543,1,1,0.7810888466404876
87.70041984479715,2.989812656517821,33.756682876186865,1790.8011024507623,0,0,0.23418370511343686
92.29863123522408,4.2714818831374295,43.92741294914788,1909.7494139134903,0,0,0.22615218362503414
89.63590203759006,2.7682074447640654,36.74023922988307,1815.1555613322116,0,0,0.1990611398432181
86.60610933281565,3.3122208474032573,39.49986070529332,1882.1976039421747,0,0,0.1289679364172743
85.44133657408993,5.58322836539557,47.40091538440932,1690.4520347814696,0,0,0.11512689847654133
92.63606988458407,3.239190010540957,42.54381665524652,1733.2243512587247,0,0,0.18310415235777797
77.86261042662656,6.668951457804953,31.85872976142413,2130.3130766085105,1,0,0.3537592034769713
96.00463334017412,4.893319563754496,31.152448818237637,2039.4846119818226,0,1,0.7686244804847839
86.67044476091797,5.128392055916788,39.67844774940377,2147.475952277142,0,0,0.25561856992340815
80.95944528767714,4.582440548588159,33.936296925625975,2064.2043169102512,0,0,0.19808834039266465
86.39989713603349,6.159271757815585,43.242733738164986,2211.3015803442786,0,0,0.25379623640308197
100.05719373490058,6.174739831665516,40.211315324824895,2263.4641994464982,0,1,0.7732185727651176
85.71731930387021,5.502581527868257,40.82692384511932,1477.4850140401688,0,0,0.2278963340135293
92.86762894567696,5.847183658861472,36.46628409178823,1743.7071048756911,0,1,0.6245230151898906
84.15234979427622,4.681865495119362,48.70691827643353,1930.5872127529883,0,0,0.05817959488536067
96.06337479938895,5.813304510363572,54.212968640052296,1993.1967423537976,0,0,0.21599954568835192
95.48406191032163,4.49318333678929,38.60707638121642,1798.97282785459,0,0,0.49590031824083797
104.7888706663713,5.003347433243603,41.76519624207501,2273.6071012964917,0,1,0.7600075646504607
88.59548843600628,4.588034375950554,40.48708671532156,2593.9845104871797,0,0,0.24585059577108437
95.34923843806325,4.314172191021206,38.70156568279466,2055.84858667452,0,0,0.4719224697037177
90.78454031631156,3.966332303417315,35.839647661336016,2025.3023096594634,0,0,0.365591634047091
100.36697425490411,5.701535155788328,34.57516006259762,2254.8368765312994,0,1,0.8537879023132254
84.24934089913016,6.965908869220195,34.32201367237238,1440.2480734389692,0,1,0.517393293727123
95.96004250301824,6.75665295750434,42.026200127745724,2008.5406821315232,0,1,0.66254899148674
88.44242163106655,3.115151996081847,37.401627608981826,2293.7107476402552,0,0,0.1898856694361019
89.48649458313201,6.93380457711031,27.10853574929735,1807.0538008396666,0,1,0.8487985841767239
90.73401987558698,4.522762247573107,42.224291102991614,1632.0318260294102,0,0,0.24298412432769761
92.01792317141341,5.901099522718387,39.80869358767922,1944.2583169700665,0,1,0.5013027090607826
89.07016765502433,3.640677001929183,46.73336500700573,1981.7943700394237,0,0,0.08924779020712363
91.7177054653642,5.212969870811008,41.86561198545505,1727.4043154253625,0,0,0.34776868144046524
102.62494446049747,5.470584774345361,32.606632018448515,2628.8483828152853,1,1,0.9045143621177097
97.88359748492175,2.7730928121205207,28.851616796350093,1856.3910856976163,1,1,0.6824834006644787
96.95323673997517,5.912400749516284,36.40263807831031,1653.9021945720294,0,1,0.7525858721878491
86.35568379180903,7.018902511757473,36.87446289653174,1971.9136042788166,0,1,0.5253367392898516
82.8860733741734,4.738028081477558,44.71579600500083,2272.3581913113476,0,0,0.08261080093375185
97.64240446590202,7.040252196242019,39.95564533855213,2005.2242746994693,1,1,0.7862705383313582
97.00837434023835,4.715459759821389,45.668442490492545,2145.6781760132008,0,0,0.36097721813252726
101.78136540600785,6.274376796569926,33.375834721486825,1738.5468217000528,0,1,0.912419993624307
85.16815499224616,1.6721450510733504,44.82632192190224,2446.3065339210543,0,0,0.02921761778259888
88.16361075711723,8.628166668970195,43.6049457671546,2168.513308375533,0,1,0.5639883640334602
76.88412669979652,7.243187367864436,29.908829442844016,2314.310470663283,0,0,0.44630173497660236
86.86023115151302,4.573061743619482,46.61308920630386,2109.5481897425507,0,0,0.10169645832842049
97.97256408463558,2.041866460034273,40.467292458831764,2247.4652113186353,0,0,0.2683106142378121
86.26803696617442,5.432042552458234,41.96022251934253,1738.0842320968318,0,0,0.21389774447883136
95.12383836160659,2.834111679389365,35.675519437857886,1852.5768749931312,0,0,0.38776103963588443
88.47597515201751,5.667280306336232,46.37623506460986,2403.944178666809,0,0,0.19807123891984865
92.59245622577248,5.617348578746423,34.07073835380565,2467.922584185189,0,1,0.6717975104504718
80.81846888147466,3.587895246496963,44.16046009186973,1655.880320084277,0,0,0.03924436912835757
90.6816755970712,6.6814505354215665,44.10303737954336,2074.920820359144,0,0,0.41172294655961006
66.07091223279421,6.20836205420926,35.12916285913889,1870.7168598544317,0,0,0.05235439772294655
88.50483073470411,6.463735005932845,49.916867997112874,1790.8905591905416,0,0,0.17994647180043175
76.95621405027887,5.013286555503343,41.1576424010876,2085.451908606635,0,0,0.0646233037826486
99.64795613237453,2.87671389962944,43.26946305135512,2342.2888797096225,0,0,0.32467702099450857
96.21925882211609,6.466808408316706,32.36439602332122,2135.498741985258,0,1,0.8592175549098058
93.73336785572864,4.594442901296313,50.58865001504282,1904.1462650242895,0,0,0.15134450472654276
102.16804981727503,2.9153297852109965,33.87721529887455,2154.458353980548,1,1,0.6929919684957732
82.4086678334013,7.028059048961489,45.12443216382965,1892.0071479257297,0,0,0.1830033122161217
103.97890558332446,8.149111280753765,35.02614141034152,2123.6342902191805,1,1,0.9655110288413028
97.45753251408308,4.938127806531195,36.905055985761585,2418.93971013672,0,1,0.6730275806803572
88.10755770224843,8.238681731904938,43.943770219427236,1376.8521022097516,0,0,0.49346333876458764
99.08496117746355,5.136972092917024,45.13776356837579,2239.17568956201,0,0,0.49677920494868594
81.14965190070693,4.429316143750473,33.64357875442949,1538.2835235288594,0,0,0.1914532540377526
83.40388670777861,4.0543123187217835,45.45236084528497,2368.4983131633385,0,0,0.06083661651079252
85.1312822140824,7.455623611989114,45.22490247566597,1808.8923170381418,0,0,0.2816097524932817
85.76817833548787,3.8297841779183424,35.31023295577554,1634.6985867180547,0,0,0.21836837172181395
81.54753885791797,6.102903964962481,47.99323796795555,2208.580768126624,0,0,0.08434174763750567
99.7846645367626,4.161254247411188,32.71571185875981,2109.251018942723,0,1,0.7683218667957882
87.92916479704135,4.309539856138455,36.876137086111925,1700.2439291115024,0,0,0.2797795703549008
92.82003974685503,6.5453745409543505,42.39501312045994,1624.1000728494819,1,1,0.5163558201615646
85.43718906869056,4.429944730565969,35.73216857648697,1943.7555537526152,0,0,0.2539755927294274
75.43517359561186,4.39280693086956,41.31909542839671,1638.773914948641,0,0,0.038359859176248505
92.16045886713138,6.699207045762211,41.20538039401647,1681.5581081229118,0,1,0.5494634290154476
74.70196019664178,7.396095939832435,39.064628650386396,2034.6862371264301,0,0,0.16408739019579952
89.45092763131625,5.96703470492635,44.1620026929528,1710.238509723471,0,0,0.2910502959165127
79.05347968933752,4.0178453365640765,38.8581960367118,2127.961787007963,0,0,0.07284343161701314
105.89820799384647,4.234087251053631,41.15770534406903,2447.043078765043,0,1,0.7392296272029891
97.29090177739778,5.119872895610056,45.732359387439516,1955.4333755298253,1,0,0.40947938607398515
90.84603033017184,5.481395092888486,43.953431050129204,2039.0453185956753,0,0,0.29517402942699195
100.10965342123735,3.518201134790342,43.930086454071045,2605.429019850646,0,0,0.3922090982556723
83.22947218027412,6.0845569093697955,34.2541019889161,1643.7196647867959,0,0,0.38770544028987325
94.34783502936074,5.128269994459399,42.62396287750661,2357.3705585542225,0,0,0.41253161502645647
91.59848346974971,2.426437522042806,35.607506045152476,2321.2572793737445,0,0,0.2501770439257964
92.11216065066937,3.6066102763089045,33.59292510110987,2256.2952017521347,0,0,0.44243164965576703
100.17882800085414,4.243806989522504,39.64146826857516,2387.5243552197894,0,1,0.6068728175627904
95.85993682223842,4.890713466738418,35.478524066742054,2084.1724897875856,0,1,0.6535252417164511
92.30978930260018,7.833918193255994,43.95308859419988,1825.1211513202197,1,1,0.5997009434206805
76.76090051017363,5.357256959209442,44.07267729847662,2328.3719873661703,0,0,0.05246171340533717
82.3196296377643,3.7388421651520627,30.48686881784279,2339.8526635138687,0,0,0.2420235044974102
89.0183285312342,5.3309462064607445,35.85848730211555,2331.5941704479865,0,0,0.46228362047067884
90.74697899421321,4.471868378819178,32.701066640410005,2013.3506246957709,0,1,0.5182407304045719
80.9583702026086,5.487137359300313,37.686853617035545,1785.141645916002,0,0,0.18618472183664117
109.29341340462737,5.870851530553422,42.27587834934412,2057.408676233483,1,1,0.8912458632694721
102.13115244202858,6.8138459708359065,38.78855950910806,2282.6690052703507,1,1,0.8800219869912431
94.81694656313987,4.963570256494961,37.051203796664325,2307.3055369579897,0,1,0.5837517674571893
90.57629489026996,7.45844079139975,46.5008826340657,1871.0971618776216,0,0,0.418064078799112
88.30232824079079,6.362033993804287,28.475714137018556,2094.611868838217,0,1,0.7581103190153633
82.38465231982211,3.938840682781718,46.18435946759112,1607.3665086542132,0,0,0.04408741817119373
90.6198441481509,8.314783498622695,37.27855853422257,2295.485030901755,0,1,0.7800327672962367
92.062020321142,5.490491769905146,39.60945494943605,1765.007372982481,0,0,0.4589180266903152
80.065915396147,3.7473132440416475,37.36318331139946,2235.576607871464,0,0,0.08863842093431727
92.67341133795918,7.479369576845633,47.714440527695594,1655.2086267829513,0,0,0.451201503830406
88.757927609402,8.116666377797667,33.8451075159737,2309.4247719302025,0,1,0.7940601247430255
74.73753953698088,4.95046210442066,40.05868184860968,2096.5505570068312,0,0,0.053560937003386655
83.11691991376398,4.244524609436605,42.637193259299984,1765.592691314916,0,0,0.08521187775260995
86.69115573262684,4.741437563819507,31.94498616057416,2207.4069143241577,0,0,0.4350099199045582
105.10150125872153,6.07209759127655,35.400509147769235,1822.8914924584008,0,1,0.921596660684432
94.45242499627007,6.916784982545771,39.259107332508854,2224.8665112335384,0,1,0.7114307837686078
79.31614744720088,5.85573099629536,35.56667482657812,1917.7665573857835,0,0,0.22138725420979227
93.8882903153411,5.152584812707655,35.92204114390425,1483.6858623111011,0,1,0.5945621904465047
77.62156808849308,7.2470176554566414,38.25068668461781,1705.275127855719,0,0,0.23014093323279133
98.66152843109658,4.530745290422717,43.24790665823087,1870.8755873938146,0,0,0.46577895957956633
86.23100278545697,6.54637900755036,38.286411115609276,2410.4567071245733,0,0,0.4297267312391901
89.25091049008664,4.567905802473082,45.39213097236473,2270.3430891587673,0,0,0.15695453496465608
100.60637318033753,5.6465344370163395,35.01121108670323,2487.158423696643,0,1,0.8498234663633444
79.702691451326,4.829656152814323,33.74038869763274,2496.0905648089574,0,0,0.196816392528492
78.82305451909608,4.916221726020784,49.63172702860567,1839.5747586227255,0,0,0.028057343975012607
85.33120538923197,4.433920223806685,36.71020936167244,1943.453942072351,0,0,0.22893636592364736
98.30703080815454,7.017281046771042,33.4454399646392,1876.6160227008386,1,1,0.9002790807274539
77.84523139618526,3.900610942837197,31.28973029114085,1798.5468184096771,0,0,0.13810629974784944
67.34275521511545,3.889651621176937,45.37551726904469,1447.5515871990624,0,0,0.005988132079952552
86.39072913272801,8.181490348767664,38.2934774266997,1995.5756845949472,0,1,0.6139888532414152
94.41392639928736,6.466771346981497,38.73145132466801,1614.3303218866668,0,1,0.6715610587816468
99.60209399791063,1.4223294519604455,39.2039914420668,1989.7484355397019,1,0,0.2853245210825721
86.2947091033168,4.152111891184394,45.0647144233489,2634.7312428688956,0,0,0.09794211215873813
86.70858714307198,2.282015993656919,39.1023508301204,1847.1964711007874,0,0,0.08926866108488304
99.23120587404598,3.5739639598771173,51.72026889416313,2058.4322016884203,0,0,0.17392498389346833
75.04206640243663,0.29222800064894017,40.66880287027114,2271.994515742785,0,0,0.006422704930907149
86.89183379853593,4.794515633459087,45.30892383479161,2084.087387589772,0,0,0.12912910876372996
91.52339111940046,3.2870872712580326,44.02619928952203,2087.7452563826887,0,0,0.1427281784996315
93.59374977028027,5.089857885194657,39.817763398709815,1891.279269893576,0,0,0.46184823920378376
85.92154645447295,2.5623181116762126,37.06514506989768,1930.4366074816303,0,0,0.11505900157331497
90.27552809364673,5.12436777975806,41.659819642832765,1711.9968433436516,0,0,0.30017780152719886
70.09338117269608,4.377625582819509,42.550493656036366,2253.8135026668224,0,0,0.01645679169066105
84.73401270132922,7.252929447782893,37.137069759367364,1477.5525030157712,0,0,0.4789855740815941
93.62806970043574,7.1170352926184375,40.831694329753276,2291.326501514661,0,1,0.6647935029688878
82.14164772596257,6.1780184045154245,46.18102489129798,1578.8904845764273,0,0,0.11105154537447365
90.47187377271678,4.510079329008181,50.34973869534839,2288.7821822229957,0,0,0.10310960235533256
93.57498000642158,7.97807059289044,44.27184660174711,1893.8547421363457,0,1,0.6483831571704272
87.25960639313789,2.670447083240269,49.31379843190141,1630.439393560076,0,0,0.033132295143077965
91.36371016797257,2.894662055654506,36.85312894396772,2173.7895935238907,0,0,0.25306814422527896
82.2981394777231,4.874325350166403,43.50941126029647,2278.6302605227324,0,0,0.09332316600736305
88.34710976243163,8.38105716338168,46.69259754290636,1868.576405568939,0,0,0.4398330414279318
94.88172935671378,4.696491639694869,35.51833333514002,2216.18316460368,0,1,0.6015804606403137
91.25578368774747,4.725132135186077,37.57204943977496,1314.4746515991949,0,0,0.4006715720180104
85.30774984348852,2.8371344658322863,48.68952380917625,1603.8211130760199,0,0,0.029523961862589074
91.79373123432634,6.418894377905568,35.124505721065304,2387.7226791406188,0,1,0.6974542663649398
95.71687832509295,6.429764381494031,33.294349836721445,1932.899217740625,0,1,0.8306311730806228
73.60046977138018,6.183612802099865,47.639907868197554,1441.3360020653458,0,0,0.030285733917500217
99.27259251964718,4.056168990728956,45.98381612490219,1790.3401458674018,0,0,0.3493209212250031
87.30996209055142,3.9399398474404914,42.160601219918846,1722.9798582424758,0,0,0.13355991527906816
93.40391946592185,3.060316624392544,39.77144622677086,1950.2114805581225,0,0,0.24881166987150008
99.57797538916182,5.125808752641401,37.80737747197509,1888.7747048577057,0,1,0.7221536168305404
79.02661042215627,3.3793890060822473,41.40974436904526,2053.6795186814484,0,0,0.04031984349740045
84.32447198057963,3.233875242126067,47.89903478700775,1979.1601845162277,0,0,0.03482441905376747
87.69161043299437,4.364463924633986,41.19283063071038,2407.9217765111057,0,0,0.18966207193876888
83.72997183100458,4.266265737223676,50.83479633623483,2127.364579915901,0,0,0.03588176355639714
103.87949260669447,4.193032206767067,35.51029007179885,2137.301483358076,0,1,0.8076118176737994
83.14582324938566,5.699666895260392,39.901596228358656,2349.5471371683566,0,0,0.2119279316423275
85.55562576410507,5.1185717032254185,38.134706661680426,1883.3693748711255,0,0,0.2588897780407197
91.63511225282382,4.567765954233323,34.57429228418834,1621.4367669924545,0,0,0.4944923197493425
80.3828037913913,5.274519392467223,39.23458133495172,2362.091097389675,0,0,0.14056986537741767
86.8345543059499,3.5127094383430517,42.086646508302195,2040.7525244324338,0,0,0.10885450114305718
92.5396260900014,5.157917935864517,42.62115089976015,2041.8053623696785,0,0,0.3512138010100276
87.3371167649399,5.2259037392669505,50.85226089472278,1810.001023540929,0,0,0.08567324233096126
89.2529051288004,2.745429710963779,42.3223373486178,1814.9434000689268,0,0,0.1031416208856861
85.76534310041303,6.493540631555543,45.75068401839808,2254.016701631253,0,0,0.2095316783435522
77.88423752655386,3.6778494421595065,40.33047123149488,2295.396739441283,0,0,0.04568790385063301
92.5727456907139,5.135464698809653,48.390278002262974,2235.1470217239976,0,0,0.20806841873012644
104.03946457317794,6.746617610802906,51.992246427940344,2237.8884816336426,0,1,0.63516226381939
90.14721304626751,6.388515136570804,42.65542565487975,2170.7088611779277,0,0,0.40686280627111204
91.8021129379804,5.051500082853253,35.036704922742096,2039.456819023447,0,1,0.5483174769019513
95.54178204093488,4.456251495676897,37.25597488611416,1947.3860947037058,0,1,0.5388354685739496
79.84535602762641,6.421267862863351,41.40967151602581,2363.097154982466,0,0,0.16348763794264667
103.62011726503684,6.01204246671293,42.282490176253226,1887.88373885287,0,1,0.7961872446324598
91.61863037138242,4.072452469933805,43.49212567192186,2110.993764164224,0,0,0.20613447636881893
103.05485519271286,3.8076595294974647,42.3009884061502,1758.7961006137261,0,1,0.5638041280983282
84.13573603580808,1.891467227456003,40.0349245812797,1802.210288944865,0,0,0.048172219131120055
104.54449538046259,5.231047762525381,36.81900779398936,1929.1536296428321,0,1,0.8613231593838808
96.20124395227826,4.875953382472402,42.00569130632115,1758.818486981851,0,0,0.4569749534449839
94.42432068681887,6.7042870619638135,49.274936787403284,2239.35554764349,0,0,0.3855039325174488
91.87219563482519,5.53858264022055,45.099643027138775,1595.5897245364913,0,0,0.2941335163931767
88.01177105540441,7.0013437912590355,42.67351974818099,2029.768887014322,0,0,0.40009759457241145
99.60425326779098,3.9539536581257435,45.14783461911375,2039.7524290526544,0,0,0.37750959610702295
91.12287895878437,6.707225496451428,38.14467985549574,1456.7601265040958,0,1,0.605706127074667
74.26344237130279,4.206625431343017,37.4586742695834,1867.6928538429174,0,0,0.04892343659751258
81.06250830634399,6.166394092688408,36.26107447817009,2076.709861414443,0,0,0.2794286804027951
88.51323398245802,2.81186241120396,39.37356688615281,2128.6183979882203,0,0,0.13689513024193695
92.47999186532444,5.352702949049283,37.889970516454596,1938.7078374199502,0,1,0.5148965750117352
89.54729208880083,2.022968087831135,46.041373703260696,2203.0664613442145,0,0,0.05219540396049143
99.75176631834931,4.599293771087368,37.623382911589054,1967.2051228291878,0,1,0.6825257258128924
74.391185087691,5.66053099081687,35.98639141887542,2004.095873622517,0,0,0.11067196630438739
91.14870349204128,4.218547173153357,49.71288589415316,2075.496160695966,0,0,0.10559435973056278
75.45616619690276,3.4243435568660487,37.743123844593285,2278.0998886202506,0,0,0.04033488772717397
96.07769836387335,6.2691777039439005,40.76764228625176,1797.2845992753405,0,1,0.6482953079477832
89.24433028446398,4.8448058152296145,42.25661412371706,1853.9534382445108,0,0,0.23405769110422514
93.35687977619294,4.265644029453993,34.31653440539593,1799.3310524812355,0,1,0.5310139697872646
83.08893631528187,5.062843881731415,46.17741884751535,1900.34068515742,0,0,0.08022040418679721
100.235719453262,8.955003712918383,43.185595202056135,2427.8702774239296,1,1,0.8972895852543421
98.33379731247081,6.7302542746723155,47.79192005940391,2171.8175957989465,0,1,0.5685232005335521
94.6683544240951,6.743860502281761,36.603890313909496,1660.6730764493475,0,1,0.7596850170919214
88.96386202509247,5.653319478488546,40.4956289623808,1819.8659103233977,0,0,0.34715342004818495
94.63885828236106,5.2497279088657205,40.19677877497098,2111.8301672829207,0,1,0.5084646632625972
84.3448594561012,1.4058765675043756,41.31944247175011,1728.0476657201689,0,0,0.0340360633363619
96.8444452721657,3.981529480305302,32.726926257114194,1782.397987755573,0,1,0.664020345531488
103.19584715459136,4.279138380196288,40.55418189346111,2403.4878998522445,0,1,0.6809443102626624
98.5648844798335,2.1876619039287,32.86768044288127,1815.987311458044,0,1,0.5199118130136912
84.16318024154073,3.2638763146768497,41.79167035598461,2286.400044808816,0,0,0.07330211148457114
92.89133853818483,2.028745293616049,29.356754377407402,2376.5969568592814,1,0,0.42429006181514267
79.65486764993082,4.942514246453941,30.74206582854707,1779.9613726493108,1,0,0.2631427494059472
94.5791224894054,6.228148956273224,44.092743582199994,1733.0112330328575,0,0,0.4894523925792375
93.6048273029003,6.6601617779364926,37.26580772402609,1917.1603740556504,0,1,0.7103478568412167
75.04146928374269,5.6221766931188615,35.0607096318388,1673.4116837979125,0,0,0.12834303322150406
80.70572924870109,3.5549054882021465,46.35422810537774,2036.3101635508228,0,0,0.029859250244122088
87.73488882604987,2.1019022622200607,41.638131086642076,1938.304426443984,0,0,0.07064379959100064
87.59312202287339,2.364696950897747,44.36045097766892,2108.1740047658905,0,0,0.05685609864812683
80.32418451664955,3.0965261341182524,39.16878963839585,2419.083036869846,0,0,0.05676772871879071
93.11182983481747,3.666710452946488,53.39814346950001,2245.2454942310956,0,0,0.0710124604772696
92.01178887152409,4.76037725301262,36.97743069720102,2146.771932623707,0,0,0.4627265476401172
88.44584694417185,3.4787536728095474,48.72247774679944,1410.1854761096247,0,0,0.05868674764064694
83.9536679987331,5.508463840502392,39.69316979950044,2133.0127946307125,0,0,0.2181236652160489
98.3896570113325,4.65158974580079,31.72744802543627,2516.7882982113647,0,1,0.7993414913282867
103.24325690470636,5.0158185676115385,42.414243728740544,1096.843245105945,1,1,0.6858673325032294
86.1315081292277,6.710375829006807,41.57381280727582,2206.8147628926877,0,0,0.3427412244566039
85.10266466276144,3.2296523986994448,34.74339092880385,1952.1924275730607,0,0,0.1748313277259945
93.92966132329597,5.628056867438552,35.38890361432642,1745.0614990931167,0,1,0.6665991751078856
87.13576496202411,4.9790401572858904,39.87651178457504,2240.338575173586,0,0,0.25135194585633774
88.88482239469413,4.499770578545457,41.74873907623991,2512.9117701821992,0,0,0.21649511373333133
95.91722521379737,6.32788448129894,27.646683585602997,2232.569218651326,1,1,0.9093878227967264
74.72515129994166,6.318521231835511,45.265607262619014,1888.642414621542,0,0,0.051359596116037035
100.54641859882136,3.5802638060173577,37.527510130925116,1716.9590526775532,0,1,0.5992262273434827
90.58144419463473,4.726759124213114,33.34126257800912,2043.3882901368631,0,1,0.5220597793441772
86.70805484350255,5.421817523876098,44.705332757259654,2261.9507877144765,0,0,0.17408802262216613
89.2861267662284,4.590489877966124,39.88191010290772,1883.8840921298818,0,0,0.2700610025893971
89.69943484016414,5.877531998431698,46.08082888391127,1912.885102504761,0,0,0.24490099339395208
76.1503895724406,5.421788026865413,42.189761314898774,2846.6000749515197,0,0,0.06438926594250696
101.95950581962589,7.748841860534019,39.99242748525977,2323.595583787918,1,1,0.9046422599214666
90.33060505816495,2.7045812961053186,39.23635027509922,2345.0386035180895,0,0,0.1673440369478498
93.544017043579,4.816346015378904,42.413563802780686,1561.9142281823565,0,0,0.3460079248762943
97.61239816459235,3.637246232731713,37.93234370595335,1787.8433962119618,0,0,0.4928885320779897
81.83070033951759,5.9061611831585665,35.7371370562675,2022.4044918362717,0,0,0.2896479532146703
93.78777519228183,2.5742421649316833,43.04954561327322,1699.6587326344552,0,0,0.15354763611861477
87.85887127280965,5.51946906533733,39.277560792777855,2480.1191896667883,0,0,0.343160980386115
96.77416620173194,4.054927352977488,40.16783824034503,2423.0936919771934,0,0,0.45179624630286663
72.98218063718804,3.898757200818479,45.44689918077304,1839.936398784784,0,0,0.013368234158575253
89.20724559806985,2.8302526946889692,39.4306169613213,2535.1755819822456,0,0,0.15243815444598066
85.1774347537283,4.302386080698491,40.07516962770895,1998.7243709840175,0,0,0.15204616548183425
93.45810360507325,6.626750795436388,37.00175244274534,2776.8169152167147,0,1,0.7216049520164349
93.76035349894562,4.962216974705781,42.15369966990925,2043.4058391575109,0,0,0.38370779401360433
84.33899284142379,5.941520626811712,41.74913956340044,2172.8578250985265,0,0,0.2174325440694973
84.30260908659164,7.496962732949413,44.50387565895279,2419.9710323508675,0,0,0.28884911609755604
89.11467705154136,5.395633377233864,37.10435581496562,2383.290004942343,0,0,0.4348544960413067
82.82686218147833,4.161800641906489,37.71091515204907,2153.2196198407682,0,0,0.1415296395568399
96.73586956361702,5.700878322774185,43.96068699572734,1957.6579041668492,0,1,0.5120930287982526
87.04634239642043,4.183555780528562,41.261065016814314,2154.239809997936,0,0,0.16089708683469434
66.74409424542687,4.243365975054246,35.468909369036524,1755.1447484371656,0,0,0.022795653225977094
87.00142354702555,2.7201608005715228,46.532770338672506,2045.6401156592347,0,0,0.04711875191887431
81.69164943324822,6.3893862366265886,31.507747157998743,1667.2077402506015,0,0,0.45451483603721154
76.94979347631244,4.420996136525841,43.92142376631876,1465.7355079759095,0,0,0.0342982428753958
80.10058689421942,5.273147368723793,33.67393982000902,2015.128029241833,0,0,0.23681458039315031
90.87526777466375,3.4460571070900405,49.42894258242764,2378.683367201502,0,0,0.07766748733512265
100.62912662598585,5.653921444573209,32.27700136547188,2277.741392478818,0,1,0.8881297479335711
92.50547579091985,3.8570881427973744,45.76125325936374,1975.4263112823176,0,0,0.16521956122836323
85.14797289427408,4.7874369174472635,39.59182819994378,2524.096909452649,0,0,0.19739054177307536
93.64723356136562,6.316739046858689,38.16698715080628,1829.2815827460279,0,1,0.6513004540220536
86.32727751824807,6.186138968348794,40.92698328233881,1424.650201460593,0,0,0.3023586211231665
84.44319704669485,4.9669548912245896,43.15950169578907,1345.3696117397112,0,0,0.12461243570480682
80.76509865413612,2.3478034509399226,35.47799748834565,1645.6427178212848,0,0,0.06424617710369473
75.98536954598625,9.489215855090961,35.92106137415714,2244.9874229786687,0,0,0.48203163122504283
86.88061034752444,7.618788455409704,43.24802432556443,1809.559194959784,0,0,0.4094359543649281
91.26442791936105,6.0840122373324474,31.463285231752,2138.2875925571907,0,1,0.7414333375626381
89.22701063988089,3.870194327613544,37.07885453403957,2493.885015075193,0,0,0.28116463660304764
86.67226457642113,4.829611757447053,55.2034347707972,1669.9709112266582,0,0,0.03903602031075307
82.43403151442575,4.184869355335224,35.1599351770536,2143.549919538767,0,0,0.17876416468427414
94.86596953347974,6.8957839086445825,45.739013958798765,2161.688921796717,0,1,0.5314845068367352
79.46294464042732,5.393754336277751,37.07024615643094,1741.778603458069,0,0,0.1608224361499397
96.2082233107478,3.823754212460251,42.54522572398572,2406.263277573525,0,0,0.33600004540792966
81.9822638485862,4.293867351312827,43.27177845298109,1913.687883335157,0,0,0.07044289030281735
83.98051810117572,6.6817822138548575,45.64478367591474,1884.8741057260972,0,0,0.1821054877822233
78.26571847507458,7.400146770230718,38.998730865936125,2633.483965525392,0,0,0.25369049661759757
85.9887828249149,7.292497345229368,49.94442319377427,2156.8300227100153,0,0,0.1876075979410053
97.80249966782384,6.135548097580966,37.0533171770741,2277.5871649056494,0,1,0.7847780920195843
94.12502470755165,4.621062696796045,41.1711020679978,2406.4678794565516,0,0,0.3938308639691347
97.82737689622428,0.13772926200631908,41.22638466108804,1804.857800162235,0,0,0.11640445502342298
94.17714036747148,5.4457400357123324,34.39015940025293,2374.9463291161037,0,1,0.6925899798623629
81.17064137175704,4.99725686173385,38.570638725104395,1849.431765500699,0,0,0.14447678273188772
87.35368620537955,5.2099731444820305,40.807567496192036,1836.6129831985108,0,0,0.2498298911238536
83.7584069670603,5.080846020549809,37.839394784352905,1918.4000083075591,0,0,0.21740794909822223
100.64459923231232,3.0106067570762645,52.20461982728267,1813.3805495165136,1,0,0.15475961309929973
80.42569082858951,5.836112835276778,35.806881632002344,2246.646929797149,0,0,0.24607124613559883
97.14958151511289,5.948324471047775,45.89712234070214,2080.1631965435167,0,0,0.4958625297913983
97.14363096087015,6.023508173089489,44.282299065743935,1852.6326756148662,0,1,0.5514025205625632
104.6369616137287,6.41986550536008,39.930689327478646,2202.3515099464466,0,1,0.8820176840086064
86.72250725896401,5.906077467382435,35.673954730738764,1917.4452687840962,0,0,0.4472430406714619
95.6985772766413,4.384955882691633,36.15872339804115,1901.578888890597,0,1,0.56967633400257
108.25321469231073,4.893744728125864,37.41016350391745,2014.6051654704631,0,1,0.89289604195009
85.05886658453042,5.136687300880065,31.071293590268684,2139.0381066998652,0,0,0.4497529751442414
77.71967801974112,5.161549173659928,34.982672871003544,2116.9542948132257,0,0,0.1527043182893408
74.95991972873789,6.497326483957595,32.58761742318179,1891.0252453241508,1,0,0.23216762127780113
95.70169623089065,5.965503129533737,46.729375015888586,2254.1333622318207,0,0,0.4243779568969199
74.93479833553133,8.11601515935493,43.09231196194109,1933.2817546761032,0,0,0.14425603997531788
87.02144757649661,8.309703469827008,43.929870494327304,1803.5046534173844,0,0,0.47130898057392334
93.49850549631168,5.1194743739208874,42.94415975770974,1559.5935053697945,0,0,0.3610946790745978
91.48140429463932,-0.7549833226890543,40.83483811667082,2294.953544299706,0,0,0.03755675163034693
93.40355891347338,6.8552486991909,47.30340166064568,2003.7170228582022,0,0,0.4241372671119935
91.77831884640683,4.1894354915194185,36.94618672134131,2063.2617075531543,0,0,0.39011631961645343
100.23092650650715,3.79777411725349,40.53334827683523,2313.740874709855,0,1,0.5294821747588715
82.38146895408963,4.4023320875159495,43.73529413912062,1856.7781305206552,0,0,0.07333413706616672
84.58403889233175,4.33003542977809,33.393953840719355,1587.6802254577615,0,0,0.27469252706443054
83.81872443783341,5.918404715158089,55.482944480712746,2020.9342106645656,0,0,0.04258842942061542
96.64153449490088,2.660846331310662,40.14282881388793,2092.3884656240884,0,0,0.29451866793081316
97.2031887071605,3.383418881312598,40.70994725287797,1921.145280151888,0,0,0.366963632259832
93.60980255454807,5.514737831296125,46.284390158374606,2442.1212734228507,0,0,0.3238238461581211
99.46794933511943,5.934416045619962,44.57477666505112,1254.150029683593,0,1,0.6018448585184293
80.57567306098895,5.962312467404018,40.1903900969823,2336.0169913699347,0,0,0.16947677986645096
103.3377928924091,3.8194455816000517,40.65064719049021,2237.346095109268,0,1,0.6324468348254442
102.18590897369806,3.53260152610064,32.47925734526011,2137.031233310138,0,1,0.7819188306237154
95.88497597796598,4.240047749318121,37.21767111075012,999.2295351592711,0,1,0.5112620370358343
104.25439127016848,5.359809128427088,42.5860510807948,2385.1666349810803,0,1,0.7587495615331282
76.74701433857781,7.228216053908824,42.219464195214435,1692.0697668092344,0,0,0.13684415100700215
85.80441490989878,1.9288442213438746,46.105828750020436,1847.692406484984,0,0,0.029361907180852805
84.11757231454438,4.66890686456245,39.39749470888338,1948.8222005629793,0,0,0.16581348920902667
95.77183459005875,3.0009823384621943,33.063567432845666,2122.2254103955925,0,1,0.5148890698122734
81.59887408318284,2.5216359839697655,45.28365215387839,2191.828412657765,0,0,0.02445386885860847
96.05996119469988,6.450434968017225,47.18044673091008,2267.852166295789,0,0,0.4781666718345939
100.9642891519737,5.816936861749008,44.49122286428115,2244.756053023555,1,1,0.656022160833554
95.56162320067199,5.674150273920893,39.18183164571254,2075.8781612639377,0,1,0.618833645497728
92.27000818929201,6.38153875959649,45.221930259382894,2124.776797717277,0,0,0.3986455862968176
82.097013272794,4.280421654850796,57.14455239004107,1672.7738852533262,0,0,0.012841525832421409
83.22519227099708,4.351043725499707,40.57576157220238,1774.6919579542932,0,0,0.11427635476926812
99.99695124237333,8.278595925083861,33.44131653877437,2268.63806710245,1,1,0.9545640701103355
96.23479203124266,4.630143418610638,37.06857475223924,2251.1628460186043,0,1,0.5931293238606685
89.68784384497965,6.102698169581137,43.12738000152025,2217.139824933326,0,0,0.34761303437807245
86.65672363387287,5.009572311444972,31.975978445509686,1845.6749715030417,0,0,0.4573645748935914
73.79353701510898,2.2276122048823774,40.84701537456035,2273.1476395831087,0,0,0.012784034349083742
81.43318065052449,1.9330564942980977,41.90168325157941,1651.6266642558926,0,0,0.02688466518559034
105.29135269711779,4.131523670090143,47.67560869906326,2323.207942958682,0,1,0.5191133972559959
79.75635543198027,6.584151877504984,46.550974280271504,1921.7387596262329,0,0,0.09532059354533903
91.51583856976865,6.182437484954006,44.32292395875886,2505.25112190219,0,0,0.38485720951774033
98.05955178556158,6.37111574633605,29.18660494742735,1543.5673723803545,0,1,0.9156407889092446
79.96061865598166,3.519430731595527,44.60526564023962,2529.0212137755566,0,0,0.033993313940951835
91.47768379824866,7.423808735183471,43.527566930301234,1891.5607012509615,0,1,0.5392026523589983
97.50332430008524,3.5526600497204237,41.27972188539173,1886.1562231964767,0,0,0.37759924452523735
90.09999457525801,5.319236598004953,31.348889369272573,2058.451645695679,0,1,0.6334801183526553
112.94722444533414,4.984471565138395,36.116130454064695,1790.876326159791,1,1,0.9511036740614482
76.65120592897443,4.73918926952812,34.16588615232967,1978.301299609308,0,0,0.12307478441109754
98.46982823907103,7.00788820744341,29.924957802464547,1778.7121204187436,0,1,0.934488582388074
88.61758610082829,3.942334219751059,39.98542424292603,1789.680940706244,0,0,0.19686661241770534
96.1753612386934,2.975592116432108,36.010889392786105,2146.0657850901716,0,0,0.43361649516869555
93.53045721359396,5.029993229309629,53.12652790134456,1729.530351408945,0,0,0.13184647217647366
84.13475042312002,4.40025989857021,39.15614030281045,1769.5417294983554,0,0,0.1520622326948312
91.83197113967472,10.06607437862397,46.4687657793298,1588.1626250760773,0,1,0.7372479428442318
75.1367883888137,6.014761214659963,32.15450487653388,1848.820796011598,0,0,0.20721713682511925
94.82598000457115,4.385989137172063,37.34955206997565,2393.4806089171766,0,1,0.5103271726079854
92.3852677279242,3.41583264621937,40.484489380171574,1746.2199079691095,0,0,0.23368604393133233
95.10928134914482,2.179567384146823,35.459230256961646,1780.5100204438277,0,0,0.32346436965182057
98.4649466006972,3.4621713713938504,37.88899657597628,2058.1765839444606,0,1,0.5084557980850696
92.94095872167769,5.172412657638698,38.91024546878231,1888.761069860142,0,0,0.47714311100660756
91.18471535838621,7.140992977392154,38.83046007277553,2668.446330004895,0,1,0.6530825840543001
82.95145330670967,6.682533713581878,49.27559286517673,1951.2416105971229,0,0,0.10901357481752216
84.3022338908076,5.343642247469569,41.89113142715755,2100.5655038652117,0,0,0.17020029023126426
99.49387696141865,4.515248501446273,42.397552814706515,2283.1306354397966,0,1,0.5268712079092001
101.49068324564783,5.403218534618231,42.698273871725355,2277.3733597588553,1,1,0.6808600550643567
88.09511650950357,4.222043003773136,43.06313188668556,2069.9862744672137,0,0,0.15176006027165312
90.36802197802619,7.577545993645813,39.58556508062567,1951.6617539941997,0,1,0.6400827740463296
82.76308500004987,4.71621472808738,38.39626814260577,2607.208560913777,0,0,0.16627695813826412
99.38205476213956,4.87049321262991,40.834080297591385,1970.0719174057201,0,1,0.6064650436165355
95.32333458953423,1.676266362468998,45.78401974456736,1867.4929686714559,0,0,0.09614118226034335
105.52973949170999,4.706847730215854,45.63119094218192,1806.2453035117944,1,1,0.6454156591683582
82.9734153825621,6.254726206947412,38.79800762155794,1481.9590391879733,0,0,0.2688668007660019
86.97593680785427,3.398416134442182,43.83921847334056,2246.484725671149,0,0,0.08759472455144215
91.85156738020459,3.873919498260781,39.02707668480166,1295.579480869752,0,0,0.2896597972567496
95.17191630180616,6.189066526600497,40.16935274717622,1998.2831477285238,0,1,0.6311532271388088
88.27465889961894,2.78501416472292,37.63238309222901,1938.5418097185845,0,0,0.1571637622594896
83.0163112763704,6.586701511312878,39.09177430546883,2671.9895576694344,0,0,0.3103543881550144
97.05126023138857,4.201784164740347,46.7066503477484,1450.504631385912,0,0,0.27288057988301184
95.76908290036465,4.417147669263196,40.46210573669618,1729.6690139046927,0,0,0.43757205564836615
82.6698071954902,3.3141823923116087,40.67641254276159,1959.1710623955053,0,0,0.06890376257101828
100.84354240884397,5.567069390641825,32.76391110371021,1940.7411987592495,1,1,0.8784076471803052
99.36158967357284,8.68980797754407,38.45378046183635,1835.1366227569865,0,1,0.9228675809140786
91.07437197798234,6.172245859190948,38.79342548127636,1975.7036271793497,0,1,0.5321513174333862
90.6367828990083,3.7035721070891965,35.85428257278298,1622.1311813390776,0,0,0.3269673585046542
94.43246216892726,6.703430878237214,40.108327058517816,2107.157863698482,0,1,0.665035384906124
83.10637543794994,4.524980681098626,37.854088548861725,1303.5543973767267,0,0,0.158227092470759
90.24025183331266,7.061727472141339,40.39997927621791,1992.269193236823,0,1,0.5547254656871017
72.78093164312656,6.210014603246544,40.60751504909467,1819.892991720928,0,0,0.0657895793568345
97.01164516402349,0.5852876517924006,35.22122821088678,2304.8863828269905,0,0,0.24212580333403877
77.50805422046513,3.493880550567459,38.00649108758405,2526.5933211899915,0,0,0.05381628223461157
102.027358627432,6.416577834253085,40.386871413804165,1900.6843493748927,0,1,0.8273586982244299
87.3590392482684,5.227485908217527,45.92149715578363,2417.2177787424293,0,0,0.15461036764397018
88.30666414455058,3.464366078438224,41.283595863978704,1905.1651158108768,0,0,0.13867906349137835
84.97812875132395,4.049615726759281,36.69032410041286,1710.162043061273,0,0,0.18938371311468477
87.69568900862339,2.140645069865929,41.995023796219265,2523.771089655686,0,0,0.07107887500669563
101.34825076118429,4.867440068710406,48.537744446608805,2156.2329334202022,0,0,0.43625509656720324
70.09753074771936,8.316034589023646,44.58353236294509,2001.3315567829443,0,0,0.07248566611937694
100.2157230887055,6.207400086098488,42.7376326521781,2206.1532425295945,0,1,0.719138273300902
92.70418784881366,8.285625501782635,43.62795087741161,2082.26451053905,0,1,0.6739337662435418
80.34382681714227,6.32359563468497,47.19977020714315,1979.2341776175447,0,0,0.08576535666691269
81.3975008556061,6.5412190150290375,45.3781339700883,1602.069551807601,0,0,0.12857824886106736
103.41114421766562,7.961118031617536,42.83380190558829,1918.83897885162,1,1,0.8969646562165968
82.43594496045814,5.5658948890133395,45.34321109795042,2186.9766270375417,0,0,0.10210990194403999
80.77319591523232,4.719159017739679,34.5917445186797,1963.168572293957,0,0,0.1898329352320756
99.09851633891783,6.548986274933018,32.488673738298594,2270.6977283391157,1,1,0.904033731342791
92.70842301028732,7.1807603556828274,40.78549325321915,2115.0965071600367,0,1,0.6409340327124229
82.49659538770881,4.280053035931687,40.343403548252695,1736.559104574378,0,0,0.10380974531444044
91.73299980323695,3.917646376489956,37.28044973243371,1604.2484126503628,0,0,0.3426235136811203
81.79397853087778,5.208284048646321,44.12926334913855,1952.8464500209495,0,0,0.09189366995229295
98.80657118738084,6.247248300397493,30.68568206774382,1842.7314655686237,0,1,0.9057118091810612
98.49096771898508,6.197136572992342,37.32613871971098,2100.896542886506,0,1,0.7977046717883903
94.25604959057554,2.863748599718601,37.57522227561193,1784.558702371181,0,0,0.3079955821151943
92.89328848997613,7.867409100594982,31.818491074502703,1815.3823022735369,0,1,0.8845776183400801
104.08950499893899,4.038252605904725,47.47365503634652,2315.920915278474,0,0,0.47263573078748394
89.9974906191058,4.602402504667131,33.20399365668339,2044.4608905883695,0,0,0.4916844266717889
80.54500699663359,3.6460184600182703,37.05829971346157,1789.1818803718122,0,0,0.09099975111798769
93.59579130265845,9.047493253905632,44.53989878902567,2005.2925426205059,1,1,0.7467352583149127
106.68837639629692,5.363106005431951,43.23022671714366,2413.6733729005045,0,1,0.803492298274725
81.88192405451318,3.7235373789776527,34.459126517576266,2088.1360064824166,0,0,0.1506360119018108
87.10829786644811,6.295885324943669,43.41244604630318,2177.885242827539,0,0,0.2808742225302939
93.33156830481163,6.15370366896505,41.448922393291106,1774.3296390417672,0,1,0.5215783491771849
89.56876120795408,4.718409464630174,51.66517781055734,2307.9258131403803,0,0,0.0863777449797536
82.14157135698149,6.2609100691750745,42.019702080341524,2695.4306781391406,0,0,0.1915458400750658
98.97486284984376,3.7620620587537035,39.29379089465734,1762.559707246144,0,1,0.5114151053146274
108.56032577613807,4.260622587576122,35.717490214402886,1645.4318076884033,0,1,0.8870794479703205
91.56905167219126,1.9846750181509059,36.278783165222144,2052.6626731505444,0,0,0.19648360025283024
82.76745368211199,3.014073373670656,35.87115452265921,2262.651514953323,0,0,0.10912922059438648
77.6083157995722,7.711446208506029,46.85549406955961,1972.5830983849216,0,0,0.11240026006648862
92.06380784976945,7.462142941583472,40.089849575082354,1684.0380811872012,0,1,0.6632798833821829
98.83101874653006,5.098682972973444,42.82623561987365,1967.424751465883,0,1,0.5518681543727435
93.80134197196305,7.494397170784756,47.57123799990443,2179.4276818332364,0,1,0.5055803981788013
89.98076927264917,4.759888270087543,28.207679288962673,1877.8904519161822,0,1,0.6588438568702032
85.28582678568554,4.634884546148138,46.39436882350188,2182.1765053264767,0,0,0.0880469950525112
81.26269093825528,5.084765972698334,40.27698455891667,2349.413235571973,0,0,0.1292389411750285
96.67801061059906,4.812617607014652,42.17524185820222,2072.069187731134,0,0,0.4662045822136456
97.31017297108468,4.677205514659729,35.85798389125874,1991.6156686165123,0,1,0.6648114731328669
77.63416170647413,6.715097160724329,36.22437800775741,2248.8031775678846,0,0,0.23906077552482444
102.71871182544547,5.225203480934304,42.44422944906494,1743.1697517688308,1,1,0.6992417785900727
94.59256976715201,6.0687226466507065,51.92298900165735,1713.587049892123,0,0,0.24858521797442426
101.19675716116635,6.547070787915996,45.01656656407451,1920.0283145213043,0,1,0.7163192009977831
79.26297801211908,5.5822786934821,46.3276146070927,1852.4361635556597,0,0,0.059665914746860324
79.07340675667649,3.544593011137642,39.0399936486929,1758.9974074128575,0,0,0.05694870057466255
88.80824552186162,2.970701166553942,36.998978877071856,2549.1405424996324,0,0,0.19813575658523166
94.02227541516156,5.223170952210958,36.095975242105034,2651.5979628482874,0,1,0.6202792488272915
104.37088658341571,4.743115542762598,37.55863137651656,1893.8884873233253,0,1,0.8147507367031663
95.64863131052105,5.131087143380182,29.736087834147373,2027.5156849245097,0,1,0.8082679173179055
88.05854978550373,4.97591894112712,36.37540328554199,1943.6471539808626,0,0,0.36805116296109364
81.78904633867286,8.87536049024985,37.19823421970079,2332.2497720354468,0,1,0.5747792307937544
99.8400045817532,3.004660616537993,39.12320912802579,2391.693668552014,0,0,0.4704324234876086
82.28235659399428,2.015080595268313,40.65875054873646,1466.8208603931062,0,0,0.036003785529337196
103.02774843817858,5.498565250279414,41.81225434312805,2142.8032400196876,1,1,0.7539508259005443
87.72492280314792,4.435366168117707,39.9253731377852,1607.9535976516554,0,0,0.2127719848686341
102.7246565809428,5.474101804594927,37.09278456828621,2527.4816473625833,0,1,0.8441394914290885
95.43145032047423,5.875824533426002,30.183206783672397,2132.074409063119,0,1,0.8458053115158121
88.90403608446033,6.926157042768346,37.12345695799103,1752.9951384912092,0,1,0.5912090267828495
85.844829025391,2.7391612694240925,35.13774681156497,1927.603583618644,0,0,0.15115779462005444
87.27273698123136,4.164923153214255,42.33033374139302,1913.3068225201525,0,0,0.14429851924091894
93.4265335390019,5.6431418883211455,44.54643698346847,2157.5338828657445,0,0,0.37709394459593193
90.61725196974173,6.15569539353084,44.6928553352997,2312.5737812532434,0,0,0.33921050593251173
85.24950873545036,8.290174325432579,43.7847636806391,1655.537812408487,0,0,0.4101401170119941
88.67494871745895,6.4335559566708005,39.33237132273756,2551.626350273634,0,0,0.4710504691347424
90.62861623775319,4.9148171061705845,37.39022217262052,2481.707032346253,0,0,0.4252128742850545
72.9701272446815,3.6643463705860073,36.26448623166467,1737.4029297226864,0,0,0.03711858080724695
93.66534491830959,4.153565220921471,32.46250541699125,2021.8405383086929,0,1,0.590337680224296
82.16223020226555,4.11094576556434,44.95926850253929,2513.2425632342947,0,0,0.056665423138517156
80.77334077435404,5.982850442770641,39.12644481035013,2369.875576003245,0,0,0.19540301650207204
76.50124522311432,5.3854961683787455,33.76829853189563,1898.9770909856313,0,0,0.1622241207695588
75.64886001705688,3.0145256437367314,35.867543121448826,2244.301944370362,0,0,0.04326599974421275
79.15641997510168,4.346147796364351,35.66513271783724,2899.1594875157416,0,0,0.12763320285662266
84.32783233895607,6.316321330177131,40.215122425075634,2031.5479945553636,0,0,0.2839657204827821
105.62607310021255,5.527493532461088,45.33733925535343,1810.2055245679942,0,1,0.7365444915981233
85.79296259283836,5.852966924019156,38.260052252022085,2051.72595562742,0,0,0.3352300039050255
91.42200085014426,5.5743825650858945,28.737332426081753,2073.9656286491954,0,1,0.7651824993554902
93.20385109205063,7.439646101913289,39.0540983242054,1842.6389782999706,0,1,0.7248892974605579
91.0485214897268,5.354064595736555,39.21903049951402,2132.4875203442652,0,0,0.4267281005385135
89.38045231419206,4.420965803193953,38.875398845322394,1623.6796820817497,0,0,0.27901285084368316
80.43764989120604,3.626367438299659,36.86269416762149,1800.3398398973964,0,0,0.0911183490438468
101.6074203862337,5.374414187314568,41.08719540362921,2227.473432846439,0,1,0.7233900624483456
104.45757314910308,1.3389439778373742,40.33070557574501,1473.5387445373246,0,0,0.38824774313009636
76.53873044701851,4.723566497250932,39.87584842936676,2270.950277598433,0,0,0.06359115163231578
81.80777127290897,4.691240210117984,42.063206807214826,1396.4055902882892,0,0,0.09087176184981827
87.76151726098395,2.9532937195740785,37.85083588426073,1480.6026263371054,0,0,0.15030674690149745
82.28369764071847,3.607601242016006,37.56707165149673,1850.3063770832343,0,0,0.10562556825487773
94.04772442764693,6.214486295222362,46.900616447927,2086.0591528458053,0,0,0.3882992811687233
84.1738223807471,5.346067623612444,42.796777048577184,2397.5790809382165,0,0,0.155028882075057
107.32044854245282,5.152682500560991,44.134730304714,2017.2868289478786,1,1,0.7787773182393803
99.52438875474877,5.459521300898034,46.130522926670345,1926.033917727203,0,1,0.5126250601843587
91.70059224505772,5.138941381923385,42.629720903124,2173.874374395441,0,0,0.324748812344107
98.21589010655785,6.864293844287472,44.641943395680855,1738.7303538596198,0,1,0.6661107977104878
98.84720339485847,5.185143772555473,32.1032741896487,2041.8245478039219,0,1,0.8337649289158064
85.48842009553405,2.8126803292718745,41.020769359980136,1640.166122613392,0,0,0.07547387879683408
83.47026204366428,7.445194947311616,39.08640769092836,2024.777155062624,0,0,0.40559695785079425
90.62514450375718,5.555510400993269,48.38842045449905,1961.049102245179,0,0,0.19251967758952324
96.89308899598355,4.1161194038073985,44.6382276590165,1758.7196235651747,0,0,0.3188380696673025
91.11248318922735,3.119897422557472,36.847774046034104,2049.5121909613217,0,0,0.26476462921225674
77.38402814247202,5.593871331437068,41.86397079264603,2047.5648959478929,0,0,0.08040141415207792
83.57740444839327,4.824241992538437,40.8384066672462,2352.6362037017407,0,0,0.1449497856289975
89.40821709124498,7.361220179048614,42.27165716576114,1518.3099790811636,0,0,0.49314987007812416
89.39467516539335,4.4811390789997585,34.90578765312674,1977.1853276908873,0,0,0.40289620694290473
105.78033741431847,3.7439288154762997,41.800082326191124,1771.921280088956,0,1,0.6621376403054747
78.91209646080802,6.343694327353893,38.85924325355883,2260.9286174528875,0,0,0.1849913012434138
94.044713934687,6.387922839075247,41.412248820278,2226.17361955764,0,1,0.5815494573485853
101.91290486662632,5.252977051415293,36.37807417438915,2152.363953520586,1,1,0.8233328141059867
108.17159796338237,6.014535571512362,37.074684143017,1788.850022579161,1,1,0.9341981624050072
86.7648206145283,4.943469318886643,45.86921010183352,2265.6411748820287,0,0,0.12825246926440897
93.9314356217616,5.35079765151387,34.742262208299195,1540.9607213770005,0,1,0.6532649892741816
94.55808285758917,6.747486323845885,35.11122799478976,1479.4067889221685,0,1,0.7881687238281312
91.56385385242632,5.937977501032255,39.74209371392211,1617.238700029423,0,0,0.4862776889777012
89.20923839008555,4.7460883425010625,36.14054812407023,1989.9575569019282,0,0,0.38872468774355046
93.48780311600036,7.028543818889226,35.574856838686,2202.549320296488,0,1,0.7830802418879388
69.74203131824251,1.4527169408127314,40.525379856041475,1107.1902577971427,0,0,0.00492543640642634
95.45655592050105,8.078109967132903,32.47467071548148,2396.822849563936,0,1,0.9204379660236365
91.00942322929573,2.441061357663897,34.960188825431814,2039.3336588535303,0,0,0.24779878131239033
88.22020082577387,4.059360762841556,50.27047791461822,1529.6682957230673,0,0,0.061402133944755355
106.37489756575647,4.9386236972073965,42.29737529484505,2030.2840910868742,0,1,0.7792064268940387
84.60052784967559,4.780278993907758,36.267183238650446,2327.757624403526,0,0,0.25445574770152696
86.77539208747976,6.509616560039833,42.09107539133099,2179.832304591878,0,0,0.3272107868794917
105.93242641763787,3.4132450720846483,42.836652384933146,2329.72191876619,0,1,0.6101786521744936
83.34350956120115,5.391150226224595,44.97207210045119,1590.1260111808667,0,0,0.10709551293050208
85.5990777365077,4.132681852670369,39.364219852716346,1875.7984294584787,0,0,0.16027935977181504
88.8237966125532,5.442711469006125,44.882488513864445,1722.5923308429403,0,0,0.21248264566896224
96.7258758570364,4.902841610303185,29.807767375589137,2515.2740615132952,0,1,0.8187760832848414
91.66242005882651,5.139403479024467,34.718459347621234,2191.808853045989,0,1,0.5659578145761435
79.65899722278189,4.175112751303482,40.81935700868228,2854.1028766872923,0,0,0.07004723724701023
85.74265149498248,4.234904074855876,41.64816766403896,1859.7171399748318,0,0,0.1324903199959566
85.1411645343023,5.430908771041141,35.44108856165679,1782.5977364953087,0,0,0.34713865534423166
89.38223163821563,6.415573258634066,41.2970999563158,1957.1520084214549,0,0,0.42214956495246575
93.40674926903863,4.102580998703228,36.8807987565637,2413.507166426765,0,0,0.44344947329991247
93.34564604710377,3.6968486831406353,38.61520452886417,1890.1640931873958,0,0,0.33682865149699853
75.79190596761278,5.9201902485077555,45.123869003325055,2037.3312793720834,0,0,0.05104957802684747
98.51152790048685,4.951244160413466,44.544687484442996,2029.0072108660459,0,0,0.47058792506039887
92.02055076797299,6.245747200978927,35.01469836318369,2011.8490283606568,0,1,0.6847609894189354
101.07625638075125,3.641304179943279,34.71374268989948,1804.2804618612565,0,1,0.7040204017993427
93.55358661832537,2.330841611864854,37.944133022233416,1958.81267962689,0,0,0.23355565225098504
98.8105836618861,4.200493877260499,39.866268494135376,1945.9692195945927,0,1,0.5410638642620588
93.73236249160101,3.850471086102476,36.7105075571263,1997.7306020976052,0,0,0.42452150806146066
100.76980604962199,4.88181739987955,45.20321221399834,2283.0550454458125,0,1,0.5249576980439342
94.17800508814223,4.0447321785944155,41.736949208542775,2528.1884103873476,0,0,0.3201990894428327
89.21667802845677,6.111525427004674,42.03042554937215,1747.8695711990879,0,0,0.35797959195189244
108.17947776357505,4.567774606366226,33.66730585527514,1882.4019125636855,0,1,0.9187112593569398
97.11229697823913,5.225711748160851,45.8364535869189,1752.496430478144,0,0,0.4087429081518683
94.5899553680353,5.2364518376614155,25.899155888796546,2056.130461166682,0,1,0.8613809178650322
79.78956466769331,5.292432638618281,44.170277259246845,1838.495162746707,0,0,0.07274533139448047
79.6935390602917,4.96380633431754,44.671558688353855,2071.9390501225967,0,0,0.05964310030951034
92.34172385713482,5.76590103561547,37.83799406361019,2331.088073133436,0,1,0.5655396105138332
91.16416958214593,3.8065172992612886,46.36455108623712,1242.2504942586174,0,0,0.12383919934338523
85.08701947993347,7.099126889980825,39.68451223522827,2147.533966880207,0,0,0.40541965046070555
91.12786159689648,4.645193924947197,40.31215851663721,1861.9438853306362,0,0,0.31704846005118237
102.70901542434876,3.0326762931519777,41.697643937021084,2138.1266803953167,0,0,0.4882457645966054
95.5632197964024,5.282110035487659,55.93287455905528,1731.0591686749399,0,0,0.13714051725489745
80.87193192197809,3.723229276328772,46.722169540415024,2358.8782964920624,0,0,0.03214023984625124
89.10792938285645,5.998001801763312,43.50565600356459,2273.984185412085,0,0,0.3093878567637159
83.5602681531795,8.314408364063567,35.435977566994026,2170.505644562793,0,1,0.6231224306493207
86.89840066873151,3.820141862663225,40.71794912739746,2237.9677153430293,0,0,0.14611913353807882
86.69107467496286,5.498558499835977,35.93437953076807,1776.3138598483479,0,0,0.39019716070031507
86.17883533916796,2.3667416169430586,44.11055423641407,1814.112873593213,0,0,0.04770755107027138
79.95891702421284,5.680857844162021,40.702334878674286,2225.730860245244,0,0,0.132669659178937
88.97876254785447,3.671429300300465,34.377391601930526,1769.6812571694163,0,0,0.31607941118552985
85.51513890522152,4.062748072348277,40.405622917092515,2433.690513997426,0,0,0.14253641756053584
66.56441047998186,3.348070265240258,35.75291265141847,1902.9226786156905,0,0,0.014459106049500023
106.4237761960133,6.098226839082104,40.75608110668774,2150.5683169581866,1,1,0.8813707641073792
98.71015723373338,6.510956536209894,35.704613418173714,2629.774855776527,0,1,0.856698910415238
86.98959420060004,5.035077821987762,40.13743816680407,1788.132993779577,0,0,0.24057964292891165
90.15055239792478,3.7033599419964203,43.75234930967547,2020.6285252534349,0,0,0.14642828754401843
80.62676522145951,7.384284554155793,39.73474004037447,2316.254949391192,0,0,0.29514497095272696
103.56578302248693,3.8743848083680157,38.045558664138056,2285.3832166629595,0,1,0.717664167128561
105.17830955818489,1.756951550108842,41.016381105287316,1901.6554069281926,1,0,0.4454241698435385
91.2535498259722,5.687583514935603,43.485913103964265,1844.9808687434438,0,0,0.33799590291804815
98.18824515348275,3.342837989537725,34.4640836505912,1930.0592202364844,0,1,0.5902472240921101
91.40229423147139,6.4829131902487624,41.30328077352601,2434.3573298454094,0,1,0.5077578471198617
79.30619648899255,4.428293454989872,46.587704095087,1916.268243092016,0,0,0.03516614044406044
86.70541304829074,5.9055698608162945,42.86828481638358,2023.4347077450395,0,0,0.24640178561158893
91.05542373417566,7.102250519828237,40.288770733336136,1871.9640587229724,0,1,0.5886727487654612
86.36361825005244,3.186711703068917,43.19868753349447,2211.664569438796,0,0,0.07959470844496334
88.25077378051971,4.151094303661392,42.26248228051341,2046.657511275097,0,0,0.16355455215873566
89.26880353992708,4.886493391014405,43.76800554579907,1698.9698567725313,0,0,0.20348834976298608
89.35297201707631,7.306326978551516,29.880341945085277,1709.3527657895017,0,1,0.82065671470169
90.41806792397986,4.0124259230893315,32.232719331683676,1400.418330033348,0,0,0.45841201843076834
81.51515946882719,4.1082444560764895,45.024145747416185,1750.6035772623152,0,0,0.049098747280759615
84.26387080697651,5.717210863333713,32.4736041191928,2238.1837410896514,0,0,0.4461666564765175
79.72332587440025,4.134156911434143,42.00769317859603,2397.12816140368,0,0,0.05857938187949944
97.8225243974896,5.228788824346425,38.239751719838544,2205.6675089651553,0,1,0.6734077556273851
73.1548244652774,2.67269386854781,35.019053772020015,2166.3896601922042,0,0,0.02929883416869455
99.2287227465354,8.321494913834895,41.74824878573737,1962.042185141405,1,1,0.8682066387854163
101.09079517810275,2.978436154535895,41.00516751858285,2232.474366474196,0,0,0.44907203857750594
87.58255530413904,4.517370944014687,50.55171326048189,2085.8834669245653,0,0,0.06893079603080875
69.1749032973816,4.951278446236858,36.87594397732055,2541.3346915961374,0,0,0.03853218113323017
87.10951550426168,7.869032201535194,47.20055060034587,1970.4664057469754,0,0,0.3299551982940458
89.48652670968944,3.01273132860089,41.76211457192157,2402.9024251208393,0,0,0.13051217294815595
81.91521424056869,7.975556203218127,36.69489059228644,2262.234224545358,0,0,0.4908369786432261
85.87825284953406,6.135765231653034,43.996232287586224,2220.6329858612476,0,0,0.22148682301538186
102.24156159090681,5.625642986634869,42.828692522269755,1396.5526023614539,0,1,0.7087841300866752
95.31941729841392,3.523049469473067,40.17921647429024,2278.7568684643134,0,0,0.34226505335881696
82.6034870849752,5.856711863057111,41.33147678220312,1961.747606327254,0,0,0.17888388781947476
77.21920664323655,3.9147700663703002,37.01506484477234,1866.8220516695324,0,0,0.06709285726566312
87.38386145912183,6.899991879797618,35.871064373727464,1555.126087646626,0,1,0.5718553298708888
88.2923457651965,3.5434069563384005,43.79721086911292,1998.323859809545,0,0,0.10873192800380867
93.96959349890653,4.830262258315874,38.88030287843363,2010.0654790454728,0,0,0.47668993859934333
85.71746629945872,4.167090367980243,39.59958500875454,1609.0994234555587,0,0,0.15822788241923538
94.0919966028949,3.518715556359508,41.399107979721386,1558.0159481318924,0,0,0.26311268865316656
105.48123232048184,6.111979725361872,41.32644172391904,2145.9858440384332,0,1,0.8590532060141369
96.5240081795541,5.8031881211144505,32.85336764512968,2261.5115393184133,0,1,0.8164084745282365
89.61529194135382,6.813515298351495,46.43126043227429,2057.0848729767267,0,0,0.3227722541266991
88.53479623157364,2.330187337687749,40.60591075950339,2345.250394905309,0,0,0.0995994168968327
87.14661492656103,6.596256053511565,38.986733685889256,1974.0845046945503,0,0,0.4378492326011015
99.44512729961716,8.758173358035341,42.15423002584873,1983.6946176799393,0,1,0.8876330729319292
84.98149243238957,4.322538366234579,41.18271096807432,1724.8915913777628,0,0,0.13063201169028982
90.36178167199986,7.842722918163455,43.83531344744851,1531.9274067338847,0,1,0.5326816748918376
90.40958321504868,4.60525809191026,42.6899183607547,2556.3986401578754,0,0,0.2422336686499377
85.98572645750774,2.94138539365804,43.58923114498133,2339.389715074924,0,0,0.06570427242594365
79.0202756169272,4.541551336389807,46.75496952863758,1582.2462298584564,0,0,0.03411416350843995
92.58379602894135,6.572305951512914,44.41812274485486,2046.725572349384,0,0,0.45442414872288667
89.51196822515693,3.742735276502703,39.19756889835719,1969.9861066689,0,0,0.2208023158561677
94.00192375549256,4.09949201149027,34.385494219615836,1917.802258051087,0,1,0.5342298585234595
85.73119754848666,5.890309148439786,48.338989665022574,1877.2946456555183,0,0,0.12308965655427638
99.76657039050438,5.004590175107859,38.811383133264435,2114.380744090394,0,1,0.6929185178104887
82.98580975030524,5.876934428730111,37.63446293319739,2245.4526576414423,0,0,0.2740660078457194
103.69632227214314,5.356744311137504,31.316365911177805,2120.7173507084617,0,1,0.9223672589000133
76.01890792137391,5.71943797932736,41.69236552656056,1963.8444876862418,0,0,0.0721623159581604
93.47816051645513,4.351548221285689,40.74443301976885,1952.831984932664,0,0,0.34921853573623085
93.80344546021298,5.347596413045589,32.4244253187526,2281.0442950768,0,1,0.7225662301863465
83.63554345647294,3.6089404914560994,42.266370210665876,2139.033481434819,0,0,0.0743416120858527
93.3951515028881,6.932650433755082,37.50904039649281,2021.80683891063,0,1,0.72503491906374
100.23614935808126,4.048587924774029,53.45157503644347,1989.2296107199677,0,0,0.19426647516235473
72.26544928516748,6.6932712313240845,37.15319403954566,2103.5811528836866,0,0,0.11442311347871496
94.02195845992652,4.649589558525702,37.82403333901103,1859.4953934321652,0,0,0.4885797575202162
70.05383343735937,5.302998516135982,35.626118878728164,2246.461645192463,0,0,0.05767280679267612
82.27468157181434,4.257553173663949,46.38938260520986,1677.24243144864,0,0,0.04897441203568327
103.03333091920756,3.4760068532479567,38.13612102767623,1876.5630470700555,0,1,0.6538115114538523
85.34574373286357,2.382859418592048,36.37542923117252,2183.331828633807,0,0,0.10919237783539919
80.60896028472823,3.417013762111311,43.534775049602715,1660.135155993718,0,0,0.03818073300255317
88.41649816812254,4.514136720176118,33.09823532293407,1528.0974372051498,1,0,0.4215282443523896
106.54325070530842,5.317818768243326,43.12555273124474,2018.923302628772,0,1,0.7947449992256777
75.3465420223518,6.515568969924895,48.90699858300429,1491.0625536660586,0,0,0.03819576283056022
81.58952070688524,4.331363810304727,42.833039164175446,1610.3589337844414,0,0,0.07027592990738539
101.97945346543702,3.677058853599239,43.18949158129963,2226.9782355519296,0,0,0.4912585383025391
104.86161874830186,2.835927820995931,44.35030108453742,1938.5644227182793,0,0,0.45370283219778856
89.17255020567772,5.720095426856156,48.54854014337759,2385.6460849126956,0,0,0.17468511170219508
80.08757837978686,7.074791772994015,46.04946980009552,1638.5556977187634,0,0,0.12636733221082383
106.76674801447328,6.899495401934433,42.19834861136512,1971.8142903103146,0,1,0.9027488604535716
102.75553913399358,6.064899122220856,44.51945700318001,2119.8753659623276,0,1,0.7307667546349744
95.43157590209786,5.957814975901399,35.570325372674446,1648.8455209613273,0,1,0.7360425010353956
83.50078120850064,7.546435669564012,43.88146795373661,2309.5285713498874,1,0,0.28515857916373183
89.60776527329571,5.498122192125216,34.97222014408126,2153.203664949812,0,1,0.5271042405159438
88.71711935164136,5.969194514036257,38.16488790684187,1517.2138739937698,0,0,0.4388347659418548
92.64681043692462,4.518824207222002,24.58718912428381,1988.6774611374199,0,1,0.7999120885090296
101.60801150505068,2.956934943717864,42.00714829683731,2115.78702087759,0,0,0.4312766127613533
97.03533632909922,3.9742266492506357,36.78063994445824,1822.9829979415827,0,1,0.5484116614305033
81.38099138412193,4.986261442198017,45.55572607602231,1556.0405283473558,0,0,0.06549234565638216
101.0119716001563,5.091178058751955,41.95096305302702,2083.537636834223,1,1,0.6521463427888685
92.50505712010525,7.8894287822830895,45.62047947350813,2663.3728850847683,0,1,0.5750543779893472
95.49652636687134,5.121915751386603,34.58201727663731,1883.904770252693,0,1,0.6878893215195763
101.73232687422882,6.768265166038466,45.191930185798164,2470.7723543854127,0,1,0.7536212496597595
81.10735800389159,4.347384137635526,50.52928172181663,1774.3133534715596,0,0,0.026452096006285012
89.7133953703483,4.532486171352149,43.82079149965947,2064.6636905029854,0,0,0.19036436022730352
85.74836358912628,3.0064885441648275,43.95174504346144,2231.456759262836,0,0,0.06232839276097572
77.45712459707636,3.8865079806851424,40.84798838197467,1997.4759002085905,0,0,0.04359217606285475
92.77367982083936,5.79047208704563,37.37665609717318,1910.6793053356307,0,1,0.5903771093016573
110.09245241267539,5.0113402705912,43.80596186350754,2217.838256405112,0,1,0.8370368779453805
75.27937804395398,6.414407929845851,32.46958544798966,2567.4365345807664,0,0,0.2443159260231845
89.74175511160423,5.271880922517576,37.91122437539592,2090.1760773917395,0,0,0.41259964475176386
95.12434348059818,4.471319402543387,31.14471598831409,1845.1819470408957,1,1,0.7049167847684481
90.98462561324945,8.222445295680439,36.481718113424584,1943.074532822095,0,1,0.7943701369539936
89.09497557987407,4.859144646930429,43.21022545946781,2755.9122936936124,0,0,0.22100628137841952
79.60626909243341,6.744501454557956,42.52696688110232,2040.4721349014383,1,0,0.15707928885132497
91.86229394352131,4.398186190182983,40.25456847767737,1821.6758904266082,0,0,0.3156413590327812
83.94588818387258,6.06439921907535,40.852004970310055,1656.479625055238,0,0,0.23142764554467668
72.48062636017157,6.3920234887275305,30.570676910678955,1452.2296717662184,0,0,0.2033062234763752
99.55673776410984,5.312737955863371,38.137188597145425,2109.075282153857,0,1,0.7333000186364497
97.66708655873634,1.468275615955097,36.59324196782395,2196.392597847351,0,0,0.3050446427170689
90.41328781480864,5.027378691284169,36.7047015474273,1880.991146010438,0,0,0.44193075189574565
91.83259750564562,6.845690071639963,42.997893139068765,1995.5088745907137,0,1,0.5035987953508444
98.5945441017245,5.791221249541596,35.697463367473446,1648.8614872134128,0,1,0.7982103037405976
91.79471725422466,5.66875831284387,36.97659574936294,2039.8785394482504,0,1,0.5576927541571025
97.23214043809051,2.4166145990637213,29.56465377145242,2144.4485961701375,0,1,0.6080021033947848
87.6201423930092,3.919317393987412,38.52938409811915,1839.4507198497085,0,0,0.20286118090114263
100.49586990859157,5.617036446727159,34.5608122614319,2507.135800875752,0,1,0.8535243390832571
92.56628580746147,5.615574915180338,40.39601464344822,1748.8681019759265,0,0,0.46576704393260204
91.552415548847,6.822000170199354,35.244459766287676,2085.0429812056946,0,1,0.7214489748648775
79.83951129030375,4.782699867280859,40.52271122774608,2254.4951659113817,0,0,0.092497588990315
92.29564683441367,5.608736130010722,39.27657119628829,1976.8131499551853,0,0,0.49471777250132326
83.34436066004439,5.02456136289694,48.360208865211604,1943.4569543316525,0,0,0.06329049315025226
84.89373818777204,3.5195858952476646,42.48608990226597,1571.3401548651013,0,0,0.07921869394443123
83.47699497347104,1.6163130033578788,30.801810637188485,2407.202448714885,0,0,0.1199179859146419
81.4701205448062,5.646514538195115,33.67555577948646,1949.0320394997211,0,0,0.30763380410424
106.99817122413569,5.260920812619217,40.27604004496167,2161.2096274804476,0,1,0.8533890631714823
100.65071249590723,4.072737436849747,35.35076025803674,2201.8161463580423,1,1,0.7215055482984353
105.36294001715409,2.5712404152262027,25.15815784882074,1811.510452394674,0,1,0.8987158183390032
80.21683984355549,5.944609271613107,46.747731569168714,1940.7414187126356,0,0,0.07555918266577173
90.57002999928714,4.6011198887066715,43.60112008452704,2400.3447052230513,0,0,0.22343363258198903
79.65193899836723,5.8353120835522185,42.60488436745886,1664.8407002778665,0,0,0.10641590483022975
84.43444098242348,7.796072795617638,36.963384772645426,2638.375422427177,0,1,0.5558692713926768
82.65498413266741,1.7878536795204427,42.138383855049646,1776.5381644171177,0,0,0.029128423965318815
99.91667205153249,3.950598786946454,36.47819837889559,1646.1447630078464,0,1,0.6485915804117213
86.83016257518592,4.68593658003213,41.024286501088454,2039.6927062065604,0,0,0.19340599573401593
98.54703466955213,7.182239261219976,35.39708387081761,2662.5044793019615,0,1,0.8924302815190192
94.83296711670815,2.5453954711902727,47.58144225278007,1426.7102193223386,0,0,0.10283750084025063
108.42911001683831,7.903791538520907,32.14881672959078,1957.6952844530924,1,1,0.9851468331238578
78.1644462148822,5.203783852349436,46.161419147554156,2142.8795051769666,0,0,0.04543342087563125
100.07386591829439,4.8559990073992125,40.19457914008665,2010.0949875606593,0,1,0.6470782205540302
99.17152696320582,4.702910355171641,37.55266502329005,2114.5765010009027,0,1,0.6793635742746328
82.21296929578372,4.3456054517299565,40.835014608478694,1784.5900753483177,0,0,0.09761118482279924
98.05706669178528,6.572175138903733,43.6667400358909,1820.0834462205858,0,1,0.659868858409613
92.68915970420983,3.3972188688763416,46.83373368347198,1955.47320585224,0,0,0.12529493896420976
88.18018992037274,5.51812127246578,41.56571511566766,1661.0335736291747,0,0,0.2789544085069191
83.408516104224,4.4237275014395365,35.54651957368861,1986.594079567943,0,0,0.20786808611401789
84.24712438840652,3.856799827228853,40.278150618828946,1883.3764118985496,0,0,0.11030754857528723
106.39849676628741,8.878962763525845,49.083966183311865,1858.9864444535394,1,1,0.9011232956335723
90.00546255165986,5.62857610213019,46.73839042756312,2096.1519237795915,0,0,0.2194619326848021
96.25704001225168,5.919898316991715,44.5438173906218,1453.802152040209,0,0,0.49365159224584904
83.67280494665957,6.706665171002993,43.97843510061193,1931.272968985054,0,0,0.21086876317180314
83.7611764302269,2.867975082022179,43.497250453032706,2695.2061296844586,0,0,0.049074705951528616
98.65587847399954,7.628437863683048,45.79377417254935,1674.1670941023126,1,1,0.7219651135039432
79.20339030758774,1.2365642322573862,37.716856071390474,2385.650148945324,0,0,0.025511021758398457
86.67828985675783,3.8468503849422193,33.22456967112497,2016.3968362738096,1,0,0.29936357804915903
90.27221928857786,4.311452490231649,40.345017503685305,1819.1126573355746,0,0,0.259623513665773
90.89098081472042,5.872585047455759,35.91209206611155,1603.807502141058,0,1,0.5755869150649465
88.56725371987075,5.328077399212232,34.72489622311408,2041.9045895855697,0,0,0.4771152653942107
93.16655824876739,4.74977788895241,36.398607117060344,2436.019131744403,0,1,0.5249875332834438
95.5428460465425,4.982003983058414,52.42656962266843,1883.2366564409708,0,0,0.1785262500246936
95.87710036367464,3.5329654647161477,40.68062317037922,1975.711572578968,0,0,0.3419792210314833
82.11356953065739,2.7541514082737404,41.809539181804944,2303.1112550570997,0,0,0.044794790652643496
87.72675921656962,6.0897674335040906,33.88818596497873,2102.2612374038845,0,1,0.5626203386335522
99.55810289501551,6.040559168804278,30.78123520603685,1528.3172660826265,1,1,0.9036970653567572
97.15717750059098,7.376741562735588,35.90473678440597,2029.6661647565552,1,1,0.8703602610109877
79.01712438815149,3.814974354777188,47.19097792604374,2453.6704731996797,0,0,0.02471910418545038
92.81183920281761,6.039222815451383,41.671377330382604,1988.9176440597505,0,0,0.4867990229920547
74.17419800500151,4.574439907452902,42.99297545722196,1177.553171156787,0,0,0.027726525586070305
90.37547921648296,6.785712477790224,43.692830196010306,2116.464497477322,0,0,0.42631076102826126
105.18213613396782,6.532944165017213,37.04325310100861,1940.4630681367892,1,1,0.9232890492991624
82.4168582618481,5.316814098836685,46.939827919866836,1451.271675823635,0,0,0.07289373562117098
83.32541563606735,4.49070476500102,36.83596200388909,1496.2375729838648,0,0,0.18022912467954533
96.11223825258287,6.441398267912392,47.031161796312766,2292.5321429866426,1,0,0.4840845289730338
77.65758787832283,5.9703567848848484,42.211510780676704,1780.285176321476,0,0,0.0921963814763183
84.93795976091968,3.973339396870726,31.054774228768387,1727.7510857792024,1,0,0.31425208634317775
94.77152910065402,3.0083019897808536,36.25995256699733,1989.3084317204994,0,0,0.3797724091562946
84.92571321848477,4.567200648977305,31.07530733563948,1806.7391005040183,0,0,0.3762196496358295
88.11224010231223,7.273120723022314,45.81641066397104,2030.0145883333234,0,0,0.3399465467078047
95.95348568252028,6.719730738099558,39.876322895988,1939.183991168999,0,1,0.7158936587869992
93.3723686682925,3.3315087954941287,28.858287800251098,1640.0013259719071,0,1,0.5929097127320759
92.13454717036322,3.248363876150118,41.87873440859829,1846.6406604315846,0,0,0.18700649311651404
87.2870217658397,6.912025774519229,37.3141786880584,2132.825996392731,0,1,0.5343591940382354
92.96048892215164,3.2965461428632565,32.580970724833385,2012.5754120715876,0,0,0.4641039941642391
89.01013855920195,5.763942985463012,48.389829184843485,1975.4172552824507,0,0,0.17324232942969675
93.66244487940628,4.075893176995514,40.536429330482896,2581.215272353815,0,0,0.3418398799334776
86.02454379905618,7.425567386782523,38.53284298843344,2219.311257615661,0,1,0.5123153597264135
88.53944820496368,3.8443628012931814,38.002876095069915,2255.732379446403,0,0,0.23509283826938754
82.08033765958389,6.715042295308742,32.43360265421114,1950.2094776615224,0,0,0.480978843288131
89.71993911995011,5.277287981090547,33.47725550207945,2066.0435571053827,0,1,0.5512679951013632
83.51199309096924,5.37829228135143,46.42458392437542,1870.6700031422922,0,0,0.09380186189983765
81.08762839870406,2.0445371279728985,37.63058565107141,2233.2649296572386,0,0,0.04714798544847132
92.06928918284311,1.6956299701914221,40.110338504684314,1966.880028770287,0,0,0.12321003925649954
91.70191820686128,4.669151089599029,29.778347618994626,2066.713324679167,0,1,0.6617350725548266
96.26298987958857,5.370359095124917,33.40953982102247,2048.1833906465504,0,1,0.7634083206246883
86.5509954433992,3.3122032583934153,43.04906259937376,1994.5499355783636,0,0,0.086314046151074
93.26442277469404,3.3669598842854866,41.88855880056917,2881.456420146731,0,0,0.2335386650274546
94.4063805781893,5.842208944739199,48.76687599362158,1800.0142167515833,0,0,0.3033653635304921
93.55819046265276,5.844281720685696,46.714781658156134,1797.2865409523922,0,0,0.33414814274591975
83.39477053758286,4.793388409418109,38.846445137575884,2208.2290240435273,0,0,0.1719114689951158
91.19490785816951,6.170302581779112,42.36476782356635,1821.4493002774461,0,0,0.4212465349512251
92.91312236843729,3.23869655641978,38.41698278548463,1912.5780915953321,0,0,0.28444560478628433
90.05742773526353,4.466097624369544,50.27404909319324,1674.0767139933146,0,0,0.09336776479701553
73.30817873303133,7.47181640867551,45.745073480262,2147.467375820776,0,0,0.06747246738197131
91.28391699178783,5.102483194909726,40.84842545428876,2151.2771733452455,0,0,0.35819859015641653
107.70024831517793,5.189468771880499,41.00197392438176,1905.4423820229667,0,1,0.8478232534649047
87.11968584994413,8.45891987895161,47.22425143629904,2214.445006544022,0,0,0.3961128437074976
84.17538321715743,2.900986751226844,42.89788923556924,1442.5624958799226,0,0,0.05218389638681181
92.98678847769119,6.194645549963166,47.79314008535043,1787.943979545697,0,0,0.32189559741799906
92.49902568373257,7.49597941971215,29.031760368705633,1949.0062441367209,1,1,0.8976965921815753
99.54188132333131,4.5127131102521805,42.30614130749399,1648.3152509291142,0,1,0.5204822243210641
79.9370547527289,6.289446180282269,37.42282567659308,1475.3860887743833,0,0,0.2252091084643598
95.85104202059993,3.526970754183643,48.78188993813996,1907.631210488466,0,0,0.15566311044952075
94.7233764900117,3.9699014066489724,47.73199343594915,2208.206026118223,0,0,0.18371513635262446
88.86282770447563,5.577449624071452,40.164179045506536,2384.6325174279536,0,0,0.35418178078822626
92.70949854337351,6.197850009665885,47.678154894055155,1835.8136350383882,0,0,0.3176450730868816
98.23565985278685,6.681404768609369,48.91557259996253,2219.964751286478,1,1,0.5251302553375591
96.9785230402276,7.354442880409239,40.372033359630734,2190.9626114227003,1,1,0.7882329886060052
80.85584550341017,4.8988301621672266,52.35966886215929,2365.582452300349,0,0,0.02715840971125064
96.56126549404388,6.790417632758881,39.84329423665139,1894.9426908937994,0,1,0.7394270922204669
89.48249115973985,4.486542734826276,38.92739524832046,1460.4498514445977,0,0,0.284462021497676
90.58299278412413,6.353136967382402,44.32936294292172,2021.0557557268235,1,0,0.36488338378513835
90.58557592801355,5.311233196778272,38.23104634428843,1695.861877709083,0,0,0.4294583607382058
88.79805608961392,5.668516860622886,40.42669887897447,1782.9484672813978,0,0,0.34490098561857296
99.53365997685651,5.635261811033056,47.04717212025455,1909.6342567840452,0,1,0.5039185990637822
89.3302563212063,2.592942485303282,40.09609426108635,1898.3217105952572,0,0,0.12621371562187653
81.04363097293465,3.31381721170884,31.524911035123463,2042.4677800687384,0,0,0.1587692798542844
86.85176115224218,5.153812159726284,41.836596939245986,2210.9468949258853,0,0,0.21405220397155555
91.42955773448381,2.469081380538247,36.51853210473803,1889.67932501721,0,0,0.22339182690956758
99.83371827437641,6.246816654799634,44.32635578647273,2118.7092519824014,1,1,0.6677311396937649
94.82475747959067,6.307333949432213,43.48094857913123,2004.4448029791515,0,1,0.5310519068636673
83.19571777002365,5.490755829316686,47.35700174083261,2280.6483187635336,0,0,0.0869933417800442
109.88151933343113,3.318298980863117,44.537661503963484,1943.422444668105,0,1,0.6716156847718209
92.11820248782384,7.070208408302772,45.451221418290324,1976.3219972676334,0,0,0.4615792546771847
100.20312590399212,8.055815959577536,36.65451619931143,1887.679865600328,0,1,0.9268166372216206
88.78628453138217,5.220615241168961,44.019932479452514,1951.3254380124513,0,0,0.21533583415809188
94.2668739576436,5.765803067676854,49.84225644680145,1764.9535614962379,0,0,0.26414708475536924
96.71574803614723,5.302607982194066,36.55675045681616,1735.220814156946,0,1,0.6865774357859682
99.74555769403405,5.795553783498199,48.99869145863549,2232.7296155848176,0,0,0.47350877540665776
98.4589464430258,4.820661865060406,37.25324954399335,1675.0394950446196,0,1,0.6712254098754578
96.97757600058382,4.948153640234295,35.74014377475013,1904.264573090629,0,1,0.6839927130734924
87.47930615044713,6.358576400746048,41.48100221677419,2304.6028358812987,0,0,0.3528947971783296
85.42603166435151,8.518436242844661,43.57955208064405,1894.189761498918,0,0,0.45228171311453885
92.66086008259359,2.8998931483973918,44.55875061986133,2248.6221361056723,0,0,0.13369299744548035
97.46502457872856,4.844281273395549,35.19118789613399,1822.6862837819474,0,1,0.7019284986127774
88.21823439378714,3.229309272151877,42.17270048627145,1684.650918094942,0,0,0.11161183742780756
98.52137572571509,7.388037347864126,36.57222714258248,1521.5522435297537,0,1,0.8788434976559325
101.62093396388943,4.118393046020152,32.55538871964712,2393.8172207817984,0,1,0.8138852514257521
82.66943264741265,2.8351988093213087,35.356318422336074,1658.9386455096753,0,0,0.10235840409824119
83.30463436962977,5.95728049827286,36.24549817022091,2224.155977037528,0,0,0.3278139350679689
88.87699952875731,7.616466672114667,42.607975801762535,1700.0158919619853,0,0,0.4963933913645794
92.46090134551358,5.995396802841144,45.761068315343344,2395.215175381946,0,0,0.351512879086163
85.8034638898636,5.307196815922876,32.633966850623665,2662.03481738453,0,0,0.45474923815774226
100.81762143093715,5.613711384163991,41.75980537104028,1494.040982092899,0,1,0.6956405506202771
93.39253489214761,7.122260994238332,34.116509071145465,1674.5730697523559,0,1,0.8119320471196915
90.31557638592592,3.688701094978775,43.14542704507,2231.9395591409675,0,0,0.16036436641954127
78.51272380905178,4.83222934387053,36.88634709498126,2153.9128770097445,0,0,0.11995823697681941
79.47347346857994,4.3209647772357,34.74335490988361,2233.0765564280573,0,0,0.13973841438974585
92.24807400225446,3.2482020390624347,43.99832257673788,1827.8733348786873,0,0,0.15144508851695812
72.9392349907613,4.507437110874797,37.065386972774526,2596.2602483070104,0,0,0.05140976116811529
98.10109927715257,6.661581643973673,38.42018024323651,2035.4148400069323,0,1,0.8003729703617771
88.73476924502144,5.849903222589088,28.900054562218116,1634.9112269469442,0,1,0.707272957207264
115.94474375675787,5.966465750162301,44.73275680711737,1924.0554499871166,0,1,0.9403748213055949
108.46333000492888,5.219713417479977,44.10454260584554,1638.9299311313503,0,1,0.8065416948421272
88.54840744601987,5.784985674092883,40.02728922140657,2477.2824075662315,0,0,0.371569504336286
89.14930397974948,3.799114486477842,32.3620952932212,1801.900621159965,0,0,0.3936729943967293
97.96465211201624,4.535735171109156,46.04684589167381,2147.7450454233867,0,0,0.3617167722277283
103.6253808793443,5.288006355453015,36.668683068196046,1858.7980565053458,1,1,0.8504679380602544
76.89576754051187,5.416273788322835,37.73323274949706,1815.383807071246,0,0,0.11106957101582485
75.70899627716251,5.48028178238281,51.560220281797655,1426.9237456156848,0,0,0.01811680097959592
85.02372155556495,4.792497076975433,36.48181777945385,2179.4523808971703,0,0,0.25974403475350694
94.66190066539092,4.433864898304505,43.7110498121325,2389.754375788755,0,0,0.3175607090253162
93.97498872406078,9.736656924566446,42.81046131041309,1725.2097255904546,0,1,0.8391577253833999
98.5581716398708,6.360180909398598,41.95086096440043,1536.4312655003987,0,1,0.6970318886402465
80.40241977307754,5.619721213928933,41.41000271277255,2240.9948128213487,0,0,0.12650426949852392
71.47084909624898,4.650187252690409,41.881942809445995,1506.1275952681247,0,0,0.02325266993875075
96.86411356241716,4.323171759584185,41.359702954702705,2365.859880784478,0,0,0.44721817705148365
83.37442981627812,4.8037991094095664,39.740408206119696,1728.681463113614,0,0,0.15243654703420204
73.8520970848909,5.439243265380025,47.55641562055371,1669.0121771526121,0,0,0.023016122207396027
91.16050996767505,2.179346683905378,33.43669719600361,2074.5387263393873,0,0,0.2660681993465557
96.34540550574943,2.6459156069379746,45.10729052007688,1688.5582144965688,0,0,0.17116614652006035
89.02354294302978,4.044676416591564,44.11171149343776,1787.8666756120372,0,0,0.13890413493731296
86.33721291054009,5.310709155167853,43.49199560664701,2106.194579801302,0,0,0.1799145559089687
88.72510214283275,4.641090279272223,45.584897138200645,1271.266298850006,0,0,0.14033030533507326
87.03533790079373,7.217181839149227,39.53700302365804,2492.7257737784967,0,0,0.49648943910925125
79.21562310447867,2.7764048195063467,30.655129620865615,2013.0920397397215,1,0,0.11277350491778326
84.28255458407655,3.8729817955949444,39.63853670142757,1612.1101962789417,0,0,0.11789749925481896
94.17023924011052,7.280137611486651,35.04402891187723,1694.8263892139476,1,1,0.8217344181786886
92.573428331012,5.19667898701272,36.34070395070968,2297.4939134782408,0,1,0.555029566964707
91.34447844773456,6.327263874201738,33.78790163083794,2180.315880522231,0,1,0.7079269205423989
82.03881214517297,8.076870414904196,37.61327570778083,2416.0341971855632,1,0,0.48036995172169344
88.54797470291466,3.959293373147266,37.016881530082756,1795.1771465587294,0,0,0.262731747091388
72.58347962845716,4.851028493311952,28.112150850364486,2088.975151145241,0,0,0.15348731779016303
91.42781331108311,4.591359648603692,43.50110955641144,2127.970373535103,0,0,0.24306764471730113
101.43086166250853,2.0681104932750864,51.10160929002441,2208.580250075671,0,0,0.1351826458575074
78.20694294366315,4.534404794366046,43.03118596748144,2338.184337029621,0,0,0.050296686285036495
85.31257861345796,6.321593281070998,38.98538021732886,1784.8208282466958,0,0,0.3439741423214343
92.63285422968103,5.810884312718361,39.72626802161892,1965.7489196718557,0,1,0.5153814761099585
100.02274107541987,5.928624754082016,37.89507065993412,1816.9550763259565,0,1,0.7976132380667219
86.4142030695988,4.4367365290407506,40.450207919334794,1984.2164379930873,0,0,0.17768053152160468
84.46199736587283,4.015854145991538,39.81495952963383,2209.5298346188924,0,0,0.12969478953847913
74.24861486067134,6.903883507847931,35.79475784800853,1503.7893499217894,1,0,0.17649794869267016
90.82750503446485,4.254024280463495,48.41444194473915,2332.8114708377857,0,0,0.12094872307539412
106.33660832114995,5.441123058189821,32.564228821451145,1658.2453627208752,0,1,0.9366808839239756
92.2188676957174,5.245002021016307,43.59165771597123,1907.7889040908306,0,0,0.32075404340856806
89.82176816653029,7.192575524385678,39.49401186341234,2373.1825774898375,0,1,0.5894871690154949
92.57665848613588,6.457118536508539,49.50415907532872,2098.4029153950214,0,0,0.29376728260686724
89.91126396841118,3.0571120689993188,41.7043229962411,2101.858984479098,0,0,0.13829647523346408
83.49588502191897,3.21867024983744,38.20047231408376,1645.8121864114669,0,0,0.09623206863701644
96.58623932542164,5.868364727103701,38.76146400782751,1686.7742192528478,0,1,0.6779721369180421
91.80609218489404,4.90349352893125,40.19953347259881,2282.3769190006756,0,0,0.37498554364660536
90.14090601546926,4.317242324069354,34.286046525017994,1823.2569363546831,0,0,0.4264219992497573
82.197071781774,6.523441825991706,36.16565237441044,1851.5264380100452,0,0,0.3481685320496632
100.42806345547807,5.281189073133366,31.075280154040712,2289.1853753164137,0,1,0.8833707575597103
95.31762196266487,5.078686080334166,35.38511550812953,1685.0259363891419,0,1,0.6525534966868478
85.57663330106158,6.169742961132575,40.46953240830225,2080.7705398658773,0,0,0.3001463844844149
98.0145988294555,4.437336507584654,41.5008752464226,2012.8721978503074,0,0,0.49000776450668754
86.01943329291834,7.3527784782088315,30.10335152501799,1999.1942822410274,0,1,0.7440484207985416
83.7439720599117,3.817928565150488,39.313941484779,1844.4693104367489,0,0,0.11339830061816569
83.9223750601577,5.985393599513133,42.81704975411066,1826.0434455610016,0,0,0.18584016033464992
75.83145157529528,7.150749257989768,39.185439033118826,1676.4907508615404,0,0,0.16484991744169328
93.77233904334565,2.9340567660918504,36.831056771111,2144.7995078123918,0,0,0.32599840049114504
75.3508409732932,4.484997236221326,37.93919427475893,1799.5552425449791,0,0,0.05995559356049815
80.1724493498739,6.713311089328337,37.29618322511389,2290.6233863501757,0,0,0.2816311153124354
73.39529592737173,6.735866821596538,36.81634720445972,1932.6334875228042,0,0,0.13734634433594015
89.31144245767285,4.742756599417641,40.869117626224245,1682.4648531736887,0,0,0.25748004812214664
88.79743631782502,3.897993359484711,51.53844113867726,1928.6558353554738,0,0,0.05446557258667625
87.38643029450908,6.433903733496143,36.281500415474085,1876.7428402590576,0,1,0.5111692704444526
81.65937844263539,6.775323653872407,38.409286836692864,2302.731023518416,0,0,0.3015665285553374
80.62212997250688,3.253004977231408,39.74151030312384,1889.2999432245404,0,0,0.057070880700339645
93.7149589083726,3.1941295265504297,36.56322782820853,1917.1368856399022,0,0,0.35527379724557384
85.5955845463321,5.337885022975399,45.491179017617135,2423.464011647731,0,0,0.1370701858910346
92.53086657228916,5.9440409501433376,28.14557313346781,2152.480196439005,0,1,0.8301914173390226
82.91801051100622,4.551396372154918,37.34470414810662,2498.8118048010488,0,0,0.17642932348124243
91.44850194216866,6.018940729973524,44.09156868159981,2377.7135012191716,0,0,0.3698049970247762
100.42622429852851,3.9347950897439268,38.52952845805683,1733.8512234911436,0,1,0.6042309576847612
94.68932640314226,1.8279596013893968,35.895805205748545,2296.9852563200325,0,0,0.2730540575967148
86.70068945426816,4.3641483915011055,42.20378377219382,2457.5909876223773,0,0,0.15243874817129688
92.05759176284742,5.094848219769652,44.53171617698576,2459.843939697026,0,0,0.28416507151060977
88.0746786037583,4.5862400601553155,41.05317722607529,2296.4287950730063,0,0,0.21649049712056173
90.06304147755783,3.262095104510772,35.99389820093558,2290.2568984727527,0,0,0.2732177943171791
87.39511158281198,2.2765265361817737,42.281016595758715,1909.201686897335,0,0,0.06740633774407795
88.68531835291687,4.228866793448153,37.98975349862605,1748.7853746951275,0,0,0.26607509460815765
91.6967468245934,6.346483657474615,43.72593440946914,1894.334804330763,0,0,0.41735719724443265
82.0531304033444,6.884296159120524,47.41629442428295,1500.5632995701712,0,0,0.12691038446626693
81.87296938408018,6.781570076207682,26.972116221557336,2402.8385946265116,0,1,0.6563919537891147
78.89165956935031,3.7761356972771702,40.55533736597816,1915.0121121746863,0,0,0.05180935669924786
77.19783116397032,3.269440514554454,31.321330315261864,2387.399218719488,0,0,0.10184198767118638
80.26173846223617,5.744951922469843,52.20894292664885,1630.5501268335202,0,0,0.03549881442296925
91.27570005443303,5.952650017396888,37.659377331019044,2324.787476300663,0,1,0.5554663210225721
82.85769987606493,5.600254407800746,43.73186620912686,1851.5358025462042,0,0,0.1281083345669377
94.10891571384877,1.978905088643355,39.82341570202552,1614.6891775072477,0,0,0.17742870244590087
90.2777099900205,3.6996731226748,35.984577096404706,2488.1354156479274,0,0,0.3247199531402012
74.25196629249557,4.955466814571032,35.389734764112866,2332.1935008022324,0,0,0.08861195229515616
95.23980467377352,5.730827291945641,47.928395865503795,2063.537726055735,0,0,0.344751818476038
96.48638916473368,6.15096104390373,44.77969030089155,2010.181365540489,0,1,0.530157268729415
82.04909860132118,5.21638028342306,49.717920436887816,2131.8530056457353,0,0,0.04989677134215967
93.36153234315994,5.496175709807354,40.277266675788496,2058.388573375223,0,0,0.4887396133709544
83.14801410072641,5.127298187541657,41.43959810623,1762.3172137485585,0,0,0.14051609363418455
90.78136301398668,6.028429061327724,38.66404217172356,1876.3843190645234,0,1,0.5077997344923642
79.88401274436028,5.469298477236366,38.56458898442495,2588.2153496116107,0,0,0.1557021406937443
75.65514837972339,5.098606490070931,34.79056533761316,2801.6470227884042,0,0,0.12336031356257439
86.93746248309625,4.597446801293929,40.42005095462176,2468.800551569205,0,0,0.20612627474935472
89.01016842980131,5.121937137563721,36.053767025569016,2143.467182048787,0,0,0.4289840422141415
86.81856245108317,5.726887068258912,42.20954461082101,1898.6752901894195,0,0,0.24797644956099912
80.52775553421952,5.401213083347092,40.85005109490105,1760.5442318309101,0,0,0.12165392827148123
86.8008075029509,5.571239627517881,41.438410218378614,1780.3152768709392,0,0,0.250863280802272
92.15435802064587,7.0140827920267785,48.37564969845113,1834.0197023939718,0,0,0.3648166844882034
89.6408557590197,5.397745884119881,39.81141025117204,2645.349212427731,0,0,0.374613210869383
91.46000824479371,4.026502219290263,43.78363501426714,2541.88468891478,0,0,0.1978723520399994
84.63907839636613,6.325410178991254,50.2575473204279,2223.883516980618,0,0,0.10571597839453169
99.37374331772928,2.9507024934966237,46.53308534647524,1711.8160470761522,0,0,0.23287601581686665
80.59061330756175,3.377879928891069,45.76584849227422,2267.916778013311,0,0,0.029639102147443485
93.90048237669374,5.503770897080104,38.4665589223975,1928.4148914468185,0,1,0.5632310256766466
99.4551287436797,5.774595001679868,41.148215277838986,1354.0971684067636,0,1,0.6852787658269979
93.84726474199117,3.1324231647440075,33.408618539850295,2086.130191220378,0,0,0.45135206433277725
88.37980618348136,4.425773778519875,42.494572004822075,1747.4260877497834,0,0,0.17698746225859602
85.77362362669616,4.090874251670512,41.372300888069205,1757.583971272989,0,0,0.12863081462335105
98.28870120837004,4.269985515677605,40.11692562578091,1924.8776019295979,0,1,0.522607781234522
78.61620059790661,6.4153966644094185,45.1359739412143,1850.503108117276,0,0,0.0900260171695465
82.23900591696285,6.059758195320879,33.96112588787802,1989.7229542687976,1,0,0.36665494513364694
86.81953787606624,4.9713167302194385,48.17431425580173,1975.3008349948384,0,0,0.0990958166958678
99.90123006009598,4.181057109327608,44.508823439701416,1437.2572721457104,0,0,0.42223683248014243
93.03814108832717,2.975525494669789,39.64683010174013,2456.0833966648497,0,0,0.24133281672312798
82.25563393191804,7.1302774081729225,39.25635206091303,1704.986983115396,0,0,0.32293918969785324
87.51753835692077,5.888170850427377,42.40305607624297,1714.2804844608581,0,0,0.2740400847732217
85.08541484722964,3.9399963438902894,47.6042561603189,1901.4340244629107,0,0,0.054267546601892945
84.32168806213171,6.079399246437337,40.50803859345005,1967.4995457892117,0,0,0.254205526049172
97.83111646845424,4.894664569138062,40.72015450989613,2437.6939450495515,0,1,0.5677140034789753
79.02605496589196,4.569335742706485,40.09059238812936,2080.8270356164703,0,0,0.07924522331008409
102.87024684587499,5.652817292434404,48.91012056350736,2169.93964523286,1,1,0.5676565120869539
96.62583752147698,3.8877526251309127,38.15558448531488,2082.3608562749846,0,0,0.4851405682419004
98.72689336482958,4.484365220734835,39.852462006904645,2069.438474749632,1,1,0.5729262084194284
86.29648390379793,5.182191596299319,47.317178271304975,2092.9188509261026,0,0,0.11235573900092073
88.80047424736712,4.25082321067218,40.735054168064316,1420.1797572293185,0,0,0.20456692470418042
78.53478548380231,6.003627815401286,45.68529430022761,1925.0244545481414,0,0,0.07050319546082041
85.80270074346558,7.803599755517391,35.443599715485206,2348.6783331713473,0,1,0.6438623839501758
93.94923878114521,3.868552801089286,38.97353739185743,3182.699303242006,0,0,0.3840878869042701
100.36850449425117,2.5023120555439333,47.42217019220114,1638.707320238147,0,0,0.2014804054071329
81.14274546558039,1.9973897487856078,36.618301421182274,2126.923988097306,0,0,0.0521922153621843
87.07595250411788,4.774297787757527,39.24350480115146,1828.6860266376975,0,0,0.24200299268717962
88.78960623813983,4.005253114810726,41.283426154457395,2614.2955711690547,0,0,0.18820550149488036
78.83368638246012,5.311790751600621,35.05422741003507,1593.8651717625555,0,0,0.17759618309108577
94.73079393406721,5.198896508039152,37.93094940689051,2187.481847094764,0,1,0.5781484437215763
84.20807734605913,2.5951747300788557,40.5631834091282,1577.836670148743,0,0,0.061160798299967754
88.43687719058381,2.277674255777891,40.23340867080981,1904.4299995817503,0,0,0.09778259414668322
86.38440502470498,5.443899860519143,46.401760104185676,1989.7060007750572,0,0,0.13882623005594497
83.6852919542426,5.203143252079935,47.707285974161266,2320.9075045218824,0,0,0.07895784047282232
89.94364011615556,4.361273002450173,35.71957563999544,1676.8499521524416,0,0,0.3787003328075719
88.27512337145582,2.514284622301543,40.55634259583745,2199.0149146542158,0,0,0.10370306698223133
87.02513694177068,5.707086894147486,43.371241542123826,2005.6333170163841,0,0,0.22626983861501007
84.17230702655726,6.907849318135915,47.581737328995985,2081.838015885794,0,0,0.16755809744187128
92.55619736626365,5.416973660328384,43.592451486585645,2287.4998144055426,0,0,0.3547094672206544
103.22893814793828,3.728789164152403,41.45456700796166,1615.2329920984137,1,1,0.5846982952311528
91.11909786271302,5.066828248356727,43.332712659913156,2243.1784919445777,0,0,0.2827354777960455
97.96894571928902,2.9508288785994727,43.368844171681296,1829.3285440731725,0,0,0.27284969104185014
78.8782245987723,6.586941070758189,35.36142853857816,2328.7620364930476,0,0,0.2832816277760403
91.26209151435016,5.122766501794308,40.96399396253135,2100.367290361364,0,0,0.35549953727301864
81.22105344823147,2.3477646323701524,47.29580497094346,1937.1414855448834,0,0,0.016447136506098005
78.1846005797448,4.548988459334476,38.963216156529974,1822.9922092727536,0,0,0.07911664230893693
84.08502874032772,5.694952265351346,40.64723321273722,2246.988498306599,0,0,0.2166330772436942
99.53519467530859,4.500428568536717,38.78741775236989,2378.285505644278,0,1,0.6387355376656858
97.60012662935716,4.586156417839739,28.430702521965625,1840.1445377419445,0,1,0.8338680634557315
91.9440377764352,3.163396689429092,40.102950886173396,1660.098030265581,0,0,0.21028874836081388
77.73839552088056,5.849811480622484,41.50895965326436,2208.263312883568,0,0,0.09853358244141937
88.4297547888965,4.0272961999712935,37.43753304559549,1565.4407173898899,0,0,0.2524242516409607
92.41360007121388,1.7653319344924512,34.22681525557636,1608.3462687251085,0,0,0.23838787348762092
91.40428983662878,4.443113943994409,35.59696770109176,1681.1899173416302,0,0,0.44097906323595976
75.24965133215403,6.471724573355529,43.82093808067782,1875.3648550883752,1,0,0.0697695309839275
82.87745721584102,4.419605830100079,49.862623865234525,1599.1004332353664,0,0,0.037251561565917586
89.48737788681026,7.60697747768528,46.912166704527166,1418.3600271855266,0,0,0.3782113372006736
94.29032727613752,5.643451922822775,33.27826997584724,1659.366741698863,0,1,0.7333668497827762
72.43097743120043,5.508137243420549,44.27313655275351,2192.7423339717857,0,0,0.03033859434607251
88.70300819616114,4.807402601123587,36.68418812095355,1618.53677836197,0,0,0.3568521885230972
91.14439015903162,4.897570688353564,37.08866468745612,1897.919096613749,0,0,0.4406986280230789
96.7968959081297,4.604864547320744,37.69012201014358,2584.0095387096685,1,1,0.5957152554219758
95.5428606738995,4.54659591187621,43.53033474927715,1985.2477609918728,0,0,0.3556816143260062
94.66057055047044,5.796300743100723,44.79626688224519,2102.759296918878,0,0,0.4270302395850334
83.60047594638452,3.5962531553141517,39.50984464360106,1716.1879945245341,0,0,0.09866415711953772
74.73598290301354,3.3861592569136105,39.59464629495988,2649.0424561100426,0,0,0.029394846811956872
86.85557794350879,3.3152074236869336,42.321318716178965,1837.6116532584715,0,0,0.09674284807624425
98.01305460166849,8.068481821515732,42.83997269762121,1931.5685946645451,0,1,0.8112699966583338
101.14763622019545,5.79551435250587,45.88112853379265,2395.1176033902093,0,1,0.6214238560753828
95.68439281838228,5.456738302520217,33.57814012245401,1945.4797265439142,0,1,0.7506467058196822
93.43472658241387,3.413727994559853,40.10013669902015,2014.3666348025645,0,0,0.2738726541839028
93.03711718708773,5.935013451012242,34.659878120544114,1915.493503763261,0,1,0.6927869141561251
85.55105002591375,4.825142980320007,39.74528860468298,1917.5502865828319,0,0,0.1995408267512566
88.95951765157103,5.321253411697625,38.8691235615962,2111.1506032484276,0,0,0.36360683555202056
103.35255620661064,3.535069526204666,39.766252730486485,2165.8829567594316,0,1,0.6273499640044952
82.45953595366498,5.240403286126365,36.00128555944734,1807.0254706362298,0,0,0.23796523730947713
102.9182303256788,4.364249692690275,32.56355103396285,1770.175863155921,0,1,0.8490597788010422
87.42377476406354,3.8515832644547183,29.527812366425486,1817.259173342731,0,0,0.4281612028037176
100.60345687276063,6.101159503710873,39.344099228675795,1579.6237957400695,0,1,0.7913070797641419
78.74547992401969,2.6934382872049962,37.8449944708353,1522.870922444211,0,0,0.04270681351192712
94.68723360931719,5.847164396471226,36.620311675980865,2089.1501441674723,0,1,0.6828954250479463
84.10583891241902,6.026729200329495,46.612742314158304,2281.5787409525337,0,0,0.1321236320313115
78.6778624646065,3.680534486673139,35.70280906602345,2261.3135879435654,0,0,0.0875871873424542
91.74827233928757,3.769507308301299,47.084170410694014,1285.4026180590026,0,0,0.12131017856290285
98.07577430876775,4.665461478100397,48.119218721346286,1926.4804738870218,0,0,0.3165258831265572
83.24046849125203,5.423054315693331,30.245497666053097,1669.3724133222322,0,0,0.4375306679756133
78.0078723163328,4.770717512278662,40.46190729499485,2043.121231346257,0,0,0.07230416333085647
89.26524188532036,5.650343690287819,38.00151754582004,1874.6529443571856,0,0,0.4325599744286547
89.30051736978255,7.644469478806099,25.440980276413672,2177.5735718733763,1,1,0.9057411059723226
94.38655702043599,4.2384248462754295,32.77679373465793,1994.2540728795975,0,1,0.6138995610075305
97.5967565709159,2.4272300439448693,43.874680535542375,1431.1994315246334,0,0,0.20352449943958295
89.52467854982005,6.23888537454598,50.09599626355632,1709.8742381601378,0,0,0.18156530148346126
104.8440265183541,7.524971863891294,44.51339071349624,2001.735534447996,1,1,0.8761432534378546
91.79387795628233,5.589152544576686,41.61816236256489,2027.033128769326,0,0,0.40291111304682864
87.2285879519448,3.3683769869694977,39.89333809184456,1578.2969576887995,0,0,0.13384208569620643
77.10746112717737,4.8141614551471985,48.41331457324057,1539.0620889361635,0,0,0.02417146755057538
87.89872383747065,3.3222147736825516,50.741196009788204,2016.8736012719537,0,0,0.041549965840175944
87.3089044367109,5.964283240944422,37.06578660237907,1578.8998081848417,0,0,0.4250917774933543
97.68243837025176,2.973064395952348,30.000067198448544,1499.4111720497642,0,1,0.6592231387122884
93.69986899253483,4.5498068197577,29.50906268364399,1866.4578462105974,0,1,0.7142592274343025
80.56504702693906,3.4934932605591404,46.60940496079901,1853.4661725984047,0,0,0.027290778639422874
91.3780350912883,5.190237027702443,39.764707296128066,1736.4798567982098,0,0,0.39643620809498753
95.37224937383243,4.4504874842933635,40.916209552293594,1788.878912982511,0,0,0.41467650617742374
102.22425087510265,5.265143154875396,31.046745035216432,2004.1507169667184,0,1,0.9049149884221376
97.10003173931247,5.033525832449548,36.234055436057666,1783.9511288960543,0,1,0.6809291746529403
96.08677323449183,3.5200114584138342,38.52259593049609,2021.2091064994518,0,0,0.41219043117361615
90.48068795692132,5.940315595293533,41.03919191682035,1885.8594391647996,0,0,0.413029009436298
93.1064960433876,4.926851522235327,38.007039805431205,2050.295046615997,0,0,0.48592671469936044
99.99603920564927,3.5172064882011496,34.81336900849329,2263.4616696309936,0,1,0.6629565588892082
79.3377808201628,8.361389834308689,36.07716503698739,2251.7743536171783,0,0,0.4645707958253926
87.20448538226435,5.714645250075687,46.041616429736166,2386.463141319825,0,0,0.1804538861168952
83.81945000995007,4.770109169901041,41.2239230980175,2251.444069069148,0,0,0.13925835340906845
93.033224949809,7.122806790052735,43.06078403477776,2071.567259462541,0,1,0.5762111879485052
99.8417774052063,7.762723414079911,35.505630945613355,1869.9705087079567,1,1,0.9239581224722401
85.2242057062314,4.781975866529172,25.230882572996876,1883.6717231551327,0,1,0.593879128417067
70.87756506024449,5.521096229652143,37.384478465577516,1736.6668080692568,0,0,0.05547847675152241
86.70223403980424,3.5179957729955884,35.66714722787252,2001.3587873154675,0,0,0.21270359254897095
97.30778985613925,4.779210873847982,41.7450613431404,2209.2162436135804,0,1,0.5002512195693584
94.30103922359903,4.701406169360196,56.428618568409206,1782.2997191350937,0,0,0.08764387263761854
93.4254899824846,5.277240550432481,43.47583008809128,1988.8346424008678,0,0,0.3666712600278988
87.76005358500416,5.499140717955515,53.67980079691744,1796.7913313834692,0,0,0.07301140836302458
79.76775411024171,5.83974267324209,42.84384847669725,2062.8062990562844,0,0,0.10783026382798541
94.12235457299573,5.356463984449938,36.85056881213642,1835.184984815015,0,1,0.6024538024448742
83.325745519723,3.183886060056253,41.73958039060442,1778.1468286117843,0,0,0.06187993852523868
107.47277386704366,3.5922993413883724,48.903192997388544,1796.0099915203923,1,0,0.48558228793116354
94.56405766683613,4.1803885708044906,49.147812981606194,2150.99863215367,0,0,0.1680216530780699
85.35481357956839,4.576639112115156,37.1233131597846,1970.9751784008936,0,0,0.2322436918992928
85.10891802089097,6.57616143570817,41.265918478496495,1871.4734809999893,0,0,0.3016142017567578
89.2564463470913,3.2555915197206304,32.85366560164427,2078.421350764163,0,0,0.3293779140125232
88.083984623826,4.463877427743951,44.12334312345715,1875.645134759705,0,0,0.14701062709120638
98.93467020423964,6.429514247321075,47.76677349527947,2337.955368105711,0,1,0.5586441324778493
91.49132935795237,4.550183788255081,40.19899727058008,1707.840153892023,0,0,0.3194381773369155
84.14694608873178,5.690623474764236,36.66307972819936,1943.9085461548154,0,0,0.3111273177896615
105.12352548124626,4.790686935608145,41.800654756387814,1578.5704334998998,0,1,0.7408251592154741
90.39446665216178,5.385174885987084,42.08729515681583,1895.9376824329718,0,0,0.32052921639382725
96.15071740775117,4.657291184285689,40.4057191592481,1496.109350688011,0,0,0.4761325630054212
85.13418794044193,6.000598209092531,40.893575621679766,2223.8949567677378,0,0,0.26298921438612577
92.90492502195619,2.6824153888903473,39.130925747653144,2229.9511301016737,0,0,0.22286829649398285
92.48887992914557,4.455031987417183,44.97977464113203,2235.251052117343,0,0,0.22613810776576712
74.88280566323078,5.444859015041462,43.68113722582564,2008.6617440523403,0,0,0.04359960362988535
106.12220088368512,5.80054287200929,35.084484264279254,1736.0388785869723,1,1,0.9252591292891159
100.32515568738037,7.239428934130741,34.94704698420703,1759.897810389215,1,1,0.9158411209000417
86.8224374708321,4.413462999701635,38.72812791486719,2459.0516165661566,0,0,0.22516318178708386
81.18184207635315,7.219222642791309,43.684185620525895,2430.703131139939,1,0,0.20405891902421114
92.78049291042842,4.011464260010494,40.74028706945408,2036.7665470852314,0,0,0.29512157854433263
90.69358159531517,6.992969617316966,36.784247949386724,1845.309789775902,0,1,0.6680258083908953
92.84535158850584,6.226200690047559,41.30759298362915,2410.587026809553,0,1,0.5280879940707383
91.53261916955272,3.6298121305516657,38.34594740238864,1791.6490515845571,0,0,0.28200153141272544
94.04992791444741,5.460558855877733,44.402432301120655,2068.6547624287723,0,0,0.3806980636064907
101.57844559513445,4.923146246701712,41.66529217533524,2405.5871916195374,0,1,0.6655522064031316
94.54482564102916,5.938376890512501,38.42360906273928,1749.0984501006117,0,1,0.631367693425042
81.60275600872048,4.6650926173500356,41.15759386023231,2248.7670756911334,0,0,0.10231425761284389
100.90050282169962,4.539130661507403,46.57524029762101,2156.168238753161,0,0,0.44474419396934667
103.1249165079063,7.053641874144277,37.15184961726811,1988.1450373305317,0,1,0.919050484726695
115.21645387609668,4.851918658316491,42.0132849082358,1701.9699202600652,1,1,0.9221496210314803
81.01204773408321,6.23963348628765,39.64769829767002,1782.6680719690173,0,0,0.20277451586733866
91.9430561052022,4.661972772433701,42.134918419310495,2086.8353218551974,0,0,0.29709775635595914
73.34321037448811,7.499994888841285,36.72717529202135,1572.998961535584,0,0,0.18159733166059988
94.42519325103368,3.9824980559967598,40.55167716579688,2039.223157705475,0,0,0.34754483520467777
85.61439761466582,4.078784703129223,45.539116412084006,2162.315295218499,0,0,0.08009044489912358
105.38756635859963,7.286775771673854,35.314965093769466,2295.5660518427303,1,1,0.9571682499955896
83.80308023985134,4.332580413657121,33.352974483374595,1580.492877661933,0,0,0.25458109470429896
76.48653569626191,7.401611459246589,33.54272217756518,2394.8741891483824,1,0,0.34236817889899523
86.22989007437984,6.337760869392219,34.14668734899905,2508.6090482539807,1,1,0.5377550468496161
74.1960978302629,4.76802544015875,42.97661643946332,2123.045470314078,0,0,0.03231878260967359
96.00879563605848,2.2800597919742622,32.970701570672674,1688.585425572602,0,0,0.4361132416008397
73.47933562994943,4.971022543592246,38.51052327628235,1901.5672134919278,0,0,0.05439188281778488
90.22766064946526,5.152445080300137,43.09144651655354,1985.7208264644478,0,0,0.26835496137937526
73.37750544115042,6.750826599956559,42.08329530274297,2081.139052619167,0,0,0.07658022351195137
87.43761756370687,7.382670764360167,38.072205100187574,2006.5944657930806,0,1,0.5673830201346451
103.14702524643627,3.9725192312843784,40.95461865877553,2084.349542868385,0,1,0.6313031780540306
92.88518313148636,6.201772645982274,40.53572664868784,1972.7759727982632,0,1,0.5436412168811912
83.09205116028053,6.148103234020024,38.87879522225907,2079.5321283536728,0,0,0.2683675612607053
89.75037208848732,6.6101190536156675,38.9458264067271,1861.842973651606,0,1,0.5295636272960563
90.14413497635557,5.748034868203317,51.1771371737848,1898.5439849052595,0,0,0.14560879486437203
93.78104276674725,2.086253463557345,44.0465545196565,1827.1924488569996,0,0,0.11400340952626323
79.06513309375339,4.76686635120836,52.40325458756072,2575.1778603512216,0,0,0.020207490812121847
94.74053819077865,3.2664386376246273,37.51518433539749,2439.1702358522966,0,0,0.3764884903404347
68.3648669471778,4.696091340622889,39.575167015559266,2166.588257004085,0,0,0.021567456903430454
84.96092358108952,6.470006354200841,33.33937117361676,2397.5926991803217,0,1,0.5323123836197646
86.09380926038764,5.457726253812459,35.95216598955214,2239.538401693365,0,0,0.37286822905330397
95.0666146085699,6.7221362995961496,49.50956574331251,2054.3813478542165,0,0,0.39883689922708715
90.18104682141495,5.512630881070309,37.389828550791215,1548.328597694095,0,0,0.46224723585193717
78.7554955691497,3.052511090496646,49.596406500722296,1921.350823962458,0,0,0.012087455044773049
82.12005499346388,1.2187294901408983,33.78318869660055,1899.4886323944945,0,0,0.058535273272191934
91.58944007637926,5.223213142519386,34.73265482963362,1660.077448072353,0,1,0.563702604115592
89.36746126508355,4.679110300473252,38.2938438948829,1554.1513176180151,0,0,0.31793326590064586
85.36700712291403,3.534581390927177,39.68125039160411,2147.8158039701075,0,0,0.12067289204070186
86.15332968390416,2.449059125522933,44.61543646225065,2097.351296711244,0,0,0.047234160597512745
95.56934397727431,3.8978851797909364,42.25385208593133,1649.7809059797164,0,0,0.32072743733768927
85.85845941704628,4.708262772702836,37.918423713279864,1776.236448069143,0,0,0.23535635212567332
89.29527004776742,5.998816735559585,39.33342096740947,2348.366681946249,0,0,0.4394709740316427
107.35949270464434,5.28294662235197,38.4046854010765,1736.6910459450319,1,1,0.8839538289764695
78.61053890492862,7.412100870759094,35.42673132337135,2051.2396711801407,0,0,0.35152152479059817
75.18525814740273,3.4465939159319086,35.56018531699189,1943.0665101296056,0,0,0.050055487517351394
96.26871731838885,6.3215883380861495,45.13941945716705,2151.9090413186186,1,1,0.5331926585581175
84.57085550964717,5.070948114693092,30.8591753603643,1743.167704203071,0,0,0.4255478704339912
87.45409977805903,6.0420036861778765,48.08679348722527,2027.025043262032,0,0,0.16651343859056142
83.75074897495108,4.345227705101685,38.28502887198884,2050.6167732037634,0,0,0.15863415247428866
87.9215988738599,6.6075205608358845,36.1374569680392,2069.054241868766,0,1,0.5574319013529213
102.78830489677073,5.442837137517865,43.698796453486345,2023.722157388784,0,1,0.692922495387981
96.41702766894495,3.980832522623376,47.42608292073559,2103.382796178233,0,0,0.22833670523668817
96.89778809509582,4.981963956630218,45.58816220801979,2657.5310996152434,0,0,0.39671749055563843
78.67018355365883,4.64066621159435,42.50926024679946,2768.3893330313317,0,0,0.061260015806499375
80.79077010757705,5.73376752595669,45.43431744860918,1808.2351577639834,0,0,0.08597311123175537
67.28737072411658,3.230334875938237,31.41751211428067,1304.5271058942503,0,0,0.024927825338835665
83.52495343133796,4.9559724468264585,37.39084729255926,2178.648590216592,0,0,0.21471163960216397
97.65362549108526,5.592960878973996,35.44414969987578,2055.8757379703798,0,1,0.7705814372707861
94.13557212598697,5.04953496078955,46.12319365607588,2318.312557755074,0,0,0.2962917040324533
88.22789389638301,7.020411866583494,38.082609905380565,2085.465769914595,0,1,0.5544797751444779
89.82159773025558,6.161034161106579,44.227032783910275,2017.5811818577158,0,0,0.32375530039299105
84.48891565939675,4.98877880488888,42.67928471244319,2338.671978763167,0,0,0.14119971310498255
91.63807105921427,5.32503364624651,35.688465319181596,2380.6341765241527,0,1,0.5590867626552085
96.12702623584492,5.443498327223,37.065208950118574,1584.0319823657005,0,1,0.6664560329840944
77.07290570071622,5.6049494062502365,46.46908845407363,1755.0181438581249,0,0,0.0440285059403538
92.39718150269879,2.261513006503088,36.12258675657793,1968.3221122133966,0,0,0.2403275602249221
97.45947896763734,4.547710556345979,40.62433805097739,2029.5312871773751,1,1,0.5113214685320634
86.67919768829304,2.7733413977098604,36.08729356836778,1932.2050389943254,0,0,0.15278279816298193
95.60560489696466,6.91742142118923,38.43023906542069,2130.2621533585657,0,1,0.7617890992963545
112.51723555578042,4.9087257199956085,39.76919028015014,2298.8314367951302,0,1,0.9201714331421478
89.16525765610487,4.7099885754805655,36.085667448512545,2516.8129132162185,0,0,0.39339692534398585
93.1464564000426,6.345195998049853,35.19776523008059,2173.67390713187,0,1,0.724483503111536
84.09554333070886,5.633487196174812,41.43136668388721,1744.299896464067,0,0,0.1907202211787723
91.4500093008164,3.3070482284311895,35.77631295604412,1955.7871324406544,0,0,0.3189563420608011
93.68217299985844,4.893641956208946,35.94671222150664,1977.394327622133,0,1,0.5658148820262363
91.55873872216111,4.497249540160423,35.30473428149015,2154.3920719943476,0,0,0.46958957171480764
81.84243744232914,2.383200667090919,39.61045976834341,2116.450410030183,0,0,0.04729285038975676
91.6508941706036,3.964585650144193,44.718508171999204,2615.118995333453,0,0,0.1802178738689147
101.69756750974109,4.724689516975301,47.53264318156133,1861.5460594235274,1,0,0.4586170019412648
93.58908611611622,4.827573602762236,36.37040957003111,2115.425160130041,0,1,0.5441319702042681
97.69589751257473,2.776652864484037,50.751553966656054,2706.4134193232276,0,0,0.12195179608406963
88.10390423989898,6.727498374571214,34.97647569646602,1824.4379309289197,0,1,0.6087411497034859
95.99920191538969,4.846845411662842,45.417742616639345,2043.5446088511067,0,0,0.3482122732725437
92.23414270573221,5.056329614990845,36.39151772992279,1716.5358496627955,0,1,0.5158266179121255
82.39271416250214,5.600962457509755,35.64538365064995,2024.6260698882295,0,0,0.27941680504409944
92.548168038391,3.8178856191444934,36.276219216078054,1765.9348555587076,0,0,0.3904157065935519
82.06642669247752,5.684533959699045,39.737761501754406,2314.040271047404,0,0,0.18954289240850455
84.93695780092166,4.449388030972726,42.89986085516805,2044.1956577094186,0,0,0.11516857564006558
91.514626458339,3.6551216890292126,43.34934018952411,1719.380822005312,0,0,0.17313730730560944
92.377954187041,5.8601712400330985,35.28007492326056,2252.1703093375013,0,1,0.6526331615609838
80.48614027938297,7.237510788202711,35.051703562443656,2053.899811661476,0,0,0.40545954612715246
98.43188616946301,6.087244060228747,35.41680653318227,2285.8456331670363,0,1,0.827386020866486
94.57605022640378,6.384466347710646,39.443227988072444,1655.7012116156754,0,1,0.6485564691742001
84.36217251511293,4.219054090156551,38.949221979045625,2110.6473236745983,0,0,0.15173475904473707
77.6993216284066,2.6035704062473153,35.249122689651024,2232.0025083934124,0,0,0.05111374605453474
88.84076336734854,7.235206283149761,41.34801847031622,1872.986752929279,0,0,0.4939787395252893
86.43245028911072,8.08177233410714,51.31284404167659,1622.2991819095546,1,0,0.22287332655596453
90.90512365642418,7.314210160654524,37.47642269082424,1987.5177513888818,1,1,0.6897337051254012
87.09506671075548,4.496321091530375,37.83244089398233,2368.434588134279,0,0,0.25879678722296034
73.94034511403993,3.2680484919067334,42.79830785162184,2337.779099190217,0,0,0.01647520850744955
86.89322449359074,3.40147595327065,37.205918541316024,1871.4714695733269,0,0,0.17665311868117975
87.55504711145349,2.4744011485789272,43.344822408590915,1615.0743690870672,0,0,0.06488167233424201
95.06928819819247,4.838932072384932,36.4072864661048,1870.6460838951282,0,1,0.5910156048625754
84.4144026031116,7.408516937123682,49.16059803788651,1859.4567047804262,0,0,0.17461978059924743
103.42939738698053,4.7875060521916355,41.72387486296147,2133.9340349914332,1,1,0.7024268486842292
74.70687559478594,5.453484350522412,36.89988525461644,1968.4995491287636,0,0,0.09507679177538465
100.489339982421,7.063395446456313,37.05654150265363,1774.0207364788573,0,1,0.8872477858995335
88.20544823297516,4.3938570322514,37.43100123645983,2331.2789201782,0,0,0.2899150944389532
96.87667897874844,8.053297185079392,46.863748331244366,2042.1277602334503,0,1,0.6879286358776122
90.63841187246986,7.98814161124618,33.656244961993586,2130.6246958192824,1,1,0.8271125769134344
99.11644428820375,4.803332991979276,36.66029164770248,1482.5043697606197,0,1,0.70262389447579
86.90110428357751,4.1336986039711805,37.19169721537287,1272.7205387908143,0,0,0.22458548556506563
81.21103659857751,6.04585706958547,39.92156016621531,1568.7362655666775,0,0,0.18549240617901944
101.3640342981685,4.478712586221713,38.64445153676603,1855.8369723179674,0,1,0.6896883211991534
89.09215483294287,3.2651671743989956,32.54386084304769,2172.9068052841426,0,0,0.3353691482165076
91.77246778899368,6.921857980284471,38.00088658202266,1297.3259388778106,0,1,0.6517093712755996
99.87801531235836,6.8246710809156195,39.50224658407516,2477.855619311596,0,1,0.832745377687419
81.74435806324452,5.233267405645341,36.85951082460108,2051.169808031038,0,0,0.20433711413409994
94.76392718111406,3.1057028694077333,43.43387744523832,2408.088497884973,0,0,0.2097377908763396
85.28084194829687,3.155710623173921,44.597042143768235,1734.2089752577613,0,0,0.056106179768585396
88.94264515484502,5.160843932628729,39.608066501353036,2151.157980251747,0,0,0.3258830827834688
90.57823172307431,4.2501934482424515,41.15270793425365,2025.5587789912363,0,0,0.24570005943732642
77.9982251084245,4.488360601787588,29.194720013253644,2245.305893916366,0,0,0.2238105238374814
83.76930365743652,6.532944732590005,37.89448613919084,1929.8625897200848,0,0,0.3506225402090754
100.80858313930511,6.099768976133836,45.02410845878956,2141.9645627022765,0,1,0.6636966678434104
97.08952950867837,7.06721402074642,37.882817084103614,2330.65859563136,0,1,0.8208225508238178
89.49888338138211,3.5140651649341135,36.313691618040195,1804.6471118324673,0,0,0.26613373007201924
91.94498766810314,4.4852126469699325,51.38844463015465,2072.673269746895,0,0,0.1076933152459796
87.64605995490834,6.1384725431901686,49.09538595097902,1433.6413288332956,0,0,0.1535756618060416
100.85266708662385,5.672117511519337,42.33787456241079,2210.7509057190073,0,1,0.697098907916837
88.3971793776467,7.298570573881433,45.69455305740024,2586.398763038747,0,0,0.3637640413895516
91.85473673707878,5.630805058856104,28.870322910209612,1626.6691856753914,0,1,0.7722233996806943
99.16824115313652,7.7721636561583285,36.06224279685647,1972.5856218716171,1,1,0.9124528809432939
83.78102812123275,5.810026702584711,37.65021063413424,2264.144390274234,0,0,0.29020152876471017
102.47031347597515,6.59325117138299,38.82009950566527,2009.425242039965,0,1,0.8716963140365377
77.75630872205298,4.514727579823314,37.55027989513019,2049.529865447968,0,0,0.08818223175787804
103.0371370489024,5.021430817825983,27.24986854241827,1882.7001675429085,0,1,0.9385940423912889
87.01859532838421,6.366416605759213,41.9301230935428,1871.5543240736256,0,0,0.3201296078864163
88.05841001739775,7.419467255889582,42.71827064140303,1973.9917539243866,0,0,0.44639251768559346
74.87991863053645,6.093855423966129,48.00949395794991,2012.5014266418068,0,0,0.03432274731423268
86.36164226097846,4.875242342098071,36.05845367612518,1645.567621526807,0,0,0.3090985989763875
81.68154775178493,7.0660025442925125,35.64918421110049,1980.1934042161913,0,0,0.40729709981853496
85.13882923701222,1.7120320155801787,26.600077570177657,2470.560181612798,1,0,0.2349592356711663
88.90151227368897,2.8666482477396897,38.532165817045566,1874.2598619233286,0,0,0.15810764705224456
97.66233291578324,6.022451335502583,44.505558905310856,1628.8235051376116,0,1,0.5585051153638104
91.66082681120501,5.0211625343796875,36.9411606890364,1954.575179604072,0,0,0.47835501757857424
92.46141322720891,5.908270476686248,50.71722409271824,1785.616156362711,0,0,0.2106830691201923
81.2358448892355,5.096611283647913,38.71702582105238,1598.4974524034183,0,0,0.14690266634923502
82.95396728317816,5.856418541905809,40.734961421442776,2041.7505385197862,0,0,0.1987472178231203
104.3898001468105,3.7783957685102143,33.18448459709203,1786.9153888546766,1,1,0.8300053516455211
84.11839172189403,5.855729129119537,41.4361017258764,1812.5857499440176,0,0,0.2082144976324996
103.24966601645836,6.491621792311377,30.103401025736524,2046.0282141156167,0,1,0.9562270117125566
88.05551040895307,6.830825905896849,43.46848977506573,1540.0476213912996,0,0,0.35180658513221336
90.01830348914804,8.020331441973049,43.62214088117706,1477.5291049246625,0,1,0.5468697149745851
98.56292128183944,5.36614766525358,46.79645712168255,2201.2616583505796,0,0,0.45194988684817683
100.17513937550925,5.410866630270768,34.90015640616156,1420.7499197827751,0,1,0.8185493287862196
89.1134995177673,2.7152413037392282,40.802810591487095,1706.9966914077936,0,0,0.11803718821294183
86.89405557182769,4.202882898292362,42.81908279693252,1460.0481393834689,0,0,0.12921765481705996
89.55263641182229,4.710376888990081,42.21140819165155,1854.1590599453502,0,0,0.23172031624736836
92.70366022585695,6.5754793284145325,35.67350362432575,2128.4176242953495,1,1,0.720658282064352
97.13042949495804,4.083498313865556,28.040090552219297,2033.701384619713,0,1,0.7987332376444161
90.03383887195321,6.194510029623249,41.734801484422405,2717.562016837185,0,0,0.4185117617631812
94.95109038418524,4.99756742455493,39.2375016084504,2326.0746853367,0,1,0.5242739438528153
103.10687785816752,4.734247827327857,37.166647035192796,1720.6526449530197,0,1,0.7921946798078915
93.05047689811828,5.373340953699884,43.81972681857733,1640.8834985520768,0,0,0.3494062530107792
92.49322284803823,4.413265441620736,39.775402309227836,2812.0063822926504,0,0,0.3655521372630423
77.84871339927946,4.3564441278610015,33.404024736161006,2318.7716017200087,0,0,0.13550505117827835
68.95415890536749,2.442821141314828,30.342738554518892,2176.8108821808714,0,0,0.026557764483725477
93.10700583384134,4.628068689008166,34.35518367433417,2022.4555436646854,0,1,0.5662113382154306
89.24140614975302,4.28004778077691,51.965061473833934,2082.056470242505,0,0,0.06539564650683567
85.88173860068207,4.226028515976381,43.613883869663866,1555.3780173552723,0,0,0.10592713547135686
91.94824163349075,5.625309593885061,40.94306170987506,2047.1117510590304,0,0,0.4333265981028181
89.51677016642473,5.987947929185765,39.09169536407098,2021.3694192377043,0,0,0.44800234187863247
99.02224200507119,5.348291756963492,38.76303530026282,1728.7583470695558,0,1,0.7001943781755519
90.68888694607182,6.4931227856742115,45.83597991679547,1838.4420639294565,0,0,0.3367329198752285
84.02461371943866,5.863342888745548,37.547021290482846,2454.552918033067,0,0,0.30791648582549724
97.9213299116743,4.557415715291537,42.88460205342146,1962.4475239115413,0,0,0.4560594755421777
88.26295140043038,4.30571557142843,38.25786024854203,2621.351390759933,0,0,0.26629501604905126
94.21229346937845,5.469233355150269,49.700783159175316,1477.796169053785,0,0,0.23680810973933297
86.18071435045759,5.860650664852852,43.71144253789152,1843.3609441322756,0,0,0.20901965811458292
84.80138491602051,7.096766460547247,46.22778407341813,1535.8164346259243,0,0,0.21528752397982817
90.67334584148557,6.786759567410144,37.07795112655881,1637.1732638324497,0,1,0.6341868425096095
90.10262914834948,4.187790490239246,45.29068056283711,1751.5382883022107,0,0,0.14689484568952524
93.83861628293467,4.846990579809107,38.43711287302655,2094.592888031177,0,0,0.4894669771707284
87.85083397352206,6.006526707376655,40.55017411966425,2080.047851324116,0,0,0.3511688958873173
75.30912172983682,6.601996667088458,48.17523835309729,1796.2129041117184,0,0,0.044009974788950405
86.53780893129289,6.408454203057188,34.786124716217905,1331.6601327990254,0,1,0.5166960931475962
96.35054773715052,4.90418325075298,41.016238656527,2443.307861909646,0,1,0.508169672157593
87.62099136605515,3.1189660213572252,42.190026292593636,1914.2705851890933,0,0,0.1001528418026273
88.02893277988362,3.501595435631613,42.60002190400405,1665.1129489096584,0,0,0.11600867181839626
97.8910120472475,5.408950271479122,37.746077534532674,2082.479234321026,0,1,0.7048374937148477
84.30421418192861,5.513338369136518,50.43132050404041,2061.333551156952,0,0,0.06983016893321707
77.6575742540568,3.3519809398484224,33.5253405732987,1903.1970605000104,0,0,0.08423729365722196
88.71495104379605,5.066854416333907,47.29442694316235,2044.5593046924514,0,0,0.1440469244017537
86.1266083900101,5.946836535457675,46.07532802795819,1653.4910478775946,0,0,0.16649511767950767
82.27002944197397,3.273160013739284,49.50444394801842,2227.973852952945,0,0,0.022362342588713044
88.59697235281047,6.657495802706622,32.0588645064609,1700.939871572939,1,1,0.6984051755372025
93.93204517797427,4.433703277160262,35.65584256055145,1818.3291034089705,0,1,0.5284434612564796
89.92569150745747,6.886419668864976,47.4597152958082,2194.6405448454725,0,0,0.31325434415839787
92.4558485814899,4.19982133133615,30.614804226848456,2361.18768950307,0,1,0.6163706722809226
104.50726158812338,3.4600617756737315,31.967705494797933,2475.7323704139017,1,1,0.8396689115828266
87.25696910753949,4.312794515237421,37.55846106644254,2316.7394715399714,0,0,0.25294584397421
92.22678907715736,4.85727781538402,40.959968943111335,1902.7783448594655,0,0,0.35545883588997723
85.92629309920693,4.417280139842779,47.96112536824388,1537.6900792698611,0,0,0.06977924883895668
83.22912224090422,4.67599786764033,39.07367042534821,2421.516675680868,0,0,0.15925007476144812
85.32073877265785,5.500947724514285,36.9588042596773,2411.2087966714926,0,0,0.32650759987108696
86.1699314278265,4.743230945305401,41.556949688482135,1798.4071539939514,0,0,0.17112791093819463
92.875806380377,4.90083140907199,42.34798241647201,2276.356711347368,0,0,0.34642484846817473
108.79260629360606,2.4361604011961058,42.20619911085136,1900.3466618207785,0,1,0.6103570217290074
84.27165250979328,5.587547024015709,39.110068960243275,2450.3830650535187,0,0,0.24963973085640775
86.6669975550763,4.866195053462498,30.224569430409254,1845.5406012788653,0,0,0.4965179368741023
89.49501589511001,7.415439470724307,35.41192005446834,2593.595386264551,0,1,0.7211852082940529
93.16639078967798,3.5906522491190627,47.101355426337314,2235.836164279474,0,0,0.14157064845857775
92.10840649563828,2.2875570072507285,40.935344689882996,2539.263453405796,0,0,0.14804677111767472
100.27276635158493,5.927102740895063,38.38738940446471,1860.8608191050362,0,1,0.7935345440634745
70.58886343571834,5.5197905274695005,45.59084274186987,2121.5088813332577,0,0,0.02006610740476321
70.90456103843462,3.4873504692032813,34.34941683815526,1709.2162404966905,0,0,0.03273998260924804
86.0329746239188,2.705376567493863,38.87325933143496,2253.196775635759,0,0,0.10287459886795322
98.77840150034967,7.306095096026435,40.688792025870185,2269.7124598511373,0,1,0.8189196422960259
77.47481574715523,7.121165585910173,37.793112483526855,2719.107175460356,0,0,0.2386877607079197
65.93894128244995,1.2688148619408057,40.503814114507996,2144.611939165895,0,0,0.0028640097918785964
94.56943524975367,4.312665456115249,39.061530342891174,2217.228260751828,0,0,0.4361213544676835
91.94925778962171,7.496288082175849,33.003284761070624,1858.7508870488655,0,1,0.8301039389875573
81.27833274560456,4.2859061633332,40.90738940939528,2162.4138117905713,0,0,0.08579814788690701
82.11568319423256,4.264081648960021,33.358241042435665,1886.0326373937248,0,0,0.2104742780970193
82.2420502429226,4.575861008555948,40.82807562548361,2034.7582276526,0,0,0.10947136119580282
90.88428253979153,3.318654539347761,46.870679120750545,2052.3546984637387,0,0,0.09708091965738792
84.98947779053594,2.4428363836579337,38.594884013619726,1894.3085379952488,0,0,0.08154097141999668
93.95251135180416,6.578820966102123,34.14258435014507,2018.8835289625981,0,1,0.7875775385695271
67.16298669676488,2.2355946406284866,39.365060933975094,1887.4114490859738,0,0,0.0060055404565034845
83.1451850789776,5.370907178163134,35.840144459607345,1886.0806624898482,0,0,0.27247893704204057
80.99156831271159,6.329869239136475,42.97254501315735,2322.9993954506813,0,0,0.15254501394313538
87.94927457302006,2.8231605516482623,39.26005626238573,2052.6240925479233,0,0,0.12945761723011912
85.69561793207889,3.6135973961073926,48.548816258322866,2104.119881660083,0,0,0.04613297796874348
96.38275023916613,6.819768782587385,45.81494797838669,1562.8085693043392,0,1,0.5630017665998084
75.12530582671954,5.79933758034056,39.234597477592985,2127.037499549117,0,0,0.08947436277009656
90.36393181064602,4.074071439681669,43.578045339865454,2159.1270391925714,0,0,0.1778749341865554
94.46669138569365,6.8033735050417565,38.03381795418577,1880.4984131933743,0,1,0.7278967299088779
104.85317949249564,6.809803585181454,40.16978442582584,2625.5089028782077,1,1,0.9020183143242421
86.1458722312522,5.403579039523561,38.19282901824844,1313.2318207447804,0,0,0.29244150138830244
92.59566883482013,3.6497596581895055,43.832279799248546,2235.3101407311638,0,0,0.19136277283253733
75.56909765950108,4.379826944792307,47.16494138354789,2213.8414414864587,0,0,0.0196453224261426
70.86435036549581,5.429580115933085,43.99324103595572,2162.4748795998235,0,0,0.02444648273973967
96.7581950062536,4.717107756278768,44.60968300642678,2052.8638116915868,0,0,0.38281735078763984
89.95551765081544,6.408435767352277,44.615167186178645,2165.2037967875112,0,0,0.34456784133580887
99.42810151838738,2.7053388798359954,42.75627961167355,2260.452643866768,0,0,0.3137484098117614
79.012776888242,2.758604706400642,34.30356920394866,1782.2337248504018,0,0,0.07065802390360267
94.15921711623002,5.271306667223649,48.5048575970825,2089.758686654027,0,0,0.2541994351833126
104.95054272435083,4.262683379289643,49.02205413349213,1945.004947393009,1,0,0.47336970016194096
93.35764486685812,4.059427077953389,38.830601983433155,1671.8694799323475,0,0,0.3657157602912361
92.21265204472839,2.347914921238404,38.14651042391909,2215.1509923839867,0,0,0.2015820063978229
90.0684486465948,5.029318767197273,43.062058264576876,1830.69187259479,0,0,0.2518596409248628
77.4329483429927,4.9208673379988515,42.75406417591753,1550.6423975661598,0,0,0.052833560194454086
100.84458348568279,5.980218472927611,38.99026965623491,1838.2668017895053,0,1,0.7978667962599373
85.11313888155948,5.103359199681458,33.74987172206198,1760.3303305720608,0,0,0.3603245569569302
94.03586605106413,4.801093882639255,41.52850595374888,2308.5437027570333,0,0,0.39829581590512386
77.49572554742997,6.765500955185505,42.75718269087773,2045.9579421674232,0,0,0.11978288247651178
80.56432268393776,3.031299044827175,43.629105740193985,2414.714823706982,0,0,0.033193440741431345
101.48069919377788,5.804583828271364,41.74646386177104,1800.0331306300864,0,1,0.7368464379813768
87.22158168833725,2.4932792528069765,38.644424258190455,2262.2509615689496,0,0,0.11228934724214681
101.62620380834036,3.7424571799987882,44.970010197531394,2851.886874442374,0,0,0.44089076945064276
89.37415472753186,3.181014301065029,40.32924248782959,2106.809740138142,0,0,0.15800110608677595
75.26481781633714,6.172913803177877,37.6753849281764,2258.494658696946,0,0,0.12761779470107035
97.13654079785377,4.901884649606909,39.0967330897714,2208.0552992676216,0,1,0.5911455343397956
85.28086145795514,4.9797451331105345,31.270154837625093,1573.3774017722521,0,0,0.4240462618713711
95.58951050813634,3.3399005184058237,39.08879087910731,2175.745189240235,0,0,0.3615245542264933
90.20168694032066,4.5504597561006666,43.44218259937334,2091.9368961948708,0,0,0.21060365574662648
77.65505417645704,3.8548020450363323,41.69891511069615,1922.0757849805073,0,0,0.03961962426225027
91.31435812296455,5.575182522281324,47.60332086490593,1734.7890877385357,0,0,0.22372482021091541
107.5697851372224,3.5133632970025794,38.68512542992148,2208.194972098111,0,1,0.7756608897372689
93.94389166811567,6.994691547807614,42.43656581526658,1708.2788781168135,1,1,0.6059109104548831
89.5398579759563,2.4866293255638583,43.96370088152886,2640.093681404569,0,0,0.08362191091532192
98.60274721565519,3.7902202513151577,51.71428504143704,2034.2507250464384,0,0,0.17549207936312297
91.6853477216249,7.5158007649491445,40.7238274555882,1633.007885664049,0,1,0.6378506698446768
91.67627384210236,4.347291878056948,34.779064105679886,1845.8011165014984,0,0,0.46787052480342267
81.26699862272719,3.027682003393382,44.23964376677641,1916.5596985130549,0,0,0.03274176762404235
91.87078420631678,5.328607343806503,49.328636779842284,2723.712996177154,0,0,0.19283611850407012
98.28354733133555,4.2869116366781865,38.38725644886689,1734.6233159571511,0,1,0.57534443795375
83.3115027831998,3.7461946165725415,44.20540769303208,1965.1348210245837,0,0,0.05946590070816768
101.39596656997558,3.356193783801924,46.1436402761446,1838.6514890404933,0,0,0.33972467739681145
89.266351806839,9.152560408438916,45.08532771985077,2149.7775456744994,0,1,0.6141237105474802
82.89784390769168,4.622672149723796,40.62779261236789,1843.4349758884866,0,0,0.1223502939668282
97.98105661536195,2.1116489595006844,36.50763120893427,1658.283000158087,0,0,0.37558112390800164
87.70564611409385,7.240564638508301,39.59360225993207,1941.4116260611404,0,1,0.5115575178561635
96.07611909988886,5.916606357665856,42.293002269388154,1910.181847000327,0,1,0.5654676966276317
87.6659309419317,3.8503003534703186,44.54111262045865,1822.326686712796,0,0,0.10377495564735865
89.52139085176077,3.600321366970787,41.669725239995195,1838.3568923308649,0,0,0.16150493244528738
93.94848163467434,6.010209194237346,38.100460167297115,2355.408739364301,0,1,0.6386421551760411
92.32717646072005,4.629622508765818,42.776898280748846,1904.0779357197487,0,0,0.2857975344953202
74.03574575638609,2.111033272332348,44.3004253387141,1659.7617012564701,0,0,0.0078068223372908495
81.03005007924486,7.6808599469070025,41.898050282072404,1861.3652108600431,0,0,0.2725236026318281
97.43527987832653,4.3490143066760645,35.819064427308376,2016.3006978396177,0,1,0.6359090866423637
88.94290728878762,7.24335760472364,39.09296982641405,1599.1191090345937,0,1,0.564869350948201
85.81014957782862,6.917652436948573,44.73910388206233,2487.7933880019195,0,0,0.27244453486174675
79.1314078779402,3.4984856832757787,33.08491095627763,2260.2738432518818,1,0,0.11581983464830735
81.36210942979321,6.549784796544722,29.534109888044206,2429.0518230856337,1,1,0.5365490442159213
73.82561088030442,4.022836175204478,47.540414250720104,2117.6384376463047,0,0,0.012462167152347119
89.18975425038774,2.1999491197940872,42.557076275109395,1371.8907649609698,0,0,0.07709040890679028
85.21249935535162,4.363102750966786,43.03365001260053,2460.600114991554,0,0,0.11617922808545207
82.26729687211748,5.596456252664418,34.61591513186472,1740.9294920870323,0,0,0.2982226758772688
89.45501259865638,4.3058950280054935,43.68764031733269,1765.3439767993705,0,0,0.16917094735913316
92.9117650468219,4.539427488612348,41.37624343784182,2046.8975431866331,0,0,0.3343071019326396
106.74558345767956,6.7153490673929195,32.078362110758015,2413.468954001045,1,1,0.9692591780247113
77.90493264349429,5.159740970435138,47.12141707136929,2315.9861401857197,0,0,0.03873640330495681
99.27504834640418,3.7350525330725715,40.793416618093644,2271.8843360528062,0,0,0.47993431200939063
97.78481248812058,6.05304548550099,38.01958016960366,1906.451884137634,0,1,0.7513737801655611
83.7672580849864,5.2965133504313675,38.11005127007391,1901.7177421723666,0,0,0.228714157652155
91.62588763668825,1.2175927978069359,29.923890472838117,2103.78310039402,0,0,0.27964968065296597
86.33893400529908,5.642529370657173,42.96668299815682,1960.9787476149402,0,0,0.21298087972064453
91.48550864334992,5.587743061574153,41.30928603622863,2266.795372198806,0,0,0.4056667649728524
102.0730481072364,5.03018169437129,39.02959933833453,2249.035299348568,0,1,0.7557879205498369
94.8448498610505,6.337550871604362,46.39242603725836,2177.4023963518116,0,0,0.44626828993568396
94.06886698586753,3.991409623510247,33.080704905020774,1242.2116154691864,0,1,0.5538801635191408
86.55752544036287,5.504749683231351,37.01613761816192,2038.3965091031791,0,0,0.35856651345132645
78.12754668060532,2.6495609432489706,35.749958726198074,1967.3438357801897,0,0,0.051108879068686594
88.33225431567674,5.6106355750982475,38.60602510114224,2050.4076805278596,0,0,0.3810898468062132
99.65286523891132,7.929589543309845,40.33735012628612,1773.702608436078,0,1,0.8732297126522389
77.78265714728282,3.507715471298688,42.15006761905678,1602.5642268802324,0,0,0.032024067310643334
81.55928505458644,3.860296802018337,38.26513273447441,2138.941543992512,0,0,0.10064837627719016
91.01014188987254,3.9349768356626713,35.613221324225535,1893.1096046803814,0,0,0.37418533109321145
82.1227617212219,5.194997338702393,48.43003474885222,2172.40789811228,0,0,0.05839118060300193
83.6598124230783,3.405445590719423,52.05820095894285,1798.7256866945686,0,0,0.02034265059645839
86.61121134617458,5.63187106803647,40.716433359410125,2424.773192147803,0,0,0.27731183908853835
79.0750607664788,6.270259918203748,36.21609816489566,2300.319452771229,0,0,0.2392604976794448
82.20702523026905,5.801520820180676,47.37727065521147,2089.0481325637643,0,0,0.08615771300017537
95.62742333429847,2.3473768615428914,32.766214468357674,1936.0134759842158,0,0,0.44108826972446336
79.54104174215229,6.49275149773791,38.32613337647586,2255.722663339459,0,0,0.22113257809085435
77.2170229240413,6.40605112138052,36.51941474326849,2117.764344571222,0,0,0.1970579751541856
84.95980016372884,6.245242058519457,34.20232224774756,2071.5752563791816,0,0,0.4736543013270316
95.85564402007877,5.559263372983738,38.59987883539115,2312.8596228678825,0,1,0.6370074085691068
88.42462553602488,5.330283971307699,35.67913960413018,2427.960846321992,0,0,0.44884644060142825
86.28335137507506,6.548584097189595,40.06327232074327,1624.2766446543367,0,0,0.3652975485226109
90.35487038012485,7.8852702314051815,40.13588583836232,1684.884767795058,0,1,0.6520558726744395
76.03434053712279,3.570439304952725,36.893341382390105,1765.9217823563606,0,0,0.049827888074649475
93.95764523020026,6.617188093692158,38.14743321703065,1549.2726207069345,0,1,0.687891220832701
93.06748025122916,4.870674352988821,38.845755160481446,1981.1754423292546,0,0,0.4505459189966447
86.72553220723422,4.805490421957099,44.049230305597135,2180.034936573352,0,0,0.1466662441449813
98.04739609437134,2.6952039644269425,39.25785299467907,1993.574511514299,0,0,0.36455278465561197
80.98003120837569,4.572815885726907,44.12350870393048,1839.7635075161313,0,0,0.06271732378511338
99.02327194602856,3.5041025630473768,42.929064917773275,2337.9373271387476,0,0,0.3804052016112489
91.235949324762,4.304218355741082,42.85765348450371,2042.166920962025,0,0,0.22803486404164192
87.30757928097461,3.3527204243327753,46.93922985172986,2102.8948902098955,0,0,0.061800027925528335
89.84101091705351,4.32663741903049,34.40304560127045,2346.270441469928,0,0,0.42221324728894594
89.14188187351246,4.390834464464895,37.63408446846443,1963.02741834466,0,0,0.30647083526386387
99.76226317134174,5.1451323776582,48.816494001497844,2618.064221787404,0,0,0.4122966657679935
81.38656698023189,2.5778752065630037,38.71341749705366,1865.65549883847,0,0,0.053133399908215535
83.89984608682721,2.831722778382015,25.924381550470752,2599.38446135387,0,0,0.32220761272082593
98.29042313657983,5.54287140609579,38.98515828426057,1707.5794454262739,0,1,0.6912506077608085
85.23572051852912,3.8038428243948514,40.67469765081625,2155.2454708641326,0,0,0.11861715405234012
97.20426461865273,6.611794685344897,26.914434412843946,1807.240349358129,0,1,0.9359044304039844
103.59548786406968,5.33790458302257,46.669678199439744,2335.8698350943278,0,1,0.6279363022674648
86.78563978446694,5.910143225309611,36.43143768067199,1856.5302176424714,0,0,0.4252922119641522
95.45089861260244,7.116038480631342,41.642815575937576,2087.2613571932256,0,1,0.6948498598334669
80.77046174928114,4.535433782290141,38.87009227327969,1804.8374011875292,0,0,0.1102373383693303
96.03786638454247,4.138269941875587,33.55824290397979,2281.1675520999843,0,1,0.6385339645045935
91.59539188789414,6.30755387839822,34.6474593268229,1803.2746218082582,0,1,0.6850726669216728
93.78430625728173,5.764270345894529,35.324585817862264,2505.0244534228004,0,1,0.6888135932390672
84.83542342371683,4.7190045352680485,45.42835954591819,1701.200867911583,0,0,0.09346253776849259
76.71133267546261,7.087186950433914,39.26230905949924,1596.311624501556,0,0,0.17596955688941351
94.02601651799604,4.681633535240104,37.39067241724127,2285.465623423726,0,1,0.5132894735534724
73.49277478016437,5.049160456333672,35.326955437048845,1822.5069079209434,0,0,0.08165280487062844
87.46119606205973,5.031833976251388,45.98075110763063,1997.8288059651393,0,0,0.14057833801171768
97.52945493135975,3.5981091576522934,47.321006362617936,1903.3276538492837,0,0,0.22467265409984263
91.53518188698429,5.116378084229586,45.923719493533405,1606.217519854193,0,0,0.22781225332543542
105.5867411583185,7.0951402660977365,42.46218669577083,1976.9019007584986,1,1,0.8928484077211549
98.20087322065419,5.667452473064264,41.44915020935356,2379.4747684916906,0,1,0.6420371777020022
84.76881289339539,5.046595139598397,33.92031091012049,2300.94110099167,0,0,0.34672391977130096
90.21850703881151,4.757349078251496,38.77090436644471,2069.5378287877775,0,0,0.3466372352701852
89.62103437964451,5.496300542609527,36.580698983267816,2333.680487910532,0,0,0.47953718229221887
77.34258589323099,6.124649942733777,30.872439455076453,1682.1444245917469,1,0,0.30333080821508435
82.47680866812517,5.913858246334629,45.28521709582683,1902.363701328498,0,0,0.11714612333322431
85.51391274416112,4.502202707267031,36.52085026803862,2118.7414822190626,0,0,0.24572750232402793
73.71023597715251,5.4871723911651715,45.97970953717653,1960.8755519548665,0,0,0.02855858425163185
90.37994774601314,5.719909611722418,44.40873200380006,1925.9530008570327,0,0,0.2909216609598588
88.00742524277567,3.4892075187095326,42.783589883167096,1639.8068803036715,0,0,0.11260160738840783
76.6168487895074,5.252345811775542,43.064420358815916,1375.5975834071864,0,0,0.052212679622276784
93.23370292221865,1.758044170546457,36.923430589631465,2245.3599274848907,0,0,0.20610045774160654
95.72698195752767,5.723800564731778,49.28925075645333,2072.966471975668,0,0,0.32106571164221454
91.81627583091911,5.990514581844023,40.215627154765244,2270.599513463028,0,0,0.49716710132127606
87.40745459832824,6.121319188679689,41.50965842559352,1868.8292173524876,0,0,0.31893010688158957
94.73153721401484,4.407429721745649,36.75461833216681,1786.166634551722,0,1,0.5180929769398702
95.44176288381352,5.463570252536052,35.3441736961152,2001.9643899909904,0,1,0.7008906520841017
92.45922855775751,7.13593076831175,42.38648004404712,2256.259894583845,0,1,0.5819447119739727
83.40310199652191,7.120654472436888,41.08756747969393,1930.5643355037037,0,0,0.30985669459290294
92.21280612408944,4.956240951160159,36.05323817048711,2240.5355552985457,0,1,0.5230596647631232
99.56384520660383,5.2089794460943395,32.80786640612298,1698.107598322074,0,1,0.8336164425869822
85.22696753110615,6.666366717101649,33.650384563362266,1951.5658600490399,0,1,0.5468016212956603
106.78351471305945,2.7487969771067378,45.98066858545553,1978.9657567765908,0,0,0.4599284934567005
85.79495252811692,4.515386385984463,36.93373092674964,2367.9169831765757,0,0,0.24756866928885507
90.2592561067211,7.003355683305134,38.30545727162083,2062.2882194047725,0,1,0.6142843674894652
84.62011523194931,6.462800812527149,47.25170129379531,2523.8232554882584,0,0,0.15789660725318339
91.78616668736208,5.553895666474857,34.38924719256793,1595.694560015755,0,1,0.6166265925060508
76.06222645891779,2.7412513920040693,36.365025871414716,2038.975671323384,0,0,0.037649668913797486
85.63166560946622,4.925134650438257,36.156165857196534,2053.819411754134,0,0,0.29559621903652994
81.26303039721147,4.1151269056251,48.0903424058302,2186.0279592760603,0,0,0.03374946433814603
91.08270678313832,5.4965583542258205,49.96691750291207,1755.9920190653327,0,0,0.16652369545535745
97.95557900407125,3.7859799728076795,43.757816127010855,2505.333901823251,0,0,0.3541318914088726
95.16804949691641,3.4614149075380887,43.9169236207712,2003.8891824415277,0,0,0.2324759247367965
71.02672511312886,1.9027020834745376,37.098224985736344,1673.8797461195245,0,0,0.01155093783614909
106.33655722342304,6.832707027465052,49.736642434521414,1995.1925028759144,1,1,0.7657795845581065
92.36223952496695,4.400344232835414,41.33848127179331,1906.0515431359659,0,0,0.3027053868107123
83.788006876056,5.235718675553802,44.2655513222487,2834.9705426741984,0,0,0.1237937744184088
91.25702335192753,4.9966428252887285,39.47237530614523,2314.983079857504,0,0,0.38923131331091904
91.40951858002154,3.398849100559251,38.65983706336195,2014.8984067124652,0,0,0.2529539115608266
84.6652102643875,3.1114026328277102,48.31521129798059,1966.4249944402386,0,0,0.03278988863493822
91.58333333873661,3.4920273110041467,42.698618398691536,2285.3170587444397,0,0,0.1811393183025393
85.14022169903754,3.9152473417559106,47.25687730535191,2299.6586480984643,0,0,0.05781257844190514
86.76510405847982,5.549909370520707,41.27664085872522,1126.5350242038053,0,0,0.24372374898729043
84.50976691395933,3.806423504719083,35.75816731788455,2192.89794642,0,0,0.18525462321608516
78.53862968208279,7.619735947391932,37.08328533560756,2008.389963193588,0,0,0.32316090424022254
91.16669176172307,6.540726553839726,40.51482621232305,1606.6568534639073,0,1,0.5171921569067014
94.68239549213071,6.212539324498563,36.867498919783365,2264.064241887253,0,1,0.7140847138813093
94.11906876861097,4.820511646290274,34.462692956861545,2673.8564040674796,0,1,0.6287669574554654
96.55940202108188,7.2714211035807255,46.007085158935126,2167.038784048334,0,1,0.6230627368078862
92.59472168011895,4.6729915533183135,37.27564964588244,2330.1285326770594,0,0,0.46667653072658144
85.73819601426477,4.9531078787686305,40.690963738956604,2541.235727589321,0,0,0.20073241927310234
96.71731091544952,5.254961809623904,41.480667949428025,1750.9213547839845,0,1,0.5350082195767002
79.13985968126453,6.052734560815016,37.05923437339715,1442.728566449925,0,0,0.19586156372693478
82.79462893990016,5.955362118504478,47.253997331543694,2197.0598189928505,0,0,0.10106033983640754
82.28639942861405,4.287312082333095,34.414291193976936,1925.7165390675648,0,0,0.19490116103435573
98.64044847311447,4.200509420861069,41.308126317903856,1587.747964288537,0,0,0.483561293440065
97.54230811312061,5.9598544357281265,41.230588531882916,1976.5490191592621,0,1,0.6518946055100885
93.89844189635996,6.072854875836849,39.72872698567926,2218.264212137186,0,1,0.5929136905496021
98.57543892169437,4.409973312765691,33.51543693364009,1955.308500570692,0,1,0.737443622884432
82.9657377407041,2.6192178954823193,44.35408775931732,1763.9517107794888,0,0,0.033531804677371504
92.78876095888785,4.689025855987633,43.71755335167298,1932.9478819110468,0,0,0.28068941521232016
88.99860457293468,5.935288698238788,36.62215735704392,1994.1570604095964,0,1,0.5013077873465953
96.77505683107931,7.7081252696296705,43.53743603602681,1421.1553212121753,1,1,0.730345080841865
89.07820613958242,3.203063056489007,41.87453843150388,1957.167514048792,0,0,0.12897172067946813
86.92045689271936,4.36014312075414,33.59693927319446,1596.6978583565324,0,0,0.34180115712300585
94.32726814848792,4.415894657711935,35.73035542714321,2197.707785606329,0,1,0.5441569019504834
97.00935333752986,7.033708009147252,45.6914072244479,1531.6872273239665,0,1,0.6113891189610813
84.65323844122558,4.947587749312051,41.547080925710254,2303.8076613652806,0,0,0.15970854584101862
89.511394629181,3.6390101609416017,37.17848527094687,1877.2504792358175,0,0,0.25739242606194923
81.53247493086678,5.838042924382728,35.70762054413679,1837.1072879683963,0,0,0.2731007335463629
70.01551186005648,4.393042219938581,37.42303100942289,2088.3363791905917,0,0,0.030579550695870428
91.60367705130983,3.1634190899630683,37.777602350611474,1740.1896664329824,0,0,0.2551973497567682
94.87124285003705,3.660840039085774,35.770184836853744,2083.623726239019,0,0,0.4731511171659637
92.0965344726938,7.601062931633929,31.29117943808349,1780.3673675934888,0,1,0.8660736999931455
74.40350625796506,5.576313832474193,45.70006643200393,1832.979646302569,0,0,0.03350553176607068
87.1932045593882,5.161640083178814,44.853168363057215,2121.606250798741,0,0,0.16285791853254078
72.25321791959135,4.625159396281931,33.6337227409657,1658.4257798796853,0,0,0.070067424475576
100.95760886123348,5.438223263178198,40.68155647781834,1620.6988094712929,0,1,0.7130684435071849
81.31156334305531,5.420353919003741,35.488808986426164,2074.4676522231025,0,0,0.2389079708184816
100.04322887567918,5.4382532423109895,38.69216388386732,1991.9300442531846,0,1,0.7425392607234705
97.56695714947317,5.172267635416629,38.27616710063172,2050.607823442818,0,1,0.6562864737362597
82.7952771797115,6.303197507458324,37.860828921410636,2098.291771016426,0,0,0.3009333216009531
80.93772038985804,5.034656519001096,50.01473542038143,2017.2126661420943,0,0,0.03801075049406626
92.8029617310907,3.533091746671042,37.79837157661905,2182.427787190121,0,0,0.3305294438195309
83.24540770253543,4.081365663648698,35.958680874665376,2029.2308860935975,0,0,0.17254154568256536
90.81987713726566,2.0314719597654314,36.18709285251476,1397.808830097409,0,0,0.1788527579667912
86.13737927354465,8.040225674063588,45.21888478200878,1475.6346216014433,0,0,0.36633164779282207
75.75073268427494,6.29413188792903,31.739488341535328,2578.3847540726247,0,0,0.26395724051882563
72.15625584700433,3.7548942573061446,36.186885417822396,2000.021560117659,0,0,0.03555583863360632
91.81347398795678,4.57723272590435,47.23411420055767,2285.072495515129,0,0,0.17502827782964367
85.507538029355,4.04468528869035,41.21993093998823,1896.2888283118773,0,0,0.12531752538785543
85.57528146468694,7.313820817061176,40.95961002518057,1982.595471681821,0,0,0.4041573974087792
95.56691071275029,2.8701842535936066,50.66073230071851,1863.990603718747,0,0,0.09329622562891725
99.38753821305956,5.171714088228169,41.23173976474249,2739.7781994384095,0,1,0.6395803483717193
87.81964222910553,4.837208236152728,36.45906919320209,2075.9727267092426,0,0,0.3453327168369325
87.2752103447211,6.240257946063672,38.589614715618254,1839.5426283481406,0,0,0.41222828793797656
94.00114426491108,4.8439861584129575,34.32283845484716,1504.5380859709428,0,1,0.6130716126139251
79.1445154424034,2.3626866850168473,46.27968520007848,2592.1200328207556,0,0,0.014745520898325154
91.78522443798158,4.623323248036339,42.87280858768358,1951.016484431509,0,0,0.26823672843876256
94.41508777457723,3.5417566730850125,45.622070749854444,2223.2687358684793,0,0,0.18789388074844796
95.44184166734104,5.119369319834841,46.06491964274685,2256.7991870919636,0,0,0.34370018659371854
74.50597837998028,7.15126555478049,37.928946095362335,1861.1508429708888,0,0,0.16296741198498105
83.90915784152847,2.3908621336515825,35.27623573995555,2201.735832615847,0,0,0.10377656249613743
82.97389397741227,3.7996658969001444,39.741434443459774,1818.7585139745147,0,0,0.09722181745127943
90.7990956352737,4.1709605693247545,35.636194646057305,1702.8720913881752,0,0,0.3891734502375641
93.84595663814387,4.427553356880183,40.82478437704513,2349.3394077536636,0,0,0.3729756355135645
101.97368325956785,6.110188496157866,45.660484404173445,1952.5431860533402,0,1,0.6801191288425108
86.04027615705542,4.739683373657919,39.159301769754165,2155.5538500807966,0,0,0.21927142971664806
86.01942001352629,5.623704088580668,40.749975449538695,2123.2762981645315,0,0,0.2556060126671597
99.19737615102997,4.061340434402336,39.53077191888317,2191.3795880165867,0,1,0.5531963172894065
92.37261550824245,5.3448865181269065,44.01363786218849,1533.0389197395125,0,0,0.31834196207757415
100.1412120895038,6.166696446316572,36.66108802855855,1824.412840605089,0,1,0.8394878447469754
92.3098240240787,3.9015506753943674,29.017768691784504,1902.6574527510725,0,1,0.6195301906687541
80.74306705029383,6.172037179709772,42.3543442968769,1750.556398129553,0,0,0.1439861727038939
79.33497316177755,5.078559153091352,44.93917210653997,2128.7020544049165,0,0,0.05812852127257717
77.58790200752857,6.568190360723379,42.23187122379268,2356.0679232787693,0,0,0.12076979604545135
95.29641467806779,4.697870149884539,36.79884752265993,2403.555396603889,0,1,0.5796273398680419
99.50877458469607,5.571866982743148,34.32493950906966,1898.238570437035,0,1,0.8309629228596372
104.79489713109105,4.939090652482205,42.472487658901606,2087.589758737372,1,1,0.7353439907961807
96.74484265858592,4.8556816069391315,40.70739476467337,2133.6930513470297,0,1,0.5209233386712399
99.30270862027989,5.388395642338534,39.371036861708355,2186.376828261059,0,1,0.7026173934336245
85.35986933877052,5.805211203837356,49.112316714968955,1736.559478078207,0,0,0.10321391826787377
80.74867346604914,3.1256526321139924,35.26599952909334,2546.17408047949,0,0,0.0966510921235808
96.80063465934043,7.1504504132268165,48.87518510563733,2277.956055303933,0,1,0.5312137770882216
93.3414460179152,2.2105054391753023,40.1589195243532,2285.794803107732,0,0,0.17773122502942557
90.85955499472713,3.972781835391656,30.822147615645626,2361.038017070119,0,1,0.5299533834670048
93.09897184506391,4.858596393852649,39.103986728404294,2160.2407826797953,0,0,0.4451573758006294
92.58548385966564,5.618533953628922,44.79748038299721,1691.8059730847083,0,0,0.33313657773574046
100.27053487882849,7.364258791612068,38.17472483597515,1958.308180533468,0,1,0.8851215951590159
100.35988467853565,2.212562767662339,32.626107293808026,1504.6839814814252,0,1,0.587081798841745
94.35376281872277,4.238458807415434,39.17742734101915,2124.5217529097254,0,0,0.4152751465134836
96.76642298050342,1.809749768301102,35.71413813054147,1949.235902550336,0,0,0.3323902565054947
94.1125004193982,5.047432960865372,42.459072005439815,1987.8432849419205,0,0,0.3946776323013101
86.31064214372304,5.407525376750046,43.866999080338054,2361.2003390256955,0,0,0.18148412567938768
96.05251739930512,7.386193613256879,34.71864796125947,1862.9017884330622,0,1,0.869080760371425
78.8440394491259,5.180952141340181,36.47097972442175,1924.363052368377,0,0,0.1482187430940866
98.43113241836707,6.566037694163569,43.78321232553469,2006.591988788965,0,1,0.6704071896463236
80.44381648187172,5.8757556223085885,35.705778608505206,1448.0023251759103,0,0,0.24235089130822715
92.28642629435787,4.347127704492247,34.58920932086002,1920.180903271399,0,0,0.49640725336978736
83.23876833259072,2.886558879811941,34.106544341018726,1254.2615263141452,0,0,0.12597516363485528
94.42711186459542,5.412503447437716,41.7601930647906,1824.3435314312783,0,0,0.46555972434916526
89.72859819257673,2.761846974281954,41.54578859758732,2256.556716017848,0,0,0.1233952967560799
77.24195233469334,6.942810609004466,36.57976984810479,2134.1799674753206,0,0,0.23858335788669965
93.36559704814783,4.756906846944764,40.02542698064117,1821.5539068637772,0,0,0.4087237393295417
85.37663378533831,6.792766117267124,47.635661920775654,2012.2394654671436,0,0,0.18256132447692647
97.04917376650695,4.279678348801401,35.12969921540889,1677.5031298608783,0,1,0.6309112093257209
90.01060550987526,5.403276179601487,30.241286954947753,1999.296979055144,1,1,0.6703144967270043
93.1633678831043,5.314023286002033,42.27537787860185,2879.096085647753,0,0,0.4123214906628009
82.3394483598783,4.932433822983614,39.44799418049206,2553.7403961115797,0,0,0.15334727649341973
85.28534214858111,4.351010729905112,36.449874565924496,2015.7866390051784,0,0,0.2277371121770765
86.33089091119132,5.5886840277057805,43.26040118677454,2048.0432494746124,0,0,0.20354138483160097
96.85361984194044,3.610755104775188,44.19612572334395,1706.1304056096346,0,0,0.2798668976601574
103.41901670244391,3.1858470065614117,28.958609900599537,1759.4632676146848,1,1,0.8468091617045228
83.558625986057,6.864240339990241,36.737010453342556,2108.6552966314084,0,0,0.41713108531197807
98.61478515726144,6.090751983338151,51.587581155984275,1842.5322303090545,0,0,0.38174170897152904
72.64258065819439,5.09883741290336,42.917024578990954,2271.2448784554745,0,0,0.030869734633808526
80.44648479126168,7.497713573815672,43.38051819148575,2470.9057042933273,0,0,0.215090375885973
82.3297723505058,4.598351721912733,45.864471393157395,2099.7862354343115,0,0,0.06258528751857198
79.17993048447423,6.984054829983469,40.08534412599863,2030.521161751978,0,0,0.21065163877415935
77.33129288169935,5.263361127388733,43.9834208004581,1495.7661125268046,0,0,0.05205459938174883
93.30399129710239,3.462873874885415,43.590310219186016,2224.283073581615,0,0,0.19808193617601755
88.28745841817711,7.7720602876562745,42.695207483763795,1656.8986095382825,0,0,0.49021549742876513
93.03524318084088,6.486066269936128,38.38994014691298,1874.5972614099742,1,1,0.6438255007109759
95.5237814889721,4.818468453485654,40.86029461183129,2287.8727677155402,0,0,0.47172677185144557
92.12493594538027,6.090756889300923,37.05819217846611,2308.9274492927098,0,1,0.6178106769284396
95.26210540920299,4.39444484900314,40.06407152283248,1860.0477417949648,0,0,0.4321076255519055
89.44374171006184,6.243723552589313,34.157545539503666,1877.3253395240042,0,1,0.6256814832211126
80.50405289355405,1.4133821520740608,36.04688004363524,1790.2043380229984,0,0,0.038863592654513786
98.46251344656636,3.4702979994581096,38.588439790375354,1640.6438764022269,0,0,0.48015970577008155
85.28710293775099,6.468889616430444,35.28147284284962,1809.5613553687274,0,0,0.4723170007255965
82.51522960990059,4.625516692671621,37.47491364627412,1516.0609943255934,0,0,0.16171082058079853
88.57665699356481,5.3113134423331125,39.18037011622242,2204.9187744524793,0,0,0.34277077722684074
82.6975126456279,2.9798215068268483,42.01131172332189,2118.3570815485627,0,0,0.05155808913239677
86.66055694408455,7.771800493553155,44.74628650926455,2168.158785461154,0,0,0.37940732811911887
92.75243137250773,6.785794465576515,37.68107814310946,1713.678784827457,0,1,0.683404287508561
92.78673391396902,4.6989721724370055,46.67552308634312,1641.4788309454832,0,0,0.20903450580117508
82.81735946859496,4.392956214705011,44.693055393127466,2016.0542822940681,0,0,0.06975832826210127
86.09835701641005,6.54440654212954,42.52046915971971,2019.2307694850676,0,0,0.29636384218202
98.59466403816195,7.973705675253392,40.768245646483095,1955.8190517461164,0,1,0.853187924120492
93.97120094187153,6.43064038371703,41.59560420934271,1913.1550192436453,0,1,0.5730391319148163
106.60052031478833,8.257704001094904,45.93525575333191,2513.232733308316,1,1,0.916391140846045
99.44102538993222,3.616473006407123,46.11789829879637,2127.8075035378934,0,0,0.31102050992667185
99.15434454847951,3.770919754251814,46.674733641918216,2591.203517439947,0,0,0.30926258289270936
78.89705159635358,3.2165883229199768,40.20663415938502,2380.68950762949,0,0,0.043579122758622725
96.11088281306738,5.662640974474219,42.77483582499306,2510.9812778052033,0,1,0.5326187665808324
89.57514558642471,5.2634053247065555,46.71773253311026,1677.6611700931994,0,0,0.17904158425118105
85.592145571694,4.772073314792022,36.881419825418035,2177.951297299409,0,0,0.26349810981836264
91.34412272426023,6.213887942184948,38.40791573140848,1870.470353301988,0,1,0.5566121564922634
97.56169227689188,6.848492907821996,40.080183315067394,1500.9839865921401,0,1,0.7600985246708727
94.00665272803369,2.711506386069737,44.49799368989703,2448.800950866658,0,0,0.14854412200592104
82.97220958926351,4.104541958148327,44.57586075359311,1911.8922422883113,0,0,0.06333788039755509
95.93967130874097,6.23021539118459,38.84567944401032,1683.4695109199947,0,1,0.6920860704795512
84.89929966339228,4.298391974212127,32.45695272810145,1875.6308410253919,0,0,0.3092899995778586
91.7334649517143,3.802690885462769,41.230919721479836,1761.1327631678541,0,0,0.2325461857401256
87.57319946018292,6.527806141475592,35.408419313357996,1791.8906097149998,0,1,0.5545036534205321
88.24906998611499,3.06574989541403,32.55031897679889,1933.5189829452052,0,0,0.28683919790173246
96.12994380032407,4.547630288313343,33.68064219633142,2519.244557913423,0,1,0.6837541891722345
81.67845024147282,5.492966038707213,41.6319050392278,1800.1048350366123,0,0,0.1335550547883986
105.56156059421546,4.139270129134822,46.80518680466403,2497.781199265757,0,1,0.5596605965457461
75.43131144564403,6.174733484019763,40.194472581181216,2254.6510387938565,0,0,0.09822037768168008
85.21865853396115,4.146684537203947,41.05690327322982,2118.881469075826,0,0,0.13001785788253378
92.96169511953393,7.112929240168879,45.914474694389625,2224.4360096755627,0,0,0.4854483741281015
94.67451333148247,4.811380553756341,32.27772545458223,2004.0966991512373,0,1,0.6967565650187809
89.19619423542636,6.006905205058031,42.60088210800136,2385.815031159028,0,0,0.33973268639504145
89.54087437598766,6.119035929474224,39.942051078405896,2170.0940789801302,0,0,0.4396508911550121
93.28440068262093,4.058689995883891,42.830287294160335,1500.6002044923462,0,0,0.2536957442804964
88.15144418033856,1.9197701770161668,37.58258045798092,2088.8755795669895,0,0,0.11114950086218112
101.14545006347925,5.541133631995752,35.91031354786759,2235.1919428977844,0,1,0.8360739178252077
96.71479291385282,5.1084325206873045,40.702544521428024,1913.299634419635,0,1,0.5453248887915892
96.98259480804508,5.833739041362691,48.24595661667231,2037.8767618141799,0,0,0.4030292551915648
82.27074621303666,4.660208791425743,44.304550522707316,1816.1426015976779,0,0,0.07529928135924406
89.36489260475437,4.354358451798927,37.461536149099544,1586.712303180932,0,0,0.3087921650123345
87.59627241023438,8.01270951647255,33.2951398200936,1534.886938720628,0,1,0.7607177090361317
81.95518899448427,2.7914689077338335,31.589663581511072,1538.879603879341,0,0,0.1391096975143921
92.88131347156613,6.100925717546358,46.58049725925241,2200.71342274116,0,0,0.34938297718748823
85.69883393776146,4.138097212724913,35.224588559320864,1252.9154874871015,0,0,0.23909044495990286
95.24323063880189,4.496332073389367,38.372432935025316,1800.0560219109557,0,0,0.4952827634292007
81.43846749684535,4.524345751139052,46.606055630387885,1770.3040144263866,0,0,0.04827142894303497
103.75232490273457,3.7948485887431143,31.93049272260504,1915.3521392037605,1,1,0.8417658028438523
82.8293387312635,5.856836315354359,47.461322547375296,1443.0705350191392,0,0,0.09087127289449044
91.75441869760348,7.085965393924936,38.731797730537494,2121.1664284221856,0,1,0.6598463764437718
96.33487448310454,5.705020491869992,34.25708342380631,1618.0515817520304,0,1,0.7684389894751383
85.4348765583991,5.155072994318143,38.76324536425543,2339.7216622127808,0,0,0.24961730360345896
96.81974914746361,3.52033925135113,36.38701609299261,1813.4702937233503,0,1,0.5010243685878827
80.16653121759667,5.775237898736677,42.20409899452858,1971.316092976424,0,0,0.11792585650410076
101.61694159346048,8.234524447593948,36.75933783056111,2001.132156966562,0,1,0.943391114675175
90.11319411972606,4.428958064307361,30.441788945404785,2073.2723158581716,0,1,0.5632940183039791
85.22870873624896,4.4360246309722005,38.89718732795505,2011.1043132488426,0,0,0.18243306319621969
87.60654582058052,4.158366303528504,33.217274738567305,1871.8668353802104,0,0,0.3576210298133987
96.47135415514175,4.2658786482583695,41.0215994199416,2102.914559208213,0,0,0.4333551354952059
85.32435766519649,0.8820506694914236,34.06434833858338,2139.844139148486,0,0,0.0755726790996011
84.00513848461777,5.607553078783569,37.55993598413957,1770.4595998671139,0,0,0.27325544277651187
88.2277072193301,3.7316717354680793,40.91293902107168,2127.910345692067,0,0,0.16080455755007517
80.58430309784026,2.5846053218122997,38.93770637482865,2357.516090720509,0,0,0.048118639198127
104.56435126353452,6.129784924598823,41.25215141500522,2211.768258831366,0,1,0.8456926189992021
85.4688432702822,3.3769733224370957,43.40143582858878,2279.712572494156,0,0,0.07540742089410907
96.65293428944322,4.491996419174363,34.21033150134347,2051.5762546722335,0,1,0.6726257419557697
91.67576066918218,7.19966358678287,39.67801229687646,1719.1548661775362,0,1,0.6357998880927301
82.12372759614425,2.88617630296323,23.352481012459354,1757.1066620889064,0,0,0.3322100492884647
89.95236232629817,2.701102648103357,41.23666650841262,2095.9663903563237,0,0,0.12685730512695378
96.27202223448599,5.403959284343507,38.49592934812579,2282.829117545693,0,1,0.6365021850865883
88.49390931930955,6.724231046015553,35.082751182610146,2835.773574198217,0,1,0.6340673826859612
99.54490356680822,2.6384874234020557,41.57859711148262,2294.546583331581,0,0,0.3439442711363311
98.17212314225492,5.611534605255765,45.86348788592534,1648.8692727507494,1,0,0.4866335448382746
97.35131883726663,5.871499309942538,37.61991126200528,1769.8182282920052,0,1,0.7316533566263205
86.32274582181603,1.9112592744615196,35.2759275487914,2683.5551947868,0,0,0.1184871976139633
81.3612604177481,6.1977520068608305,40.82512631219356,1935.6833204069665,0,0,0.18569711366463962
85.09129915709764,6.31490881976327,33.3219666667682,2014.2543904283866,0,1,0.5131448727675231
91.56992752533377,4.5323216401159625,36.698093147322304,1711.8749238772314,0,0,0.42306385787307477
94.36629370825884,6.8785195434470126,46.11201080825251,2469.5310216722733,0,1,0.5054380604384536
72.62742876191642,6.704683361487268,40.310896149061435,2150.099962196188,0,0,0.08417137475134144
89.93509438710599,5.154676888575807,30.60266518026917,1767.6195956344066,1,1,0.627881775647758
91.26471380258548,4.3228319145126,31.015041763602994,1701.8524133428186,0,1,0.5668908691959234
87.7796459494756,3.5407581611255643,40.810428463233876,2092.1611837693617,0,0,0.142784241041972
100.33019071212703,4.943654735950713,44.31195287958844,2013.2618524641357,0,1,0.5403009551528432
93.37424059400696,5.854638379556269,31.91189270686925,2249.6330651663384,0,1,0.7673860521458925
100.48153526464718,4.5137347084390385,42.24856303748254,2164.0905419381597,0,1,0.5636314156711828
88.27231583719814,1.7037484921069552,46.65171753744859,1920.6558953694132,0,0,0.03486097090583001
97.4998199400554,6.903070841864856,49.43929493979319,1836.8595213615902,0,1,0.5019347941521916
103.08053115622016,5.28533483276734,41.65611379929938,1952.0173555103497,1,1,0.7380450009402764
100.4935475941813,4.430563254984749,42.53401297276237,1834.7957460029713,0,1,0.5401554470833672
81.26286725257013,6.285737582634932,29.334077861859278,1960.9413401585714,1,1,0.5011733447293898
87.97059137966096,7.286957894724134,50.498762739979945,2004.9322785858144,0,0,0.21903344809891842
87.23868235640163,0.7971326457681629,37.12254893451939,1730.620731985983,0,0,0.06356508066737618
93.91403628061062,5.651395474883107,35.33264420787479,2189.203958629364,0,1,0.6766525568846793
95.49082844011626,2.860026183784479,38.723969327801875,1888.8716856590988,0,0,0.3149997899325726
83.28885860779411,5.748665760198412,47.558367070927154,1747.434694914397,0,0,0.09275925412300966
90.5427081113355,5.1918908035618685,51.040230237717736,1894.5177715154396,0,0,0.12423218305667985
73.84058134275091,5.953589789660825,40.627043397379225,2072.6774469860857,0,0,0.06858559631589015
101.53556004641511,4.251128578258017,44.99042086301827,2024.911459943991,0,0,0.48149490833883696
85.90100607458645,2.190139832271272,40.21602024342752,2126.6354344713386,0,0,0.06913385834472578
90.44691151875598,4.324447713114997,34.81102263490908,2269.5038375226586,0,0,0.42880202244554755
87.5228022880955,5.610271452709675,47.383718353941454,2391.48206120241,0,0,0.1562531257250068
99.16822060010732,6.523088493012835,36.88936259821806,2085.645848806416,0,1,0.8417402416275553
67.29994846882097,3.2422530492912123,47.677653866859416,1679.1792838293509,0,0,0.0033611447553051825
89.86711726139272,6.540590640309526,46.49270664884542,1919.2667592409098,0,0,0.2997135096487181
89.15344994001842,4.028191565530218,43.07018131978604,1698.7044846850977,0,0,0.15603648731746497
86.37090889926654,5.5436748223917895,49.14487378127177,2509.0562221136843,0,0,0.10975781233951
103.80981236508507,4.235159070701551,51.16173016592869,2596.220264758149,0,0,0.37615885720438
82.90136432915384,5.273255941568152,39.12378318517844,2195.0933592489027,0,0,0.1890787980141706
96.17436941788529,6.337816451855412,35.956029407917846,2257.537652791709,1,1,0.7852790827633113
92.85002230964866,3.1594788840671963,30.67865081371764,2075.282957970998,0,1,0.5056356864897589
100.09215402028413,3.9801411548797527,51.22341127715128,2109.8167746382373,0,0,0.23432019805219784
84.66248732177996,5.27744388101313,37.80158995540775,1520.7637345012631,0,0,0.25242339309065465
84.13624880700993,8.602375491545528,45.6751842855087,1977.820290422927,0,0,0.3559849850950173
98.76855925981918,3.7052154317497576,36.29372316245259,1735.654081296122,0,1,0.5911003124053001
93.40257046664088,8.060200828995377,47.69132820456018,2084.4069612615112,1,1,0.5512421925274382
77.64050122658593,8.006634955512755,36.499412040922934,1982.1170463834396,0,0,0.3510338587633229
85.68555988429384,4.854033273947613,34.041404331913284,2584.0465887038345,0,0,0.35658261768645744
93.09106123078449,4.55277121070015,38.95746784523125,2274.9883066168522,0,0,0.4167727169166234
96.70211377237271,3.961902202002962,37.341121495191814,2085.3535947564933,0,1,0.5221546671311623
84.56615477445636,4.897696204500996,42.98149892730606,1919.9180938581121,0,0,0.12977270832346838
66.68595208146448,2.889920851160663,39.74302536403738,2502.806437627979,0,0,0.00753484973101982
94.18578548589626,4.885641474019104,43.13851197275961,1991.013606162041,0,0,0.35944239806388906
80.2374344804482,7.2453204107762845,38.54489263457353,2099.502188490583,0,0,0.29879806110371765
73.86128961502071,4.083372406284924,36.67446314490597,2012.6748813280506,0,0,0.04873543426665216
67.34139260012688,4.6389135440164235,37.082197260519635,1878.7538282878031,0,0,0.02440773763554844
96.51184688158193,2.4482892885991374,50.22469399015513,2010.951866715656,0,0,0.0935375542133533
91.02893960323973,5.561093132196565,41.12585466113468,1411.4099447965052,0,0,0.3793219009870933
88.19474895430199,5.396722527427061,30.081188952734777,1535.6880796276437,1,1,0.6086397724594143
101.11219490370209,5.095553539648656,37.398954932729595,2104.8891625008882,1,1,0.772434934968701
95.09859746418458,4.674759424666785,40.48433016237938,2470.459907158246,0,0,0.4553563127117489
102.93040034177534,4.560863121841318,49.226998406251894,2104.466331243251,0,0,0.4336347157350545
78.85811622266402,5.752850350551008,45.1434935794495,1783.8893435310038,0,0,0.06976877023824407
89.72359500836829,4.956775097617065,35.391410817590426,1567.1438737797994,0,0,0.44589731563987167
77.06629300041588,5.472457807332998,52.09177876786225,2235.3581781426915,0,0,0.02147392277072412
88.16494134515627,5.322474226181822,39.84419817599261,1829.8414546954698,0,0,0.3073161514341101
88.01107316986658,6.685140930643643,46.231649055374724,2192.970625565768,0,0,0.270863060493151
95.01290909810457,6.0154911460625815,34.22495751300049,2116.9595474197154,0,1,0.7676877399351765
90.36451104913519,5.289292764725286,28.00918452374551,2143.490117676407,1,1,0.7308254717288356
94.98725710623933,7.27763304597827,32.9578425481582,2010.0805122060667,0,1,0.8728684841735032
95.62752106511115,5.630402793584842,23.748332619021472,2115.0933154908926,0,1,0.9190657919595396
107.23942941906513,6.957444033185628,50.560446636264544,1964.1636796230994,1,1,0.7793831917145954
87.47762675771101,5.910413912579957,41.07266459443208,1809.408039689539,0,0,0.3111470954551953
82.47181839466897,2.2371213816026856,35.37677990775984,1710.9502818451847,0,0,0.07772588713135437
91.96866892253126,6.957252144978995,42.2631201499006,1284.4973606087065,0,1,0.5324509944971306
83.58175978288365,5.202764362014004,40.94667018090083,1945.667131278647,0,0,0.16235402537664667
101.85568614749229,4.922067843648833,43.10466697806996,2455.813454885586,0,1,0.6335844455667816
87.73425568843814,5.422022521234366,46.047657005681344,2219.0240277612793,0,0,0.16994026470198076
85.47538905700807,4.482525257064399,38.55039423487492,2068.3127355427873,0,0,0.1984097670005017
86.22947423079106,5.340543290583418,35.60080346949506,1779.7985017132546,0,0,0.36785490555745665
95.74733938777312,4.112185900485361,44.138876071859585,2299.201767727723,0,0,0.3054155831383394
88.73802413414812,6.911408388101555,44.01166388942233,1964.2072064590925,1,0,0.37316040408024115
84.86666543895694,4.8296178295684244,40.50367904060673,2472.4802941367175,0,0,0.17631899151866404
103.32281534098824,4.426124235916349,50.887770943403865,1705.6738210115955,1,0,0.37489354811037034
83.150641274706,3.612611276421089,37.81088938569174,1775.0091416082032,0,0,0.11419851740188473
90.28452859226395,5.403163683722962,35.50071014182366,1745.8190167341115,0,1,0.5162767040796763
95.21844921288184,5.280660650187638,42.09045713753301,1555.364488869796,0,0,0.4630832848184224
76.94931911666342,5.58263692051626,36.625310715432505,1718.8865944424713,0,0,0.1344740555972292
93.8420840112474,3.4591221687423066,42.477582620724476,2030.9648779297752,0,0,0.23201864675333714
81.5591385961564,2.5982282017826406,35.8349587208028,1786.3396925448117,0,0,0.07671499902812776
96.58226224667202,5.9383869537598395,37.99878858534057,843.0874012278209,0,1,0.6933702109844998
82.29879190464818,7.226962792814762,49.45420210019583,2322.2819892260363,0,0,0.1257693994242957
95.54215225479088,3.460469566415156,37.9720632162616,1494.7718811957784,0,0,0.3954864427310682
98.8466645303577,7.384161925342548,36.00574227991352,2176.768485465991,0,1,0.8948296255263751
96.89149220506243,5.425866588104571,45.8533939435325,2009.3643769008695,0,0,0.42735104697536663
92.01053318590482,4.989405643173756,34.74479024856653,2635.2118449261025,0,1,0.567452994430635
88.1495924565624,4.403676955181333,36.53528384926466,2299.087244456786,0,0,0.3126238359406274
85.38864338932125,2.923222970862505,42.88280560254497,1848.6186213545077,0,0,0.06355669995714347
101.76827752653683,6.4815927738868995,44.69205711936646,1789.3809312934063,0,1,0.7326946554818522
84.40403823865886,3.836590457843595,46.10238195540537,2450.8183042397854,0,0,0.05874860889034335
81.70347141144003,3.8302899863935993,36.263890838897574,1557.2386708695765,0,0,0.12243659462552198
95.32295148026265,6.487889464830432,42.9800433649306,2057.2639807756123,0,1,0.5852182748282091
83.63090557450803,2.17552482999241,37.669459002279105,1960.6638610250984,0,0,0.06829013524994154
82.39949202027098,2.71460328399775,36.97172183244684,1897.0321793885973,0,0,0.07921441763045277
78.45116590264188,4.972798634737877,46.01606391146143,2106.054195334528,0,0,0.04329622863890268
86.13672128431585,5.439926643507278,37.25222802070207,2056.8679581526026,0,0,0.33203920836549355
89.33827980882805,5.7271019719533856,41.3910229801049,2137.220222837523,0,0,0.34588930478352564
91.9447338212856,4.547302259905621,40.777897346153196,2041.6926957089852,0,0,0.3219011381634319
97.61044995439586,8.795554502962535,34.64622811830749,2125.304421505174,1,1,0.9419779725789968
94.21518338932636,4.658161161851249,44.830464276781605,2028.0095578794785,0,0,0.2910750351873347
88.47302224357456,4.653820771845917,42.80140446839477,1802.1719338351056,0,0,0.1894012989393063
88.41443458896224,3.8045199967791836,30.068546940647895,2001.2003780709786,0,0,0.44312016067729726
94.08125975132147,5.185860224781607,41.38710555618672,1785.684032088794,0,0,0.438759949826318
100.18056130342856,5.922441848070162,36.13513282916689,1765.887018580745,1,1,0.8334102652278874
91.0105135958656,6.80536708180019,45.48537653206314,1899.1549991846744,0,0,0.3916151240673961
86.24695316631673,2.766073603339673,32.77300081609621,1964.1730517792473,0,0,0.20503471123804026
82.05707199131564,4.631006992466449,38.21761515685228,2010.5675919043433,0,0,0.14581131196539818
78.4383578847022,5.6700554162137164,41.81012275494233,2274.9136482089993,0,0,0.09689847308829579
95.33015737634818,5.880586301891803,40.271701470709374,1850.460775237747,0,1,0.5973020651377404
94.62382818911645,5.0098229867068085,43.81479128356986,2059.0555779424462,0,0,0.3681205922182787
94.6189082008533,5.813635954298153,32.40789006995355,2035.4083141831456,0,1,0.781024951093879
88.97072442918355,3.786554160611299,48.25957168433689,1817.4115137601805,0,0,0.07771716027955389
101.255477967134,7.3368581484775355,42.625723293941356,2022.1222358619634,0,1,0.8331268665238705
86.12705204332146,6.488942154469145,46.79859106500448,2300.8164245531943,0,0,0.1964314569662235
97.64215389765765,2.9826083194022415,44.37120084616621,2055.9518650650202,0,0,0.24547377895234498
89.69005684008366,3.3873454278248665,39.94194942772478,2067.9751787081923,0,0,0.18429938854618017
85.1331938825653,3.4296173748396406,33.579008945444194,1788.4015007171997,0,0,0.21098656422308723
94.74024245854208,6.016954956344793,37.18223409375649,2590.6576553614627,0,1,0.6932612691327082
93.27708894947195,3.0729083503737993,47.94781666431289,1805.4930889032496,0,0,0.10325883626208265
92.8557820741354,4.503463498687879,46.92718890828191,1499.6649618357567,0,0,0.189602419144403
90.65022737644959,5.682056594625162,36.90200009948155,2258.055236065423,0,1,0.5254631162599191
89.69685534626535,4.900751098180348,25.908478568989107,1965.5548881054722,1,1,0.7271587212255629
109.10697594296352,5.388331273569059,38.93655132847441,1909.0874537158775,0,1,0.9061706890830333
99.47405316156939,3.4012959329768626,38.561485559354416,1836.333865876542,0,1,0.5117228326138251
95.7826151598841,5.892281560095867,38.75113693979808,2561.5143872947515,0,1,0.6689075594932337
90.8943932656271,4.080182161286006,42.64269600915701,2106.377083581405,0,0,0.2076835848939896
98.05725760477335,4.513070488403088,44.38106289660831,2164.9253664935254,0,0,0.41255460268155447
94.14395821113162,5.356597591858979,44.95149773549762,2048.7846870746803,0,0,0.3561359130385321
90.20963802219228,5.154617332296272,42.22854570067683,2081.0148840335587,0,0,0.29134243647926733
87.57148539787268,5.03597002852339,30.99614649038682,2419.587383167824,1,1,0.5329116357450107
89.3526612986985,3.8740597670348667,38.29400133653352,1924.7436016316915,0,0,0.24760186430841258
64.63659411297556,4.550675883201212,51.52044891774595,1562.9187363437811,0,0,0.002583724654663516
91.68480671438114,5.003275386255554,41.87108367401239,2260.4163962683333,0,0,0.3329400643289853
86.09219135911712,2.937372150249373,41.839097842219324,2149.010483672718,0,0,0.08069927165812338
102.74135998626308,4.3062005505299314,41.79742969886929,2032.3939438655127,1,1,0.6282377747330419
90.15475256649404,5.581519818549269,42.076898112529946,2141.225972464336,0,0,0.3370286140387682
80.4882926437203,3.083845094231986,28.084439094570385,1888.7767339117477,0,0,0.19372644109406592
89.60095876697505,6.7348724773913595,38.80237841544466,2006.2077748562779,0,1,0.5455871288526211
81.63103131949997,6.904419893899764,39.81053584102655,1960.489923842027,1,0,0.27195740489902737
93.78725932569974,3.1322741360598716,46.407476996267064,1822.5535228787248,0,0,0.13392580173324778
92.32757891471589,7.036429449575209,40.23836447311148,2356.7518349315005,0,1,0.6330072177063771
97.66271704886614,4.7846276169317985,31.767443066990296,1576.32241177466,1,1,0.7813285541879331
83.67294566644348,5.627771838735582,42.15044578085876,2708.26465154389,0,0,0.17752288390630303
90.27206476982518,4.25502342180763,35.98087675878627,2263.208662761943,0,0,0.3794956373895774
79.07982563658692,6.384567240840143,33.91607179459291,1466.6073395892947,0,0,0.295588018650289
95.61195825539771,5.609141028273001,35.82920476641709,1932.750101152721,0,1,0.7060738747331167
94.15096944352098,3.778770115103595,42.71252114832258,1949.4362252289327,0,0,0.260832583986924
93.96644016822057,3.2521970000520675,46.29380619880034,2117.565988682634,0,0,0.14778204774016335
90.01295225085553,2.809546347186166,42.414649725887934,1703.186518778084,0,0,0.114445100585762
93.31818312631033,5.281912664649135,43.16011611808511,2009.6076030104653,0,0,0.3733141376011085
102.83471286646878,5.858707117669604,42.36522636419001,1963.664180563206,1,1,0.7643565839949867
87.71924594366389,5.976448518169162,40.50663588430234,1778.7144912279684,0,0,0.34052633250570713
91.10916146968067,4.8230283580889335,43.484653174813786,1736.9743305586303,0,0,0.25011762294617557
81.31098960654872,3.2645053165034543,27.906122664652898,2275.6413940107072,0,0,0.2352305720411941
83.05391230721334,3.9768878029643258,40.55544175652417,1491.025237987222,0,0,0.09443025207077017
90.78250634474647,6.7285229584428885,34.77537482688874,2143.3636808288156,1,1,0.703530142579602
98.83146837361525,4.273057153099878,45.8145128627207,2239.253092063437,0,0,0.37001790993526007
87.94975340598742,5.215126446022214,39.2642234739157,1934.432498498475,0,0,0.3075014401633074
88.112667765503,3.3865242746376687,40.15474044133915,2015.7118519174987,0,0,0.14944014573269265
86.744918043965,5.504874568188552,32.47464062873098,2349.0484999092146,0,1,0.5101018363575882
85.72194663324541,4.313473157481384,45.08415444506426,1788.5445467827828,0,0,0.09233186814088165
92.35977164567058,6.570069070663646,43.136640601369045,1819.5042713332627,0,0,0.48293637258882594
78.02193883857085,6.16033655931022,42.78473941170252,1851.3548956702075,0,0,0.09829188997889328
100.24751661333381,4.25644108013765,35.93488573915589,2349.5976797669846,1,1,0.7142689825305143
84.67662161496432,4.810003958978505,36.13180077530935,2387.688124065412,0,0,0.26318623508240974
95.77522788350512,4.173325639939057,41.11799727222952,1581.2329296609144,0,0,0.3880451209554822
79.840011220849,2.870850205182485,36.52750794875975,2301.872224193491,0,0,0.06564048434571328
95.35072104436975,3.713836355679175,42.17446481338669,2245.6724919041853,0,0,0.306681889225513
95.37555686251598,5.29732599158123,29.195436986166392,2466.0784431349484,0,1,0.8285170844372862
93.07361657604717,5.487889247344373,37.562277217967036,2115.532409637914,0,1,0.5642269262492967
82.04457182560166,5.2228218553889585,48.983767327132455,1986.721963916427,0,0,0.05410903002591177
91.99638551678461,4.547400419062046,42.19742913997882,2343.5650059714976,0,0,0.2896411005160943
80.5355505221249,6.399599908581478,40.83396832265496,2209.6711374505294,0,0,0.18491605132069172
87.97789395923051,5.095312856841406,49.92613267835678,2673.469524244618,0,0,0.1031373905479493
98.2353048076426,6.05488074214392,28.32023190599282,2287.6123534885483,1,1,0.9185742180431778
96.37361541656594,2.3393373016962222,35.92344442605946,2046.0643929271746,0,0,0.3709228388993149
90.12146354032346,-0.8836003774275136,37.99413414126305,1647.7686858871486,0,0,0.04003385233147444
82.20154739261727,5.4256820417571205,44.29175616502695,1825.7248468417645,0,0,0.10315566762310094
95.16470169739355,2.8628515194177657,44.37828181614118,1569.2135065915952,0,0,0.1738825548149205
90.1550499015842,4.681322445930416,35.66996645508687,1935.481389181741,0,0,0.4269500033683884
71.43747521415662,4.546854438463091,44.98977161071275,2277.8202779698536,0,0,0.015804765827369307
96.26103861053214,7.381100903623306,37.983426163391464,1998.8986734558453,1,1,0.8198913832100801
89.80613732904246,5.59999482941541,46.058198128245834,2306.5175806280217,0,0,0.22976996379334316
99.61960998386458,5.248788540198009,34.83678650938971,2101.272120031704,0,1,0.8034444283642854
81.23783584925756,6.25548673195051,39.3834420046692,1879.072313073797,0,0,0.21581694666856624
64.58636949443199,5.552746380258558,37.5491634231172,2026.2875465509892,0,0,0.024089106099778216
92.23267086676148,4.31348451051735,45.28015185782857,2141.6290073165287,0,0,0.2017091593490295
92.33250941345578,6.60721389538184,37.38609391716915,2041.7670195390847,0,1,0.6654846790857695
76.47462697914838,3.3353748081675887,39.78775735494122,2045.2052686555742,0,0,0.03414659940573449
82.17200363306715,5.4848707813003434,42.53405698831524,1769.284967723988,0,0,0.1277695392914892
112.04174194975921,2.6786453087955335,42.7262924151306,1870.1071204273353,1,1,0.7205654436868326
87.55511508676958,5.305915786273992,44.434763037365855,2677.538238846393,0,0,0.19315893820057603
95.84767181100973,5.289484462659394,41.05562388422334,2368.539947127063,1,1,0.5324238769301295
84.79472138105294,7.514682442871994,37.908755423600844,1557.8477309570853,0,0,0.4881894746232
73.27757680917475,2.652539159837331,38.251506273206246,1289.9093127480915,0,0,0.01869335759888746
88.63793402563276,4.098669236219282,40.12836157603806,2022.8577264346168,0,0,0.20858176182021126
87.87516351771116,6.234023639861215,41.247962380371916,2268.041868327797,0,0,0.3586282792295284
86.80097409065303,5.502975884595962,39.264141760757816,1844.017448773338,0,0,0.3002801701550794
89.08287331594886,5.270457577006255,40.09601710482774,2306.4976184593816,0,0,0.33003341941942
92.1141461731651,3.5657964455621913,32.41373069713947,2017.8963695021253,0,0,0.4708762646740229
88.79906438996954,4.113772477862856,43.33677642227339,1951.0816160819077,0,0,0.15252746776349488
79.88795065642108,6.867561512334885,40.90556144444715,2226.834552852554,0,0,0.2032289288025722
93.88947833249551,4.922736209369108,45.00935206770544,1840.4372621293194,0,0,0.29962736121357836
74.40502595742062,5.56303954421671,40.000802537035426,1913.988103458904,0,0,0.06654219946040119
73.5971403417264,4.827217506835281,31.308012107391068,2201.0501786391387,0,0,0.1220003548830078
95.91344395761254,3.225371727125352,38.20776905346663,1990.5812188801926,0,0,0.3829211746341851
94.05616217708285,6.400715639112494,39.000350384407916,2572.632882013321,0,1,0.6604343744292994
89.54083707940771,5.754848576798745,43.714516527167994,2208.1476238568057,0,0,0.2920718161792317
78.83641196195943,8.458455256050783,29.648632277433023,2188.6441484998286,1,1,0.6552159848984235
84.3367124746074,3.4766279305241823,40.205897584744676,1985.1486061804796,0,0,0.09671420564378531
87.89802601850796,6.233859381800721,42.56837607896653,2262.426403012882,0,0,0.32175829791071914
77.23284825140709,3.032684050944498,36.6925605735924,1903.217668159506,0,0,0.04771742472987125
84.08777073581413,5.236019851509616,40.373140049084235,2084.7133253598545,0,0,0.18652564851565084
95.21864270541344,6.464759883594747,36.864817454250776,1725.112085898632,0,1,0.7447162784575135
101.41844291431373,1.8917973258552694,36.35213533389805,2311.8324176691776,1,0,0.4837336638859426
86.64452197873159,4.692601288637588,37.957900749343416,2087.1814091785377,0,0,0.25738221171943126
96.0519068345288,4.155185398936069,36.446540037664946,2594.753919109363,0,1,0.5583091023943683
74.68751943530026,3.9470640525573173,43.41809155968166,2717.6895151009276,0,0,0.023552296228785696
95.27560992890889,5.577818978389031,36.32524061582311,2228.9958354299442,0,1,0.6839658280135293
83.56841268218015,6.6810285596338925,35.48544996476036,2020.5275933623711,0,0,0.43409848206776896
92.45876493366376,4.800081927156267,48.83964333419767,1716.1806463623293,0,0,0.1681316095902264
88.01798065408232,5.308229641340031,44.803700059120175,2271.424940977647,0,0,0.19188265997943618
100.56331207827067,5.171463129588871,30.692433196704,2063.0853691685684,1,1,0.8835346322329454
83.00451481328065,5.002705259534621,36.176158550737334,2161.4104517463384,0,0,0.23228627027321705
95.02085038049465,3.3659860434318407,41.21231485861355,2518.936216236873,0,0,0.29277106188116164
87.76394029362773,6.6626669025843395,41.61877533615747,1752.6730134009958,0,0,0.38202421314541996
88.73355617592269,5.442793052238254,32.54753567131553,1722.708749455599,0,1,0.5593770263881727
88.52916885472632,5.592322235003866,45.79282746411161,1929.072218488796,0,0,0.20042842887524884
83.2346151640471,3.7902355564616266,44.12612209590813,2246.360344925547,0,0,0.06165635680252583
89.88720827274663,4.311169403016139,42.409508160201696,2166.4601720643464,0,0,0.20753576602631127
89.49881422302543,4.735798703433833,46.7836424535606,1731.2934464912682,0,0,0.1441283214398846
91.92992198725383,2.6988129598267228,42.26144996285459,2226.965870210745,0,0,0.14500698119135058
90.6760411655429,2.467948512203483,42.242904396259235,1639.636154332021,0,0,0.1097480074381874
96.38395639689789,4.098878104042148,47.78839635911121,1748.6774976953427,0,0,0.22483900798018905
97.38806892837894,5.783781149663585,45.50609790363855,1965.362804843243,0,0,0.49568732033577734
81.59501342537759,4.020293915105089,35.79246270544235,1833.970626207434,0,0,0.13956967725840153
96.95018000472616,3.47179220361393,43.16597589335958,2266.9578465952804,0,0,0.3041702623163571
80.50930858312117,3.7779715201434945,36.67866067520709,2085.9135449003284,0,0,0.10177586437767931
94.70284710510188,4.316986365282031,42.52077275475139,2529.668353288178,0,0,0.3422984038989874
94.95791027762294,4.469211555769844,42.38306753509907,1925.8443903936757,0,0,0.3611339633713594
74.70946486669996,8.248282178309836,33.08266343772007,1963.339354687777,1,0,0.3817792874967622
90.74383397223528,6.581930942730978,39.390771943444825,2363.114782718529,0,1,0.5552279155944416
86.25203109311748,6.5371611684225925,41.32628511790201,1972.7237590628613,0,0,0.33214594750294474
83.929877936517,6.7528705464100724,37.818549045029215,2448.201574312264,0,0,0.3898405873613785
100.80681864559205,3.501768695998926,41.573549711953795,2162.2484631153475,0,0,0.4801013764963367
84.77056687490065,3.166453077519141,44.02948888500534,1294.1640590343923,0,0,0.05483701379527085
83.5489845670556,3.3396945626989147,39.84703467884622,2353.271124244839,0,0,0.08807322976820947
90.60555952004074,7.001759200006757,41.122997383541296,2273.8180439359426,1,1,0.5425699193381958
95.48471797038734,4.179212316676264,46.91712039277988,2285.3997818331636,0,0,0.23504052633427225
88.86681131191898,3.1229657266410698,42.36598291612613,1426.7064864364224,0,0,0.11160219982430065
99.33096436535402,4.353505699670281,41.004121448372366,1801.1030116186857,0,1,0.5384679484630447
94.24780529571272,4.642091702428059,35.2096031017932,1823.388549932969,0,1,0.577112585960562
72.57430944214856,5.402619910541843,43.35513005694425,1747.6635897318822,0,0,0.03208147826065879
85.76426429194393,5.376426531068065,41.65074974695969,2522.5767595681814,0,0,0.21320338082418933
85.50526320518641,3.7577291541897377,46.41869716850704,1996.4696486529099,0,0,0.06140804153866505
93.83488762743538,6.028484588770566,40.23439271651656,1989.0317172112489,0,1,0.5664179530178374
69.0014635490071,4.041209699374763,30.91866749933002,2165.6024930947337,0,0,0.0505979841827765
110.39207766974178,4.765585494942435,31.49939565585869,2170.7905003668147,1,1,0.9576893406130678
94.24820875915368,6.030161105755033,43.678403818798664,999.5321868122511,0,0,0.45594791358549713
91.19101443134153,4.037267894083488,37.149032011509235,1806.0927388551909,0,0,0.3447715078898864
99.45254173135316,4.145972864628294,42.183838755552486,1576.163426662617,0,0,0.47778571146227616
108.749232422501,5.887502074539697,40.57116322251178,2120.091827946446,1,1,0.9050858131908416
96.96597315670722,3.713400235092471,39.165801661530395,1913.332275699786,0,0,0.4423915869389536
97.59050477177296,4.422811964593894,39.518193572058884,2004.6162693503807,0,1,0.5360354938159888
91.04552019571506,5.833613267064338,35.67305247477387,1376.444075332843,0,1,0.5801268532311604
88.86779397306441,8.081138662153963,39.921111555501646,1907.0443325928507,0,1,0.6347027579628265
86.19363644796078,5.90810675714412,37.077532836028006,2334.5390755498447,0,0,0.3930647240706749
83.39110406628366,5.7089596444850175,38.13871739937147,2422.8348449306504,0,0,0.2598624733920994
84.50388720240402,5.796202375509094,38.381754776454194,2215.65902586221,0,0,0.28997594798686815
79.19555228525613,3.390214588899426,38.866533650506405,1599.3604119655643,0,0,0.054690718018062745
89.39302839451982,5.173395108019862,44.61086728253543,2377.8205408976373,0,0,0.21822867808314172
76.5226593821889,4.9553502674953975,39.35104585397653,2217.2006765000046,0,0,0.07431639953414095
91.52733219314969,5.482376810559134,45.11851168295049,1964.8432897806383,0,0,0.2835183718572793
89.70935513566127,5.1747620787138064,47.68927475663241,1392.489105647077,0,0,0.15615841101984598
91.1754823870935,5.569549516125669,44.27472325528075,2286.078485198755,0,0,0.3083797513815977
85.82294743984006,4.532799207651197,42.672342675342556,1822.3501010049863,0,0,0.13438378219951178
114.61488296144402,5.087913376057689,41.6341610474176,2103.8497463164344,0,1,0.9290082243304305
100.8809272014425,3.158257150914512,44.326793545250354,2020.5181581909987,0,0,0.35764570915947563
80.04365999932222,4.520139082995629,40.4468036929812,2461.5184953314833,0,0,0.08687422938572238
91.86294469941518,7.086250322264965,44.922849229785996,1962.3899042007474,0,0,0.470941093276581
85.13595085650141,5.4782125094423835,43.07052902644842,1995.4659229742156,0,0,0.1733739563365788
81.88416218634069,4.968618443925385,38.200797696098064,2473.584617143589,0,0,0.16754272162190764
79.27942343100852,7.84418491438152,44.47925440051403,1802.5333268749434,0,0,0.1850997041678366
93.45773352607404,2.958747532548381,40.45740002988784,2244.296855422333,0,0,0.2294771731239104
84.54895811944341,3.33581666683067,39.46933996193842,1940.4152831364609,0,0,0.10162817840962898
97.74260819220163,7.569067116914409,37.619004198005065,1699.2374113985213,0,1,0.8624119659608925
97.95025771624351,5.068941404073401,40.83009423937286,2000.3482960162619,0,1,0.5808250539053469
100.9913150816916,4.636125445565309,44.982313077064916,2207.5115340823963,0,1,0.5101359628722778
83.18090587140718,3.201193512356535,44.44470002796518,2406.1129519929536,0,0,0.04604106299812228
93.80292488553609,5.671544399592518,41.76696898729478,2442.408195603705,0,0,0.4837109495379062
95.05963373313841,5.816689804291194,42.99821820362518,1911.5707777323403,0,0,0.49648983363997595
86.20657459916828,3.3582584587476556,46.35848395761279,1703.825230390336,0,0,0.055993379575607086
83.825824340857,4.789586621674357,39.250168544145694,1904.3783301267563,0,0,0.17006894696467553
102.87616532620778,4.496726251950401,34.422899982348966,1645.5407740009532,0,1,0.8232735386439188
91.81996700585643,5.383965719628157,46.505649260892866,1934.7841401750484,0,0,0.24804207312609605
95.0877420056939,3.321124636669034,37.35110873984641,1897.5004149140725,0,0,0.3902179150927307
83.42339190537658,6.877921181769736,36.548309383280476,2218.2470612470297,0,0,0.42167141413127607
80.24572426782245,6.373735672396407,31.019011223327244,1338.2194460256865,0,0,0.412840645511049
85.44440180406312,4.455236661900775,42.85641526582148,1779.9176161740081,0,0,0.12157473746040892
89.00782890088003,4.675371932542443,31.892736877238892,1782.3445086674253,0,1,0.5025568490600936
81.48623994546121,4.7953667745835755,36.24870596154132,2356.1381757224076,0,0,0.1825019720174445
89.92124153079693,3.832537170490245,42.941183972575296,1665.846686779695,0,0,0.16021151678145365
76.491958495452,4.334855872647447,43.60960626204186,2067.997207894698,0,0,0.03352041636787011
81.03962062024102,4.5945944484880865,36.74147925890883,1961.5614756740656,0,0,0.14887787736473843
95.367289986215,7.419302556060693,39.32923336503797,2312.912758050915,1,1,0.7788497692772945
94.83032416222315,6.4199274624956555,35.63702736796923,2178.7495593531644,0,1,0.765231132519127
86.86498587690507,6.401982061004936,37.25801606094409,2036.373119546114,0,0,0.4611206890124099
81.85788552738438,5.554888419506586,41.331076300764536,1833.5999376235795,0,0,0.14480852408203834
81.78077158779192,3.324009486603148,37.49176660601771,1444.2972490670372,0,0,0.0866629185156609
87.01385403246948,4.937763343133931,38.778924799121654,2074.125696706222,0,0,0.26898866027641966
95.15614793316233,6.45573268942007,32.67646659191217,2159.146939558962,0,1,0.8343894404508418
97.4259655307546,3.112603055949068,45.664780824030686,1527.5397162576041,0,0,0.21542413716542003
86.02774611614424,5.954829810309897,42.550332965855326,1629.8917507014353,0,0,0.23572714465398498
80.77206059212173,8.48391383789415,43.96452685918601,2075.698992011503,0,0,0.29008221150516816
92.14274910293067,6.592724968984598,46.45212662308431,2101.742505862361,0,0,0.38016542962402355
83.4117202349932,7.1210437033429805,35.87393562227142,1702.8058069723822,0,0,0.46136608110604416
85.85397888911038,5.3275081256632415,38.208027584859884,1827.7805859295886,0,0,0.28358687506505786
100.6022087234963,6.4518979231474844,30.525828162088946,1449.0533484288721,1,1,0.9309664022003048
96.61692342852615,3.923220178468947,55.70211455051118,2413.17917114397,0,0,0.09595859781138542
91.26379449801162,6.19379571851184,39.25207342341312,1610.0376777894644,0,1,0.5206258212535327
79.82464799109822,5.981582201091145,45.19363949957456,2162.677817374565,0,0,0.08863135168158744
91.69117253976528,5.434866761056495,33.80919427832271,1989.511791153986,0,1,0.6241112254298101
98.50125832630022,6.974011129577748,44.981942128215046,2386.878085887428,0,1,0.6860528342803686
86.99493067387571,4.191822743228917,49.28795438324833,1762.323772167573,0,0,0.06313297476734865
100.80891271989373,4.719413725289506,39.69859625486009,2018.3758131021161,1,1,0.6702784853068802
100.34196231614565,5.143193062037445,34.94559251705199,1490.471927228795,0,1,0.8030508290098264
103.30986265714779,3.4555835433658992,39.30601799527232,1418.4419489180739,0,1,0.6192107930458879
92.44194501225083,5.340397915700372,28.86619237521387,2178.9000751596423,0,1,0.7697536334096959
94.6991335984481,2.4216043805692298,39.81056649489079,1464.4922482790894,0,0,0.22170545117538404
101.31349830664873,6.5704318016423136,44.104835696564976,1931.5347396696407,0,1,0.7445108482242127
93.5791514965518,5.069956049848948,39.82121177813243,2303.3886343918757,0,0,0.46584958177091135
85.9901271376783,4.2186606441443555,38.579302226555164,2224.005456828404,0,0,0.19169537057336844
86.4116573077771,3.7484395815573177,42.637840580560166,1800.6243536154218,0,0,0.10536818863783064
91.90843963018992,4.648131455571218,43.02012423474776,1523.449059077548,0,0,0.26457138205967373
79.67550862443025,6.032389566158621,31.700472187474087,2152.8484584966586,0,0,0.34961329897618926
88.85392867708646,5.821608468106341,40.444114811393945,2402.6770348580544,0,0,0.37199970885271777
98.77237694584203,3.9416930790823086,52.17992562114622,1801.328576400313,0,0,0.17824714771420286
72.46996919067774,3.7309404910585484,33.32491877175988,1759.006142477865,0,0,0.05109701942149408
102.27585681435612,5.985348059479471,39.57290583583467,1842.5294111393005,0,1,0.8178967928211388
98.97899374962527,3.916478893077456,49.70873061025851,2171.482613242135,0,0,0.23626152060507546
86.32188307335619,5.089864661119256,45.52087578271838,2368.555281924474,0,0,0.13470485539373434
94.34712662297447,5.185631963786416,37.43301659611969,1628.1179565858433,0,1,0.5697321722600355
90.02518181525062,5.4680931975901075,41.03067689811302,1550.515457202604,0,0,0.3420196704513801
99.83992294750946,6.287405645272807,39.989441600075885,2701.9988965797343,0,1,0.7867931237157992
97.86146514215953,3.105555594699016,36.259640978391666,1946.8031636329883,1,0,0.4959449068029067
78.79943421453592,2.1332610121092683,39.62873946253459,2075.8678387070927,0,0,0.02795219106209666
94.69809930771342,4.148829078157473,38.60016933596735,1792.4207478147082,0,0,0.42932067160273957
88.35497717085401,7.702292611748279,40.56374469038375,2146.9886928358146,0,1,0.5599402517279456
90.6626605641448,8.033261150131068,36.258084096544835,2288.018262410457,0,1,0.7808737296336744
84.17462479224147,7.7467657033488315,33.616908998776694,2089.938851471879,0,1,0.6345969111680275
103.98509655296668,4.7105279483589655,39.79359613303814,2522.2574231043304,0,1,0.7634350405235462
98.3204945592206,2.3268273770227568,48.5755910908939,1901.9766230176724,0,0,0.13322575562410138
84.08183068821626,1.4854413475222388,40.41101463131398,1921.1352580893872,0,0,0.03849914238084139
79.32311514471814,4.078942757675883,38.34203110534227,2069.421905383225,0,0,0.08192016958997697
86.91461895217722,4.70288955477596,43.77042902519249,2139.4884936518292,0,0,0.1481402127825334
93.47602116873044,6.950938101583938,39.208401937023105,2068.3841786187827,1,1,0.6851117711985737
91.92164675156978,6.301708189313668,49.34016462479555,1614.6754919134728,0,0,0.2587986432664622
100.02506259814595,5.341107618487431,39.98043745352461,2093.7545498586683,0,1,0.7017601604374851
96.31935777744681,3.6652328435882877,43.502485315790814,1887.7479245589689,0,0,0.2901322971903364
97.75655220602326,3.5588306626326647,36.22697808803363,1825.7068957776064,0,1,0.5433853763167614
92.6148432048835,5.381191530607153,42.51544626668331,2009.7446164259732,0,0,0.3801134200822264
78.88561015831208,6.04557646825959,41.37546738471877,1711.5431938012357,0,0,0.12137800775516588
88.4344117508248,5.5878218933683765,39.71746937670396,1659.3826028380306,0,0,0.343408040587866
98.48071791926932,3.448103060590018,37.4912111941514,1215.359311998845,0,1,0.5057909309322787
89.58781657180283,5.976001443188129,36.80984917173813,2524.1711985529673,0,1,0.5295524581323955
94.02472294898998,5.638866450652117,41.41176331989826,2166.7193957309005,0,0,0.4942983655884534
87.45001347803094,3.3940003907147327,43.14469554848237,1964.9707636081084,0,0,0.09884567838786401
81.76150521166524,3.8235185445496165,39.364186018529345,1799.8330289340056,0,0,0.08781319818058686
89.01324748763112,6.03274396184235,41.436339645603965,1137.1903153860749,0,0,0.35095937748351613
92.47237954426123,4.648238697281164,39.810426609336155,1781.4413371335547,0,0,0.37290444904731307
84.75449824430845,7.383720952454686,40.49263012452694,2214.759901149223,0,0,0.40226032538558115
88.11431004114665,5.751693914096864,38.99777508661388,2282.6522910781605,0,0,0.3812232197891217
82.48429406411213,4.270053217716097,40.08986289684154,2192.6875980809905,0,0,0.1091815737001569
98.95395934051277,4.984691599413601,53.49020228408713,2047.5175867257406,0,0,0.23659075911057842
87.64435393929573,5.095075088956578,41.558171494037126,2391.1622437794135,0,0,0.23694873035665914
101.62204436100947,3.907414530137435,43.22648479215521,1901.4388333734378,0,0,0.49864829214575573
102.22998280432726,3.63111770273356,42.190118026640484,2325.5566748403085,0,1,0.527979508735688
89.35163228222605,6.052084840714249,38.6859158835147,1884.625266883936,0,0,0.4600513442461987
81.9324101396212,6.267909945563144,46.46994606645834,1735.6576073366714,0,0,0.10969040856820009
73.3128169781333,5.905672204329438,38.544181147868294,1698.2861058732437,0,0,0.07826810394842096
78.22370341578566,7.272977141485702,45.27527274471276,1680.651073648114,0,0,0.11898552301531362
79.00932140081072,4.187340145982597,38.328965009667755,2197.7204086407455,0,0,0.08315785388981983
101.02775701969203,7.511406149106696,35.20013740427979,1777.1763286708765,1,1,0.9295570619143545
90.92659669781557,3.6486183221687707,41.826981041180964,1690.0913464895168,0,0,0.1887573630965293
93.1168361927359,3.4809716549472607,34.476658219489465,2214.120565898408,0,0,0.4345439946910554
72.23663192851899,2.360061676776125,42.67820112508305,2098.39111714167,0,0,0.00860298002394615
80.4162685662619,4.331307029259774,34.02920671954342,2288.7775948537405,0,0,0.169854675500447
97.0966382115703,4.24441649475582,38.40495984763573,2153.7798533818395,0,1,0.5359445219627871
92.29419289906069,5.788905920381976,32.841351517376296,1774.0665259408065,0,1,0.7031951473574576
88.82235777051523,5.365836412430676,54.12083504701364,2022.8307249405761,0,0,0.07622738113144387
94.51873886880098,3.2105399434712947,31.73020220191843,2037.539897230903,0,1,0.5359131446038385
103.08638244908651,4.410910642361274,40.04906870198202,1724.2524024577992,1,1,0.694605438526801
88.23166029170359,4.442806968368472,45.71652137165007,1668.6125077718023,0,0,0.12315600147022293
90.55495842126456,2.336026629557161,45.18192954293512,1795.7835172646887,0,0,0.07360844021661124
91.54077534985043,3.5285799094799457,44.25671061086569,2610.974707001624,0,0,0.15801884802153118
109.13687708219194,3.843779554078866,38.41385805889262,1876.1767717335354,1,1,0.8353541949136792
73.2051498846478,7.15043752973142,46.75544473168501,2369.860037416014,0,0,0.05207374351632854
95.46578411831047,5.2871760739360285,44.566955454010916,1859.4018471560607,0,0,0.40051596879224566
89.08158200992749,5.993253130921249,41.061498088302386,2266.6516458619976,0,0,0.3775423156986025
94.53417380947343,2.752046754276182,41.20290378863296,2270.747496667354,0,0,0.22295910211312628
84.7410195680422,6.791321724520987,38.480386761923135,2285.7771523856136,0,0,0.3985568352612248
89.6082797531324,6.951653094536139,35.45173987083481,2116.3482026026877,0,1,0.6715691179368496
95.69128463572396,2.002482549283061,46.185754877393585,2413.2099736343453,0,0,0.11373420189003242
114.90328160835072,3.9420249141262276,46.56103996800766,2113.5061908058183,0,1,0.8116649614052333
96.46428951521658,5.743648359523266,35.57945429485039,2514.058918802084,0,1,0.7555371089047207
83.21547521575593,5.9665826803072735,39.23107417426904,1514.02405904347,0,0,0.24013087689268262
